[06Aug2025 14:44:38.295] [main/INFO] [cpw.mods.modlauncher.Launcher/MODLAUNCHER]: ModLauncher running: args [--launchTarget, forgeserver, --fml.forgeVersion, 47.3.7, --fml.mcVersion, 1.20.1, --fml.forgeGroup, net.minecraftforge, --fml.mcpVersion, 20230612.114412, nogui]
[06Aug2025 14:44:38.298] [main/INFO] [cpw.mods.modlauncher.Launcher/MODLAUNCHER]: ModLauncher 10.0.9+10.0.9+main.dcd20f30 starting: java version 17.0.15 by Ubuntu; OS Linux arch amd64 version 6.8.0-1030-azure
[06Aug2025 14:44:38.326] [main/DEBUG] [cpw.mods.modlauncher.LaunchServiceHandler/MODLAUNCHER]: Found launch services [fmlclientdev,forgeclient,minecraft,forgegametestserverdev,fmlserveruserdev,fmlclient,fmldatauserdev,forgeserverdev,forgeserveruserdev,forgeclientdev,forgeclientuserdev,forgeserver,forgedatadev,fmlserver,fmlclientuserdev,fmlserverdev,forgedatauserdev,testharness,forgegametestserveruserdev]
[06Aug2025 14:44:38.337] [main/DEBUG] [cpw.mods.modlauncher.NameMappingServiceHandler/MODLAUNCHER]: Found naming services : [srgtomcp]
[06Aug2025 14:44:38.355] [main/DEBUG] [cpw.mods.modlauncher.LaunchPluginHandler/MODLAUNCHER]: Found launch plugins: [mixin,eventbus,slf4jfixer,object_holder_definalize,runtime_enum_extender,capability_token_subclass,accesstransformer,runtimedistcleaner]
[06Aug2025 14:44:38.367] [main/DEBUG] [cpw.mods.modlauncher.TransformationServicesHandler/MODLAUNCHER]: Discovering transformation services
[06Aug2025 14:44:38.371] [main/DEBUG] [net.minecraftforge.fml.loading.FMLPaths/CORE]: Path GAMEDIR is /workspaces/ls/servidor_minecraft
[06Aug2025 14:44:38.372] [main/DEBUG] [net.minecraftforge.fml.loading.FMLPaths/CORE]: Path MODSDIR is /workspaces/ls/servidor_minecraft/mods
[06Aug2025 14:44:38.372] [main/DEBUG] [net.minecraftforge.fml.loading.FMLPaths/CORE]: Path CONFIGDIR is /workspaces/ls/servidor_minecraft/config
[06Aug2025 14:44:38.372] [main/DEBUG] [net.minecraftforge.fml.loading.FMLPaths/CORE]: Path FMLCONFIG is /workspaces/ls/servidor_minecraft/config/fml.toml
[06Aug2025 14:44:40.058] [main/DEBUG] [cpw.mods.modlauncher.TransformationServicesHandler/MODLAUNCHER]: Found additional transformation services from discovery services: 
[06Aug2025 14:44:40.065] [main/INFO] [net.minecraftforge.fml.loading.ImmediateWindowHandler/]: ImmediateWindowProvider not loading because launch target is forgeserver
[06Aug2025 14:44:40.077] [main/DEBUG] [cpw.mods.modlauncher.TransformationServicesHandler/MODLAUNCHER]: Found transformer services : [mixin,fml]
[06Aug2025 14:44:40.078] [main/DEBUG] [cpw.mods.modlauncher.TransformationServicesHandler/MODLAUNCHER]: Transformation services loading
[06Aug2025 14:44:40.078] [main/DEBUG] [cpw.mods.modlauncher.TransformationServiceDecorator/MODLAUNCHER]: Loading service mixin
[06Aug2025 14:44:40.079] [main/DEBUG] [cpw.mods.modlauncher.TransformationServiceDecorator/MODLAUNCHER]: Loaded service mixin
[06Aug2025 14:44:40.079] [main/DEBUG] [cpw.mods.modlauncher.TransformationServiceDecorator/MODLAUNCHER]: Loading service fml
[06Aug2025 14:44:40.080] [main/DEBUG] [net.minecraftforge.fml.loading.LauncherVersion/CORE]: Found FMLLauncher version 1.0
[06Aug2025 14:44:40.080] [main/DEBUG] [net.minecraftforge.fml.loading.FMLLoader/CORE]: FML 1.0 loading
[06Aug2025 14:44:40.080] [main/DEBUG] [net.minecraftforge.fml.loading.FMLLoader/CORE]: FML found ModLauncher version : 10.0.9+10.0.9+main.dcd20f30
[06Aug2025 14:44:40.081] [main/DEBUG] [net.minecraftforge.fml.loading.FMLLoader/CORE]: FML found AccessTransformer version : 8.0.4+66+master.c09db6d7
[06Aug2025 14:44:40.081] [main/DEBUG] [net.minecraftforge.fml.loading.FMLLoader/CORE]: FML found EventBus version : 6.0.5+6.0.5+master.eb8e549b
[06Aug2025 14:44:40.081] [main/DEBUG] [net.minecraftforge.fml.loading.FMLLoader/CORE]: Found Runtime Dist Cleaner
[06Aug2025 14:44:40.083] [main/DEBUG] [net.minecraftforge.fml.loading.FMLLoader/CORE]: FML found CoreMod version : 5.1.6
[06Aug2025 14:44:40.083] [main/DEBUG] [net.minecraftforge.fml.loading.FMLLoader/CORE]: Found ForgeSPI package implementation version 7.0.1+7.0.1+master.d2b38bf6
[06Aug2025 14:44:40.083] [main/DEBUG] [net.minecraftforge.fml.loading.FMLLoader/CORE]: Found ForgeSPI package specification 5
[06Aug2025 14:44:40.084] [main/DEBUG] [cpw.mods.modlauncher.TransformationServiceDecorator/MODLAUNCHER]: Loaded service fml
[06Aug2025 14:44:40.084] [main/DEBUG] [cpw.mods.modlauncher.TransformationServicesHandler/MODLAUNCHER]: Configuring option handling for services
[06Aug2025 14:44:40.092] [main/DEBUG] [cpw.mods.modlauncher.TransformationServicesHandler/MODLAUNCHER]: Transformation services initializing
[06Aug2025 14:44:40.092] [main/DEBUG] [cpw.mods.modlauncher.TransformationServiceDecorator/MODLAUNCHER]: Initializing transformation service mixin
[06Aug2025 14:44:40.106] [main/DEBUG] [mixin/]: MixinService [ModLauncher] was successfully booted in cpw.mods.cl.ModuleClassLoader@1e7c7811
[06Aug2025 14:44:40.128] [main/INFO] [mixin/]: SpongePowered MIXIN Subsystem Version=0.8.5 Source=union:/workspaces/ls/servidor_minecraft/libraries/org/spongepowered/mixin/0.8.5/mixin-0.8.5.jar%2365!/ Service=ModLauncher Env=SERVER
[06Aug2025 14:44:40.131] [main/DEBUG] [mixin/]: Initialising Mixin Platform Manager
[06Aug2025 14:44:40.131] [main/DEBUG] [mixin/]: Adding mixin platform agents for container ModLauncher Root Container(ModLauncher:4f56a0a2)
[06Aug2025 14:44:40.132] [main/DEBUG] [mixin/]: Instancing new MixinPlatformAgentMinecraftForge for ModLauncher Root Container(ModLauncher:4f56a0a2)
[06Aug2025 14:44:40.132] [main/DEBUG] [mixin/]: MixinPlatformAgentMinecraftForge rejected container ModLauncher Root Container(ModLauncher:4f56a0a2)
[06Aug2025 14:44:40.132] [main/DEBUG] [mixin/]: Instancing new MixinPlatformAgentDefault for ModLauncher Root Container(ModLauncher:4f56a0a2)
[06Aug2025 14:44:40.132] [main/DEBUG] [mixin/]: MixinPlatformAgentDefault accepted container ModLauncher Root Container(ModLauncher:4f56a0a2)
[06Aug2025 14:44:40.136] [main/DEBUG] [cpw.mods.modlauncher.TransformationServiceDecorator/MODLAUNCHER]: Initialized transformation service mixin
[06Aug2025 14:44:40.137] [main/DEBUG] [cpw.mods.modlauncher.TransformationServiceDecorator/MODLAUNCHER]: Initializing transformation service fml
[06Aug2025 14:44:40.137] [main/DEBUG] [net.minecraftforge.fml.loading.FMLServiceProvider/CORE]: Setting up basic FML game directories
[06Aug2025 14:44:40.137] [main/DEBUG] [net.minecraftforge.fml.loading.FMLPaths/CORE]: Path GAMEDIR is /workspaces/ls/servidor_minecraft
[06Aug2025 14:44:40.137] [main/DEBUG] [net.minecraftforge.fml.loading.FMLPaths/CORE]: Path MODSDIR is /workspaces/ls/servidor_minecraft/mods
[06Aug2025 14:44:40.137] [main/DEBUG] [net.minecraftforge.fml.loading.FMLPaths/CORE]: Path CONFIGDIR is /workspaces/ls/servidor_minecraft/config
[06Aug2025 14:44:40.138] [main/DEBUG] [net.minecraftforge.fml.loading.FMLPaths/CORE]: Path FMLCONFIG is /workspaces/ls/servidor_minecraft/config/fml.toml
[06Aug2025 14:44:40.138] [main/DEBUG] [net.minecraftforge.fml.loading.FMLServiceProvider/CORE]: Loading configuration
[06Aug2025 14:44:40.140] [main/DEBUG] [net.minecraftforge.fml.loading.FMLServiceProvider/CORE]: Preparing ModFile
[06Aug2025 14:44:40.143] [main/DEBUG] [net.minecraftforge.fml.loading.FMLServiceProvider/CORE]: Preparing launch handler
[06Aug2025 14:44:40.143] [main/DEBUG] [net.minecraftforge.fml.loading.FMLLoader/CORE]: Using forgeserver as launch service
[06Aug2025 14:44:40.156] [main/DEBUG] [net.minecraftforge.fml.loading.FMLLoader/CORE]: Received command line version data  : VersionInfo[forgeVersion=47.3.7, mcVersion=1.20.1, mcpVersion=20230612.114412, forgeGroup=net.minecraftforge]
[06Aug2025 14:44:40.157] [main/DEBUG] [cpw.mods.modlauncher.TransformationServiceDecorator/MODLAUNCHER]: Initialized transformation service fml
[06Aug2025 14:44:40.158] [main/DEBUG] [cpw.mods.modlauncher.NameMappingServiceHandler/MODLAUNCHER]: Current naming domain is 'srg'
[06Aug2025 14:44:40.158] [main/DEBUG] [cpw.mods.modlauncher.NameMappingServiceHandler/MODLAUNCHER]: Identified name mapping providers {}
[06Aug2025 14:44:40.158] [main/DEBUG] [cpw.mods.modlauncher.TransformationServicesHandler/MODLAUNCHER]: Transformation services begin scanning
[06Aug2025 14:44:40.159] [main/DEBUG] [cpw.mods.modlauncher.TransformationServiceDecorator/MODLAUNCHER]: Beginning scan trigger - transformation service mixin
[06Aug2025 14:44:40.159] [main/DEBUG] [cpw.mods.modlauncher.TransformationServiceDecorator/MODLAUNCHER]: End scan trigger - transformation service mixin
[06Aug2025 14:44:40.159] [main/DEBUG] [cpw.mods.modlauncher.TransformationServiceDecorator/MODLAUNCHER]: Beginning scan trigger - transformation service fml
[06Aug2025 14:44:40.159] [main/DEBUG] [net.minecraftforge.fml.loading.FMLServiceProvider/CORE]: Initiating mod scan
[06Aug2025 14:44:40.166] [main/DEBUG] [net.minecraftforge.fml.loading.moddiscovery.ModListHandler/CORE]: Found mod coordinates from lists: []
[06Aug2025 14:44:40.170] [main/DEBUG] [net.minecraftforge.fml.loading.moddiscovery.ModDiscoverer/CORE]: Found Mod Locators : (mods folder:null),(maven libs:null),(exploded directory:null),(minecraft:null),(userdev classpath:null)
[06Aug2025 14:44:40.170] [main/DEBUG] [net.minecraftforge.fml.loading.moddiscovery.ModDiscoverer/CORE]: Found Dependency Locators : (JarInJar:null)
[06Aug2025 14:44:40.178] [main/DEBUG] [net.minecraftforge.fml.loading.moddiscovery.ModFileParser/LOADING]: Considering mod file candidate /workspaces/ls/servidor_minecraft/mods/[1.20.1] SecurityCraft v1.10.0.1.jar
[06Aug2025 14:44:40.221] [main/DEBUG] [net.minecraftforge.fml.loading.moddiscovery.ModFileInfo/LOADING]: Found valid mod file [1.20.1] SecurityCraft v1.10.0.1.jar with {securitycraft} mods - versions {1.10.0.1}
[06Aug2025 14:44:40.222] [main/DEBUG] [net.minecraftforge.fml.loading.moddiscovery.ModFileParser/LOADING]: Considering mod file candidate /workspaces/ls/servidor_minecraft/mods/accessories-neoforge-1.0.0-beta.46+1.20.1.jar
[06Aug2025 14:44:40.224] [main/DEBUG] [net.minecraftforge.fml.loading.moddiscovery.ModFileInfo/LOADING]: Found valid mod file accessories-neoforge-1.0.0-beta.46+1.20.1.jar with {accessories} mods - versions {1.0.0-beta46+1.20.1}
[06Aug2025 14:44:40.224] [main/DEBUG] [net.minecraftforge.fml.loading.moddiscovery.ModFileParser/LOADING]: Considering mod file candidate /workspaces/ls/servidor_minecraft/mods/accessories_cclayer-7.4.0-beta.18+1.20.1.jar
[06Aug2025 14:44:40.226] [main/DEBUG] [net.minecraftforge.fml.loading.moddiscovery.ModFileInfo/LOADING]: Found valid mod file accessories_cclayer-7.4.0-beta.18+1.20.1.jar with {curios,cclayer} mods - versions {7.4.0+1.20.1,0.beta.18}
[06Aug2025 14:44:40.226] [main/DEBUG] [net.minecraftforge.fml.loading.moddiscovery.ModFileParser/LOADING]: Considering mod file candidate /workspaces/ls/servidor_minecraft/mods/addonslib-1.20.1-1.4.jar
[06Aug2025 14:44:40.228] [main/DEBUG] [net.minecraftforge.fml.loading.moddiscovery.ModFileInfo/LOADING]: Found valid mod file addonslib-1.20.1-1.4.jar with {addonslib} mods - versions {1.20.1-1.4}
[06Aug2025 14:44:40.231] [main/DEBUG] [net.minecraftforge.fml.loading.moddiscovery.ModFileParser/LOADING]: Considering mod file candidate /workspaces/ls/servidor_minecraft/mods/alexsmobs-1.22.9.jar
[06Aug2025 14:44:40.232] [main/DEBUG] [net.minecraftforge.fml.loading.moddiscovery.ModFileInfo/LOADING]: Found valid mod file alexsmobs-1.22.9.jar with {alexsmobs} mods - versions {1.22.9}
[06Aug2025 14:44:40.233] [main/DEBUG] [net.minecraftforge.fml.loading.moddiscovery.ModFileParser/LOADING]: Considering mod file candidate /workspaces/ls/servidor_minecraft/mods/architectury-9.2.14-forge.jar
[06Aug2025 14:44:40.234] [main/DEBUG] [net.minecraftforge.fml.loading.moddiscovery.ModFileInfo/LOADING]: Found valid mod file architectury-9.2.14-forge.jar with {architectury} mods - versions {9.2.14}
[06Aug2025 14:44:40.235] [main/DEBUG] [net.minecraftforge.fml.loading.moddiscovery.ModFileParser/LOADING]: Considering mod file candidate /workspaces/ls/servidor_minecraft/mods/artifacts-forge-9.5.16.jar
[06Aug2025 14:44:40.237] [main/DEBUG] [net.minecraftforge.fml.loading.moddiscovery.ModFileInfo/LOADING]: Found valid mod file artifacts-forge-9.5.16.jar with {artifacts} mods - versions {9.5.16}
[06Aug2025 14:44:40.238] [main/DEBUG] [net.minecraftforge.fml.loading.moddiscovery.ModFileParser/LOADING]: Considering mod file candidate /workspaces/ls/servidor_minecraft/mods/badpackets-forge-0.4.3.jar
[06Aug2025 14:44:40.239] [main/DEBUG] [net.minecraftforge.fml.loading.moddiscovery.ModFileInfo/LOADING]: Found valid mod file badpackets-forge-0.4.3.jar with {badpackets} mods - versions {0.4.3}
[06Aug2025 14:44:40.240] [main/DEBUG] [net.minecraftforge.fml.loading.moddiscovery.ModFileParser/LOADING]: Considering mod file candidate /workspaces/ls/servidor_minecraft/mods/balm-forge-1.20.1-7.3.31-all.jar
[06Aug2025 14:44:40.241] [main/DEBUG] [net.minecraftforge.fml.loading.moddiscovery.ModFileInfo/LOADING]: Found valid mod file balm-forge-1.20.1-7.3.31-all.jar with {balm} mods - versions {7.3.31}
[06Aug2025 14:44:40.242] [main/DEBUG] [net.minecraftforge.fml.loading.moddiscovery.ModFileParser/LOADING]: Considering mod file candidate /workspaces/ls/servidor_minecraft/mods/Better Fishing Rods 1.0.0 - 1.20.1.jar
[06Aug2025 14:44:40.243] [main/DEBUG] [net.minecraftforge.fml.loading.moddiscovery.ModFileInfo/LOADING]: Found valid mod file Better Fishing Rods 1.0.0 - 1.20.1.jar with {better_fishing_rods} mods - versions {1.0.0}
[06Aug2025 14:44:40.244] [main/DEBUG] [net.minecraftforge.fml.loading.moddiscovery.ModFileParser/LOADING]: Considering mod file candidate /workspaces/ls/servidor_minecraft/mods/bettervillage-forge-1.20.1-3.3.1-all.jar
[06Aug2025 14:44:40.245] [main/DEBUG] [net.minecraftforge.fml.loading.moddiscovery.ModFileInfo/LOADING]: Found valid mod file bettervillage-forge-1.20.1-3.3.1-all.jar with {bettervillage} mods - versions {3.3.1}
[06Aug2025 14:44:40.246] [main/DEBUG] [net.minecraftforge.fml.loading.moddiscovery.ModFileParser/LOADING]: Considering mod file candidate /workspaces/ls/servidor_minecraft/mods/BOMD-Forge-1.20.1-1.1.2.jar
[06Aug2025 14:44:40.247] [main/DEBUG] [net.minecraftforge.fml.loading.moddiscovery.ModFileInfo/LOADING]: Found valid mod file BOMD-Forge-1.20.1-1.1.2.jar with {bosses_of_mass_destruction} mods - versions {1.1.2}
[06Aug2025 14:44:40.248] [main/DEBUG] [net.minecraftforge.fml.loading.moddiscovery.ModFileParser/LOADING]: Considering mod file candidate /workspaces/ls/servidor_minecraft/mods/carryon-forge-1.20.1-2.1.2.7.jar
[06Aug2025 14:44:40.249] [main/DEBUG] [net.minecraftforge.fml.loading.moddiscovery.ModFileInfo/LOADING]: Found valid mod file carryon-forge-1.20.1-2.1.2.7.jar with {carryon} mods - versions {2.1.2.7}
[06Aug2025 14:44:40.250] [main/DEBUG] [net.minecraftforge.fml.loading.moddiscovery.ModFileParser/LOADING]: Considering mod file candidate /workspaces/ls/servidor_minecraft/mods/CerbonsAPI-Forge-1.20.1-1.1.0.jar
[06Aug2025 14:44:40.251] [main/DEBUG] [net.minecraftforge.fml.loading.moddiscovery.ModFileInfo/LOADING]: Found valid mod file CerbonsAPI-Forge-1.20.1-1.1.0.jar with {cerbons_api} mods - versions {1.1.0}
[06Aug2025 14:44:40.251] [main/DEBUG] [net.minecraftforge.fml.loading.moddiscovery.ModFileParser/LOADING]: Considering mod file candidate /workspaces/ls/servidor_minecraft/mods/CHA-S-1.20-forge.jar
[06Aug2025 14:44:40.252] [main/DEBUG] [net.minecraftforge.fml.loading.moddiscovery.ModFileInfo/LOADING]: Found valid mod file CHA-S-1.20-forge.jar with {chas} mods - versions {1.20}
[06Aug2025 14:44:40.253] [main/DEBUG] [net.minecraftforge.fml.loading.moddiscovery.ModFileParser/LOADING]: Considering mod file candidate /workspaces/ls/servidor_minecraft/mods/chat_heads-0.13.18-forge-1.20.jar
[06Aug2025 14:44:40.254] [main/DEBUG] [net.minecraftforge.fml.loading.moddiscovery.ModFileInfo/LOADING]: Found valid mod file chat_heads-0.13.18-forge-1.20.jar with {chat_heads} mods - versions {0.13.18}
[06Aug2025 14:44:40.256] [main/DEBUG] [net.minecraftforge.fml.loading.moddiscovery.ModFileParser/LOADING]: Considering mod file candidate /workspaces/ls/servidor_minecraft/mods/citadel-2.6.1-1.20.1.jar
[06Aug2025 14:44:40.257] [main/DEBUG] [net.minecraftforge.fml.loading.moddiscovery.ModFileInfo/LOADING]: Found valid mod file citadel-2.6.1-1.20.1.jar with {citadel} mods - versions {2.6.1}
[06Aug2025 14:44:40.258] [main/DEBUG] [net.minecraftforge.fml.loading.moddiscovery.ModFileParser/LOADING]: Considering mod file candidate /workspaces/ls/servidor_minecraft/mods/cloth-config-11.1.136-forge.jar
[06Aug2025 14:44:40.258] [main/DEBUG] [net.minecraftforge.fml.loading.moddiscovery.ModFileInfo/LOADING]: Found valid mod file cloth-config-11.1.136-forge.jar with {cloth_config} mods - versions {11.1.136}
[06Aug2025 14:44:40.259] [main/DEBUG] [net.minecraftforge.fml.loading.moddiscovery.ModFileParser/LOADING]: Considering mod file candidate /workspaces/ls/servidor_minecraft/mods/collective-1.20.1-8.3.jar
[06Aug2025 14:44:40.260] [main/DEBUG] [net.minecraftforge.fml.loading.moddiscovery.ModFileInfo/LOADING]: Found valid mod file collective-1.20.1-8.3.jar with {collective} mods - versions {8.3}
[06Aug2025 14:44:40.260] [main/DEBUG] [net.minecraftforge.fml.loading.moddiscovery.ModFileParser/LOADING]: Considering mod file candidate /workspaces/ls/servidor_minecraft/mods/comforts-forge-6.4.0+1.20.1.jar
[06Aug2025 14:44:40.261] [main/DEBUG] [net.minecraftforge.fml.loading.moddiscovery.ModFileInfo/LOADING]: Found valid mod file comforts-forge-6.4.0+1.20.1.jar with {comforts} mods - versions {6.4.0+1.20.1}
[06Aug2025 14:44:40.261] [main/DEBUG] [net.minecraftforge.fml.loading.moddiscovery.ModFileParser/LOADING]: Considering mod file candidate /workspaces/ls/servidor_minecraft/mods/Corgilib-Forge-1.20.1-4.0.3.4.jar
[06Aug2025 14:44:40.262] [main/DEBUG] [net.minecraftforge.fml.loading.moddiscovery.ModFileInfo/LOADING]: Found valid mod file Corgilib-Forge-1.20.1-4.0.3.4.jar with {corgilib} mods - versions {4.0.3.4}
[06Aug2025 14:44:40.263] [main/DEBUG] [net.minecraftforge.fml.loading.moddiscovery.ModFileParser/LOADING]: Considering mod file candidate /workspaces/ls/servidor_minecraft/mods/Craftable_Elytra[REMASTERED][2.2]1.20.1.jar
[06Aug2025 14:44:40.263] [main/DEBUG] [net.minecraftforge.fml.loading.moddiscovery.ModFileInfo/LOADING]: Found valid mod file Craftable_Elytra[REMASTERED][2.2]1.20.1.jar with {craftable_elytra_remastered} mods - versions {2.2}
[06Aug2025 14:44:40.264] [main/DEBUG] [net.minecraftforge.fml.loading.moddiscovery.ModFileParser/LOADING]: Considering mod file candidate /workspaces/ls/servidor_minecraft/mods/CreativeCore_FORGE_v2.12.32_mc1.20.1.jar
[06Aug2025 14:44:40.265] [main/DEBUG] [net.minecraftforge.fml.loading.moddiscovery.ModFileInfo/LOADING]: Found valid mod file CreativeCore_FORGE_v2.12.32_mc1.20.1.jar with {creativecore} mods - versions {2.12.32}
[06Aug2025 14:44:40.265] [main/DEBUG] [net.minecraftforge.fml.loading.moddiscovery.ModFileParser/LOADING]: Considering mod file candidate /workspaces/ls/servidor_minecraft/mods/creeperoverhaul-3.0.2-forge.jar
[06Aug2025 14:44:40.267] [main/DEBUG] [net.minecraftforge.fml.loading.moddiscovery.ModFileInfo/LOADING]: Found valid mod file creeperoverhaul-3.0.2-forge.jar with {creeperoverhaul} mods - versions {3.0.2}
[06Aug2025 14:44:40.267] [main/DEBUG] [net.minecraftforge.fml.loading.moddiscovery.ModFileParser/LOADING]: Considering mod file candidate /workspaces/ls/servidor_minecraft/mods/cupboard-1.20.1-2.7.jar
[06Aug2025 14:44:40.268] [main/DEBUG] [net.minecraftforge.fml.loading.moddiscovery.ModFileInfo/LOADING]: Found valid mod file cupboard-1.20.1-2.7.jar with {cupboard} mods - versions {1.20.1-2.7}
[06Aug2025 14:44:40.268] [main/DEBUG] [net.minecraftforge.fml.loading.moddiscovery.ModFileParser/LOADING]: Considering mod file candidate /workspaces/ls/servidor_minecraft/mods/DarkModeEverywhere-1.20.1-1.2.4.jar
[06Aug2025 14:44:40.269] [main/DEBUG] [net.minecraftforge.fml.loading.moddiscovery.ModFileInfo/LOADING]: Found valid mod file DarkModeEverywhere-1.20.1-1.2.4.jar with {darkmodeeverywhere} mods - versions {1.20.1-1.2.4}
[06Aug2025 14:44:40.271] [main/DEBUG] [net.minecraftforge.fml.loading.moddiscovery.ModFileParser/LOADING]: Considering mod file candidate /workspaces/ls/servidor_minecraft/mods/deeperdarker-forge-1.20.1-1.3.3.jar
[06Aug2025 14:44:40.272] [main/DEBUG] [net.minecraftforge.fml.loading.moddiscovery.ModFileInfo/LOADING]: Found valid mod file deeperdarker-forge-1.20.1-1.3.3.jar with {deeperdarker} mods - versions {1.3.3}
[06Aug2025 14:44:40.272] [main/DEBUG] [net.minecraftforge.fml.loading.moddiscovery.ModFileParser/LOADING]: Considering mod file candidate /workspaces/ls/servidor_minecraft/mods/DerexMaceMod-Balanced-1.20.1-8.1.7.2.jar
[06Aug2025 14:44:40.273] [main/DEBUG] [net.minecraftforge.fml.loading.moddiscovery.ModFileInfo/LOADING]: Found valid mod file DerexMaceMod-Balanced-1.20.1-8.1.7.2.jar with {mace_backport} mods - versions {8.1.7.2}
[06Aug2025 14:44:40.273] [main/DEBUG] [net.minecraftforge.fml.loading.moddiscovery.ModFileParser/LOADING]: Considering mod file candidate /workspaces/ls/servidor_minecraft/mods/Dungeon Crawl-1.20.1-2.3.15.jar
[06Aug2025 14:44:40.274] [main/DEBUG] [net.minecraftforge.fml.loading.moddiscovery.ModFileInfo/LOADING]: Found valid mod file Dungeon Crawl-1.20.1-2.3.15.jar with {dungeoncrawl} mods - versions {2.3.15}
[06Aug2025 14:44:40.276] [main/DEBUG] [net.minecraftforge.fml.loading.moddiscovery.ModFileParser/LOADING]: Considering mod file candidate /workspaces/ls/servidor_minecraft/mods/dungeons-and-taverns-3.0.3.f[Forge].jar
[06Aug2025 14:44:40.277] [main/DEBUG] [net.minecraftforge.fml.loading.moddiscovery.ModFileInfo/LOADING]: Found valid mod file dungeons-and-taverns-3.0.3.f[Forge].jar with {mr_dungeons_andtaverns} mods - versions {3.0.3.f}
[06Aug2025 14:44:40.278] [main/DEBUG] [net.minecraftforge.fml.loading.moddiscovery.ModFileParser/LOADING]: Considering mod file candidate /workspaces/ls/servidor_minecraft/mods/DungeonsArise-1.20.x-2.1.58-release.jar
[06Aug2025 14:44:40.279] [main/DEBUG] [net.minecraftforge.fml.loading.moddiscovery.ModFileInfo/LOADING]: Found valid mod file DungeonsArise-1.20.x-2.1.58-release.jar with {dungeons_arise} mods - versions {2.1.58-1.20.x}
[06Aug2025 14:44:40.279] [main/DEBUG] [net.minecraftforge.fml.loading.moddiscovery.ModFileParser/LOADING]: Considering mod file candidate /workspaces/ls/servidor_minecraft/mods/DungeonsAriseSevenSeas-1.20.x-1.0.2-forge.jar
[06Aug2025 14:44:40.281] [main/DEBUG] [net.minecraftforge.fml.loading.moddiscovery.ModFileInfo/LOADING]: Found valid mod file DungeonsAriseSevenSeas-1.20.x-1.0.2-forge.jar with {dungeons_arise_seven_seas} mods - versions {1.0.2}
[06Aug2025 14:44:40.282] [main/DEBUG] [net.minecraftforge.fml.loading.moddiscovery.ModFileParser/LOADING]: Considering mod file candidate /workspaces/ls/servidor_minecraft/mods/dynamiclights-v1.8.6-mc1.17-1.21.5-mod.jar
[06Aug2025 14:44:40.283] [main/DEBUG] [net.minecraftforge.fml.loading.moddiscovery.ModFileInfo/LOADING]: Found valid mod file dynamiclights-v1.8.6-mc1.17-1.21.5-mod.jar with {dynamiclights} mods - versions {1.8.6+mod}
[06Aug2025 14:44:40.285] [main/DEBUG] [net.minecraftforge.fml.loading.moddiscovery.ModFileParser/LOADING]: Considering mod file candidate /workspaces/ls/servidor_minecraft/mods/EasyAnvils-v8.0.2-1.20.1-Forge.jar
[06Aug2025 14:44:40.285] [main/DEBUG] [net.minecraftforge.fml.loading.moddiscovery.ModFileInfo/LOADING]: Found valid mod file EasyAnvils-v8.0.2-1.20.1-Forge.jar with {easyanvils} mods - versions {8.0.2}
[06Aug2025 14:44:40.287] [main/DEBUG] [net.minecraftforge.fml.loading.moddiscovery.ModFileParser/LOADING]: Considering mod file candidate /workspaces/ls/servidor_minecraft/mods/EasyMagic-v8.0.1-1.20.1-Forge.jar
[06Aug2025 14:44:40.288] [main/DEBUG] [net.minecraftforge.fml.loading.moddiscovery.ModFileInfo/LOADING]: Found valid mod file EasyMagic-v8.0.1-1.20.1-Forge.jar with {easymagic} mods - versions {8.0.1}
[06Aug2025 14:44:40.288] [main/DEBUG] [net.minecraftforge.fml.loading.moddiscovery.ModFileParser/LOADING]: Considering mod file candidate /workspaces/ls/servidor_minecraft/mods/embeddium-0.3.31+mc1.20.1.jar
[06Aug2025 14:44:40.289] [main/DEBUG] [net.minecraftforge.fml.loading.moddiscovery.ModFileInfo/LOADING]: Found valid mod file embeddium-0.3.31+mc1.20.1.jar with {embeddium,rubidium} mods - versions {0.3.31+mc1.20.1,0.7.1}
[06Aug2025 14:44:40.290] [main/DEBUG] [net.minecraftforge.fml.loading.moddiscovery.ModFileParser/LOADING]: Considering mod file candidate /workspaces/ls/servidor_minecraft/mods/Emojiful-Forge-1.20.1-4.2.0.jar
[06Aug2025 14:44:40.290] [main/DEBUG] [net.minecraftforge.fml.loading.moddiscovery.ModFileInfo/LOADING]: Found valid mod file Emojiful-Forge-1.20.1-4.2.0.jar with {emojiful} mods - versions {4.2.0}
[06Aug2025 14:44:40.291] [main/DEBUG] [net.minecraftforge.fml.loading.moddiscovery.ModFileParser/LOADING]: Considering mod file candidate /workspaces/ls/servidor_minecraft/mods/entityculling-forge-1.7.4-mc1.20.1.jar
[06Aug2025 14:44:40.291] [main/DEBUG] [net.minecraftforge.fml.loading.moddiscovery.ModFileInfo/LOADING]: Found valid mod file entityculling-forge-1.7.4-mc1.20.1.jar with {entityculling} mods - versions {1.7.4}
[06Aug2025 14:44:40.294] [main/DEBUG] [net.minecraftforge.fml.loading.moddiscovery.ModFileParser/LOADING]: Considering mod file candidate /workspaces/ls/servidor_minecraft/mods/ferritecore-6.0.1-forge.jar
[06Aug2025 14:44:40.295] [main/DEBUG] [net.minecraftforge.fml.loading.moddiscovery.ModFileInfo/LOADING]: Found valid mod file ferritecore-6.0.1-forge.jar with {ferritecore} mods - versions {6.0.1}
[06Aug2025 14:44:40.297] [main/DEBUG] [net.minecraftforge.fml.loading.moddiscovery.ModFileParser/LOADING]: Considering mod file candidate /workspaces/ls/servidor_minecraft/mods/flib-1.20.1-0.0.15.jar
[06Aug2025 14:44:40.298] [main/DEBUG] [net.minecraftforge.fml.loading.moddiscovery.ModFileInfo/LOADING]: Found valid mod file flib-1.20.1-0.0.15.jar with {flib} mods - versions {0.0.15}
[06Aug2025 14:44:40.298] [main/DEBUG] [net.minecraftforge.fml.loading.moddiscovery.ModFileParser/LOADING]: Considering mod file candidate /workspaces/ls/servidor_minecraft/mods/FpsReducer2-forge-1.20-2.5.jar
[06Aug2025 14:44:40.299] [main/DEBUG] [net.minecraftforge.fml.loading.moddiscovery.ModFileInfo/LOADING]: Found valid mod file FpsReducer2-forge-1.20-2.5.jar with {fpsreducer} mods - versions {1.20-2.5}
[06Aug2025 14:44:40.302] [main/DEBUG] [net.minecraftforge.fml.loading.moddiscovery.ModFileParser/LOADING]: Considering mod file candidate /workspaces/ls/servidor_minecraft/mods/framework-forge-1.20.1-0.7.15.jar
[06Aug2025 14:44:40.302] [main/DEBUG] [net.minecraftforge.fml.loading.moddiscovery.ModFileInfo/LOADING]: Found valid mod file framework-forge-1.20.1-0.7.15.jar with {framework} mods - versions {0.7.15}
[06Aug2025 14:44:40.303] [main/DEBUG] [net.minecraftforge.fml.loading.moddiscovery.ModFileParser/LOADING]: Considering mod file candidate /workspaces/ls/servidor_minecraft/mods/friendsandfoes-forge-mc1.20.1-3.0.9.jar
[06Aug2025 14:44:40.304] [main/DEBUG] [net.minecraftforge.fml.loading.moddiscovery.ModFileInfo/LOADING]: Found valid mod file friendsandfoes-forge-mc1.20.1-3.0.9.jar with {friendsandfoes} mods - versions {3.0.9}
[06Aug2025 14:44:40.305] [main/DEBUG] [net.minecraftforge.fml.loading.moddiscovery.ModFileParser/LOADING]: Considering mod file candidate /workspaces/ls/servidor_minecraft/mods/geckolib-forge-1.20.1-4.7.1.3.jar
[06Aug2025 14:44:40.305] [main/DEBUG] [net.minecraftforge.fml.loading.moddiscovery.ModFileInfo/LOADING]: Found valid mod file geckolib-forge-1.20.1-4.7.1.3.jar with {geckolib} mods - versions {4.7.1.3}
[06Aug2025 14:44:40.307] [main/DEBUG] [net.minecraftforge.fml.loading.moddiscovery.ModFileParser/LOADING]: Considering mod file candidate /workspaces/ls/servidor_minecraft/mods/goblintraders-forge-1.20.1-1.9.3.jar
[06Aug2025 14:44:40.308] [main/DEBUG] [net.minecraftforge.fml.loading.moddiscovery.ModFileInfo/LOADING]: Found valid mod file goblintraders-forge-1.20.1-1.9.3.jar with {goblintraders} mods - versions {1.9.3}
[06Aug2025 14:44:40.308] [main/DEBUG] [net.minecraftforge.fml.loading.moddiscovery.ModFileParser/LOADING]: Considering mod file candidate /workspaces/ls/servidor_minecraft/mods/gpumemleakfix-1.20.1-1.8.jar
[06Aug2025 14:44:40.309] [main/DEBUG] [net.minecraftforge.fml.loading.moddiscovery.ModFileInfo/LOADING]: Found valid mod file gpumemleakfix-1.20.1-1.8.jar with {gpumemleakfix} mods - versions {1.20.1-1.8}
[06Aug2025 14:44:40.313] [main/DEBUG] [net.minecraftforge.fml.loading.moddiscovery.ModFileParser/LOADING]: Considering mod file candidate /workspaces/ls/servidor_minecraft/mods/hexerei-0.4.2.3.jar
[06Aug2025 14:44:40.314] [main/DEBUG] [net.minecraftforge.fml.loading.moddiscovery.ModFileInfo/LOADING]: Found valid mod file hexerei-0.4.2.3.jar with {hexerei} mods - versions {1.20.1-0.4.2.3}
[06Aug2025 14:44:40.315] [main/DEBUG] [net.minecraftforge.fml.loading.moddiscovery.ModFileParser/LOADING]: Considering mod file candidate /workspaces/ls/servidor_minecraft/mods/ImmediatelyFast-Forge-1.5.0+1.20.4.jar
[06Aug2025 14:44:40.316] [main/DEBUG] [net.minecraftforge.fml.loading.moddiscovery.ModFileInfo/LOADING]: Found valid mod file ImmediatelyFast-Forge-1.5.0+1.20.4.jar with {immediatelyfast} mods - versions {1.5.0+1.20.4}
[06Aug2025 14:44:40.318] [main/DEBUG] [net.minecraftforge.fml.loading.moddiscovery.ModFileParser/LOADING]: Considering mod file candidate /workspaces/ls/servidor_minecraft/mods/Incendium_1.20.x_v5.3.5.jar
[06Aug2025 14:44:40.319] [main/DEBUG] [net.minecraftforge.fml.loading.moddiscovery.ModFileInfo/LOADING]: Found valid mod file Incendium_1.20.x_v5.3.5.jar with {incendium} mods - versions {5.3.5}
[06Aug2025 14:44:40.326] [main/DEBUG] [net.minecraftforge.fml.loading.moddiscovery.ModFileParser/LOADING]: Considering mod file candidate /workspaces/ls/servidor_minecraft/mods/Inventory Management Deluxe-1.20.1-Forge-1.0.3.jar
[06Aug2025 14:44:40.327] [main/DEBUG] [net.minecraftforge.fml.loading.moddiscovery.ModFileInfo/LOADING]: Found valid mod file Inventory Management Deluxe-1.20.1-Forge-1.0.3.jar with {inventorymanagement} mods - versions {1.0.3}
[06Aug2025 14:44:40.328] [main/DEBUG] [net.minecraftforge.fml.loading.moddiscovery.ModFileParser/LOADING]: Considering mod file candidate /workspaces/ls/servidor_minecraft/mods/jei-1.20.1-forge-15.20.0.112.jar
[06Aug2025 14:44:40.328] [main/DEBUG] [net.minecraftforge.fml.loading.moddiscovery.ModFileInfo/LOADING]: Found valid mod file jei-1.20.1-forge-15.20.0.112.jar with {jei} mods - versions {15.20.0.112}
[06Aug2025 14:44:40.331] [main/DEBUG] [net.minecraftforge.fml.loading.moddiscovery.ModFileParser/LOADING]: Considering mod file candidate /workspaces/ls/servidor_minecraft/mods/journeymap-1.20.1-5.10.3-forge.jar
[06Aug2025 14:44:40.331] [main/DEBUG] [net.minecraftforge.fml.loading.moddiscovery.ModFileInfo/LOADING]: Found valid mod file journeymap-1.20.1-5.10.3-forge.jar with {journeymap} mods - versions {5.10.3}
[06Aug2025 14:44:40.332] [main/DEBUG] [net.minecraftforge.fml.loading.moddiscovery.ModFileParser/LOADING]: Considering mod file candidate /workspaces/ls/servidor_minecraft/mods/justzoom_forge_2.1.1_MC_1.20.1.jar
[06Aug2025 14:44:40.332] [main/DEBUG] [net.minecraftforge.fml.loading.moddiscovery.ModFileInfo/LOADING]: Found valid mod file justzoom_forge_2.1.1_MC_1.20.1.jar with {justzoom} mods - versions {2.1.1}
[06Aug2025 14:44:40.333] [main/DEBUG] [net.minecraftforge.fml.loading.moddiscovery.ModFileParser/LOADING]: Considering mod file candidate /workspaces/ls/servidor_minecraft/mods/konkrete_forge_1.8.0_MC_1.20-1.20.1.jar
[06Aug2025 14:44:40.334] [main/DEBUG] [net.minecraftforge.fml.loading.moddiscovery.ModFileInfo/LOADING]: Found valid mod file konkrete_forge_1.8.0_MC_1.20-1.20.1.jar with {konkrete} mods - versions {1.8.0}
[06Aug2025 14:44:40.334] [main/DEBUG] [net.minecraftforge.fml.loading.moddiscovery.ModFileParser/LOADING]: Considering mod file candidate /workspaces/ls/servidor_minecraft/mods/libraryferret-forge-1.20.1-4.0.0.jar
[06Aug2025 14:44:40.337] [main/DEBUG] [net.minecraftforge.fml.loading.moddiscovery.ModFileInfo/LOADING]: Found valid mod file libraryferret-forge-1.20.1-4.0.0.jar with {libraryferret} mods - versions {4.0.0}
[06Aug2025 14:44:40.354] [main/DEBUG] [net.minecraftforge.fml.loading.moddiscovery.ModFileParser/LOADING]: Considering mod file candidate /workspaces/ls/servidor_minecraft/mods/mcwbyg-1.20.1-1.2.1.jar
[06Aug2025 14:44:40.357] [main/DEBUG] [net.minecraftforge.fml.loading.moddiscovery.ModFileInfo/LOADING]: Found valid mod file mcwbyg-1.20.1-1.2.1.jar with {mcwbyg} mods - versions {1.20.1-1.2.1}
[06Aug2025 14:44:40.358] [main/DEBUG] [net.minecraftforge.fml.loading.moddiscovery.ModFileParser/LOADING]: Considering mod file candidate /workspaces/ls/servidor_minecraft/mods/memoryleakfix-forge-1.17+-1.1.4.jar
[06Aug2025 14:44:40.359] [main/DEBUG] [net.minecraftforge.fml.loading.moddiscovery.ModFileInfo/LOADING]: Found valid mod file memoryleakfix-forge-1.17+-1.1.4.jar with {memoryleakfix} mods - versions {1.1.4}
[06Aug2025 14:44:40.359] [main/DEBUG] [net.minecraftforge.fml.loading.moddiscovery.ModFileParser/LOADING]: Considering mod file candidate /workspaces/ls/servidor_minecraft/mods/MoreBows-1.0.13+1.20.x.forge.jar
[06Aug2025 14:44:40.360] [main/DEBUG] [net.minecraftforge.fml.loading.moddiscovery.ModFileInfo/LOADING]: Found valid mod file MoreBows-1.0.13+1.20.x.forge.jar with {morebows} mods - versions {1.0.13}
[06Aug2025 14:44:40.360] [main/DEBUG] [net.minecraftforge.fml.loading.moddiscovery.ModFileParser/LOADING]: Considering mod file candidate /workspaces/ls/servidor_minecraft/mods/mythicmounts-20.1-7.4.2-forge.jar
[06Aug2025 14:44:40.361] [main/DEBUG] [net.minecraftforge.fml.loading.moddiscovery.ModFileInfo/LOADING]: Found valid mod file mythicmounts-20.1-7.4.2-forge.jar with {mythicmounts} mods - versions {20.1-7.4.2-forge}
[06Aug2025 14:44:40.366] [main/DEBUG] [net.minecraftforge.fml.loading.moddiscovery.ModFileParser/LOADING]: Considering mod file candidate /workspaces/ls/servidor_minecraft/mods/Oh-The-Biomes-Weve-Gone-Forge-1.5.11.jar
[06Aug2025 14:44:40.367] [main/DEBUG] [net.minecraftforge.fml.loading.moddiscovery.ModFileInfo/LOADING]: Found valid mod file Oh-The-Biomes-Weve-Gone-Forge-1.5.11.jar with {biomeswevegone} mods - versions {1.5.11}
[06Aug2025 14:44:40.367] [main/DEBUG] [net.minecraftforge.fml.loading.moddiscovery.ModFileParser/LOADING]: Considering mod file candidate /workspaces/ls/servidor_minecraft/mods/Oh-The-Trees-Youll-Grow-forge-1.20.1-1.3.13.jar
[06Aug2025 14:44:40.368] [main/DEBUG] [net.minecraftforge.fml.loading.moddiscovery.ModFileInfo/LOADING]: Found valid mod file Oh-The-Trees-Youll-Grow-forge-1.20.1-1.3.13.jar with {ohthetreesyoullgrow} mods - versions {1.3.13}
[06Aug2025 14:44:40.369] [main/DEBUG] [net.minecraftforge.fml.loading.moddiscovery.ModFileParser/LOADING]: Considering mod file candidate /workspaces/ls/servidor_minecraft/mods/Orcz_0.87_1.20.1.jar
[06Aug2025 14:44:40.369] [main/DEBUG] [net.minecraftforge.fml.loading.moddiscovery.ModFileInfo/LOADING]: Found valid mod file Orcz_0.87_1.20.1.jar with {orcz} mods - versions {0.82}
[06Aug2025 14:44:40.370] [main/DEBUG] [net.minecraftforge.fml.loading.moddiscovery.ModFileParser/LOADING]: Considering mod file candidate /workspaces/ls/servidor_minecraft/mods/PlayerRevive_FORGE_v2.0.31_mc1.20.1.jar
[06Aug2025 14:44:40.370] [main/DEBUG] [net.minecraftforge.fml.loading.moddiscovery.ModFileInfo/LOADING]: Found valid mod file PlayerRevive_FORGE_v2.0.31_mc1.20.1.jar with {playerrevive} mods - versions {2.0.31}
[06Aug2025 14:44:40.379] [main/DEBUG] [net.minecraftforge.fml.loading.moddiscovery.ModFileParser/LOADING]: Considering mod file candidate /workspaces/ls/servidor_minecraft/mods/PuzzlesLib-v8.1.32-1.20.1-Forge.jar
[06Aug2025 14:44:40.379] [main/DEBUG] [net.minecraftforge.fml.loading.moddiscovery.ModFileInfo/LOADING]: Found valid mod file PuzzlesLib-v8.1.32-1.20.1-Forge.jar with {puzzleslib} mods - versions {8.1.32}
[06Aug2025 14:44:40.380] [main/DEBUG] [net.minecraftforge.fml.loading.moddiscovery.ModFileParser/LOADING]: Considering mod file candidate /workspaces/ls/servidor_minecraft/mods/resourcefulconfig-forge-1.20.1-2.1.3.jar
[06Aug2025 14:44:40.381] [main/DEBUG] [net.minecraftforge.fml.loading.moddiscovery.ModFileInfo/LOADING]: Found valid mod file resourcefulconfig-forge-1.20.1-2.1.3.jar with {resourcefulconfig} mods - versions {2.1.3}
[06Aug2025 14:44:40.381] [main/DEBUG] [net.minecraftforge.fml.loading.moddiscovery.ModFileParser/LOADING]: Considering mod file candidate /workspaces/ls/servidor_minecraft/mods/resourcefullib-forge-1.20.1-2.1.29.jar
[06Aug2025 14:44:40.382] [main/DEBUG] [net.minecraftforge.fml.loading.moddiscovery.ModFileInfo/LOADING]: Found valid mod file resourcefullib-forge-1.20.1-2.1.29.jar with {resourcefullib} mods - versions {2.1.29}
[06Aug2025 14:44:40.384] [main/DEBUG] [net.minecraftforge.fml.loading.moddiscovery.ModFileParser/LOADING]: Considering mod file candidate /workspaces/ls/servidor_minecraft/mods/simplyswords-forge-1.56.0-1.20.1.jar
[06Aug2025 14:44:40.386] [main/DEBUG] [net.minecraftforge.fml.loading.moddiscovery.ModFileInfo/LOADING]: Found valid mod file simplyswords-forge-1.56.0-1.20.1.jar with {simplyswords} mods - versions {1.56.0-1.20.1}
[06Aug2025 14:44:40.386] [main/DEBUG] [net.minecraftforge.fml.loading.moddiscovery.ModFileParser/LOADING]: Considering mod file candidate /workspaces/ls/servidor_minecraft/mods/smoothchunk-1.20.1-4.1.jar
[06Aug2025 14:44:40.387] [main/DEBUG] [net.minecraftforge.fml.loading.moddiscovery.ModFileInfo/LOADING]: Found valid mod file smoothchunk-1.20.1-4.1.jar with {smoothchunk} mods - versions {1.20.1-4.1}
[06Aug2025 14:44:40.388] [main/DEBUG] [net.minecraftforge.fml.loading.moddiscovery.ModFileParser/LOADING]: Considering mod file candidate /workspaces/ls/servidor_minecraft/mods/sophisticatedbackpacks-1.20.1-3.23.19.1251.jar
[06Aug2025 14:44:40.388] [main/DEBUG] [net.minecraftforge.fml.loading.moddiscovery.ModFileInfo/LOADING]: Found valid mod file sophisticatedbackpacks-1.20.1-3.23.19.1251.jar with {sophisticatedbackpacks} mods - versions {3.23.19.1251}
[06Aug2025 14:44:40.389] [main/DEBUG] [net.minecraftforge.fml.loading.moddiscovery.ModFileParser/LOADING]: Considering mod file candidate /workspaces/ls/servidor_minecraft/mods/sophisticatedcore-1.20.1-1.2.69.1005.jar
[06Aug2025 14:44:40.390] [main/DEBUG] [net.minecraftforge.fml.loading.moddiscovery.ModFileInfo/LOADING]: Found valid mod file sophisticatedcore-1.20.1-1.2.69.1005.jar with {sophisticatedcore} mods - versions {1.2.69.1005}
[06Aug2025 14:44:40.391] [main/DEBUG] [net.minecraftforge.fml.loading.moddiscovery.ModFileParser/LOADING]: Considering mod file candidate /workspaces/ls/servidor_minecraft/mods/sound-physics-remastered-forge-1.20.1-1.4.13.jar
[06Aug2025 14:44:40.391] [main/DEBUG] [net.minecraftforge.fml.loading.moddiscovery.ModFileInfo/LOADING]: Found valid mod file sound-physics-remastered-forge-1.20.1-1.4.13.jar with {sound_physics_remastered} mods - versions {1.20.1-1.4.13}
[06Aug2025 14:44:40.392] [main/DEBUG] [net.minecraftforge.fml.loading.moddiscovery.ModFileParser/LOADING]: Considering mod file candidate /workspaces/ls/servidor_minecraft/mods/TerraBlender-forge-1.20.1-3.0.1.10.jar
[06Aug2025 14:44:40.392] [main/DEBUG] [net.minecraftforge.fml.loading.moddiscovery.ModFileInfo/LOADING]: Found valid mod file TerraBlender-forge-1.20.1-3.0.1.10.jar with {terrablender} mods - versions {3.0.1.10}
[06Aug2025 14:44:40.394] [main/DEBUG] [net.minecraftforge.fml.loading.moddiscovery.ModFileParser/LOADING]: Considering mod file candidate /workspaces/ls/servidor_minecraft/mods/Terralith_1.20.x_v2.5.4.jar
[06Aug2025 14:44:40.395] [main/DEBUG] [net.minecraftforge.fml.loading.moddiscovery.ModFileInfo/LOADING]: Found valid mod file Terralith_1.20.x_v2.5.4.jar with {terralith} mods - versions {2.5.4}
[06Aug2025 14:44:40.399] [main/DEBUG] [net.minecraftforge.fml.loading.moddiscovery.ModFileParser/LOADING]: Considering mod file candidate /workspaces/ls/servidor_minecraft/mods/the_bumblezone-7.8.0+1.20.1-forge.jar
[06Aug2025 14:44:40.400] [main/DEBUG] [net.minecraftforge.fml.loading.moddiscovery.ModFileInfo/LOADING]: Found valid mod file the_bumblezone-7.8.0+1.20.1-forge.jar with {the_bumblezone} mods - versions {7.8.0+1.20.1-forge}
[06Aug2025 14:44:40.405] [main/DEBUG] [net.minecraftforge.fml.loading.moddiscovery.ModFileParser/LOADING]: Considering mod file candidate /workspaces/ls/servidor_minecraft/mods/tl_skin_cape_forge_1.20_1.20.1-1.32.jar
[06Aug2025 14:44:40.405] [main/DEBUG] [net.minecraftforge.fml.loading.moddiscovery.ModFileInfo/LOADING]: Found valid mod file tl_skin_cape_forge_1.20_1.20.1-1.32.jar with {tlskincape} mods - versions {1.32}
[06Aug2025 14:44:40.406] [main/DEBUG] [net.minecraftforge.fml.loading.moddiscovery.ModFileParser/LOADING]: Considering mod file candidate /workspaces/ls/servidor_minecraft/mods/tombstone-1.20.1-8.9.6.jar
[06Aug2025 14:44:40.407] [main/DEBUG] [net.minecraftforge.fml.loading.moddiscovery.ModFileInfo/LOADING]: Found valid mod file tombstone-1.20.1-8.9.6.jar with {tombstone} mods - versions {8.9.6}
[06Aug2025 14:44:40.407] [main/DEBUG] [net.minecraftforge.fml.loading.moddiscovery.ModFileParser/LOADING]: Considering mod file candidate /workspaces/ls/servidor_minecraft/mods/Trapcraft-1.20.1-2.10.2.jar
[06Aug2025 14:44:40.408] [main/DEBUG] [net.minecraftforge.fml.loading.moddiscovery.ModFileInfo/LOADING]: Found valid mod file Trapcraft-1.20.1-2.10.2.jar with {trapcraft} mods - versions {2.10.2}
[06Aug2025 14:44:40.409] [main/DEBUG] [net.minecraftforge.fml.loading.moddiscovery.ModFileParser/LOADING]: Considering mod file candidate /workspaces/ls/servidor_minecraft/mods/voicechat-forge-1.20.1-2.5.30.jar
[06Aug2025 14:44:40.410] [main/DEBUG] [net.minecraftforge.fml.loading.moddiscovery.ModFileInfo/LOADING]: Found valid mod file voicechat-forge-1.20.1-2.5.30.jar with {voicechat} mods - versions {1.20.1-2.5.30}
[06Aug2025 14:44:40.410] [main/DEBUG] [net.minecraftforge.fml.loading.moddiscovery.ModFileParser/LOADING]: Considering mod file candidate /workspaces/ls/servidor_minecraft/mods/waystones-forge-1.20.1-14.1.13.jar
[06Aug2025 14:44:40.411] [main/DEBUG] [net.minecraftforge.fml.loading.moddiscovery.ModFileInfo/LOADING]: Found valid mod file waystones-forge-1.20.1-14.1.13.jar with {waystones} mods - versions {14.1.13}
[06Aug2025 14:44:40.412] [main/DEBUG] [net.minecraftforge.fml.loading.moddiscovery.ModFileParser/LOADING]: Considering mod file candidate /workspaces/ls/servidor_minecraft/mods/wthit-forge-8.16.3.jar
[06Aug2025 14:44:40.412] [main/DEBUG] [net.minecraftforge.fml.loading.moddiscovery.ModFileInfo/LOADING]: Found valid mod file wthit-forge-8.16.3.jar with {wthit,waila} mods - versions {8.16.3,8.16.3}
[06Aug2025 14:44:40.413] [main/DEBUG] [net.minecraftforge.fml.loading.moddiscovery.ModFileParser/LOADING]: Considering mod file candidate /workspaces/ls/servidor_minecraft/mods/yet_another_config_lib_v3-3.6.6+1.20.1-forge.jar
[06Aug2025 14:44:40.414] [main/DEBUG] [net.minecraftforge.fml.loading.moddiscovery.ModFileInfo/LOADING]: Found valid mod file yet_another_config_lib_v3-3.6.6+1.20.1-forge.jar with {yet_another_config_lib_v3} mods - versions {3.6.6+1.20.1-forge}
[06Aug2025 14:44:40.528] [main/DEBUG] [net.minecraftforge.fml.loading.moddiscovery.ModFileInfo/LOADING]: Found valid mod file server-1.20.1-20230612.114412-srg.jar with {minecraft} mods - versions {1.20.1}
[06Aug2025 14:44:40.533] [main/DEBUG] [net.minecraftforge.fml.loading.moddiscovery.ModFileParser/LOADING]: Considering mod file candidate /workspaces/ls/servidor_minecraft/libraries/net/minecraftforge/fmlcore/1.20.1-47.3.7/fmlcore-1.20.1-47.3.7.jar
[06Aug2025 14:44:40.533] [main/WARN] [net.minecraftforge.fml.loading.moddiscovery.ModFileParser/LOADING]: Mod file /workspaces/ls/servidor_minecraft/libraries/net/minecraftforge/fmlcore/1.20.1-47.3.7/fmlcore-1.20.1-47.3.7.jar is missing mods.toml file
[06Aug2025 14:44:40.536] [main/DEBUG] [net.minecraftforge.fml.loading.moddiscovery.ModFileParser/LOADING]: Considering mod file candidate /workspaces/ls/servidor_minecraft/libraries/net/minecraftforge/javafmllanguage/1.20.1-47.3.7/javafmllanguage-1.20.1-47.3.7.jar
[06Aug2025 14:44:40.536] [main/WARN] [net.minecraftforge.fml.loading.moddiscovery.ModFileParser/LOADING]: Mod file /workspaces/ls/servidor_minecraft/libraries/net/minecraftforge/javafmllanguage/1.20.1-47.3.7/javafmllanguage-1.20.1-47.3.7.jar is missing mods.toml file
[06Aug2025 14:44:40.537] [main/DEBUG] [net.minecraftforge.fml.loading.moddiscovery.ModFileParser/LOADING]: Considering mod file candidate /workspaces/ls/servidor_minecraft/libraries/net/minecraftforge/lowcodelanguage/1.20.1-47.3.7/lowcodelanguage-1.20.1-47.3.7.jar
[06Aug2025 14:44:40.538] [main/WARN] [net.minecraftforge.fml.loading.moddiscovery.ModFileParser/LOADING]: Mod file /workspaces/ls/servidor_minecraft/libraries/net/minecraftforge/lowcodelanguage/1.20.1-47.3.7/lowcodelanguage-1.20.1-47.3.7.jar is missing mods.toml file
[06Aug2025 14:44:40.539] [main/DEBUG] [net.minecraftforge.fml.loading.moddiscovery.ModFileParser/LOADING]: Considering mod file candidate /workspaces/ls/servidor_minecraft/libraries/net/minecraftforge/mclanguage/1.20.1-47.3.7/mclanguage-1.20.1-47.3.7.jar
[06Aug2025 14:44:40.539] [main/WARN] [net.minecraftforge.fml.loading.moddiscovery.ModFileParser/LOADING]: Mod file /workspaces/ls/servidor_minecraft/libraries/net/minecraftforge/mclanguage/1.20.1-47.3.7/mclanguage-1.20.1-47.3.7.jar is missing mods.toml file
[06Aug2025 14:44:40.661] [main/DEBUG] [net.minecraftforge.fml.loading.moddiscovery.ModFileParser/LOADING]: Considering mod file candidate /workspaces/ls/servidor_minecraft/libraries/net/minecraftforge/forge/1.20.1-47.3.7/forge-1.20.1-47.3.7-universal.jar
[06Aug2025 14:44:40.662] [main/DEBUG] [net.minecraftforge.fml.loading.moddiscovery.ModFileInfo/LOADING]: Found valid mod file forge-1.20.1-47.3.7-universal.jar with {forge} mods - versions {47.3.7}
[06Aug2025 14:44:40.674] [main/DEBUG] [net.minecraftforge.fml.loading.moddiscovery.AbstractJarFileDependencyLocator/]: Failed to load resource META-INF/jarjar/metadata.json from mcwbyg-1.20.1-1.2.1.jar, it does not contain dependency information.
[06Aug2025 14:44:40.674] [main/DEBUG] [net.minecraftforge.fml.loading.moddiscovery.AbstractJarFileDependencyLocator/]: Failed to load resource META-INF/jarjar/metadata.json from alexsmobs-1.22.9.jar, it does not contain dependency information.
[06Aug2025 14:44:40.674] [main/DEBUG] [net.minecraftforge.fml.loading.moddiscovery.AbstractJarFileDependencyLocator/]: Failed to load resource META-INF/jarjar/metadata.json from Oh-The-Biomes-Weve-Gone-Forge-1.5.11.jar, it does not contain dependency information.
[06Aug2025 14:44:40.674] [main/DEBUG] [net.minecraftforge.fml.loading.moddiscovery.AbstractJarFileDependencyLocator/]: Failed to load resource META-INF/jarjar/metadata.json from jei-1.20.1-forge-15.20.0.112.jar, it does not contain dependency information.
[06Aug2025 14:44:40.675] [main/DEBUG] [net.minecraftforge.fml.loading.moddiscovery.AbstractJarFileDependencyLocator/]: Failed to load resource META-INF/jarjar/metadata.json from libraryferret-forge-1.20.1-4.0.0.jar, it does not contain dependency information.
[06Aug2025 14:44:40.675] [main/DEBUG] [net.minecraftforge.fml.loading.moddiscovery.AbstractJarFileDependencyLocator/]: Failed to load resource META-INF/jarjar/metadata.json from goblintraders-forge-1.20.1-1.9.3.jar, it does not contain dependency information.
[06Aug2025 14:44:40.675] [main/DEBUG] [net.minecraftforge.fml.loading.moddiscovery.AbstractJarFileDependencyLocator/]: Failed to load resource META-INF/jarjar/metadata.json from dynamiclights-v1.8.6-mc1.17-1.21.5-mod.jar, it does not contain dependency information.
[06Aug2025 14:44:40.675] [main/DEBUG] [net.minecraftforge.fml.loading.moddiscovery.AbstractJarFileDependencyLocator/]: Failed to load resource META-INF/jarjar/metadata.json from Incendium_1.20.x_v5.3.5.jar, it does not contain dependency information.
[06Aug2025 14:44:40.675] [main/DEBUG] [net.minecraftforge.fml.loading.moddiscovery.AbstractJarFileDependencyLocator/]: Failed to load resource META-INF/jarjar/metadata.json from sophisticatedcore-1.20.1-1.2.69.1005.jar, it does not contain dependency information.
[06Aug2025 14:44:40.675] [main/DEBUG] [net.minecraftforge.fml.loading.moddiscovery.AbstractJarFileDependencyLocator/]: Failed to load resource META-INF/jarjar/metadata.json from gpumemleakfix-1.20.1-1.8.jar, it does not contain dependency information.
[06Aug2025 14:44:40.675] [main/DEBUG] [net.minecraftforge.fml.loading.moddiscovery.AbstractJarFileDependencyLocator/]: Failed to load resource META-INF/jarjar/metadata.json from sound-physics-remastered-forge-1.20.1-1.4.13.jar, it does not contain dependency information.
[06Aug2025 14:44:40.676] [main/DEBUG] [net.minecraftforge.fml.loading.moddiscovery.AbstractJarFileDependencyLocator/]: Failed to load resource META-INF/jarjar/metadata.json from waystones-forge-1.20.1-14.1.13.jar, it does not contain dependency information.
[06Aug2025 14:44:40.676] [main/DEBUG] [net.minecraftforge.fml.loading.moddiscovery.AbstractJarFileDependencyLocator/]: Failed to load resource META-INF/jarjar/metadata.json from journeymap-1.20.1-5.10.3-forge.jar, it does not contain dependency information.
[06Aug2025 14:44:40.676] [main/DEBUG] [net.minecraftforge.fml.loading.moddiscovery.AbstractJarFileDependencyLocator/]: Failed to load resource META-INF/jarjar/metadata.json from citadel-2.6.1-1.20.1.jar, it does not contain dependency information.
[06Aug2025 14:44:40.676] [main/DEBUG] [net.minecraftforge.fml.loading.moddiscovery.AbstractJarFileDependencyLocator/]: Failed to load resource META-INF/jarjar/metadata.json from badpackets-forge-0.4.3.jar, it does not contain dependency information.
[06Aug2025 14:44:40.676] [main/DEBUG] [net.minecraftforge.fml.loading.moddiscovery.AbstractJarFileDependencyLocator/]: Failed to load resource META-INF/jarjar/metadata.json from Dungeon Crawl-1.20.1-2.3.15.jar, it does not contain dependency information.
[06Aug2025 14:44:40.677] [main/DEBUG] [net.minecraftforge.fml.loading.moddiscovery.AbstractJarFileDependencyLocator/]: Failed to load resource META-INF/jarjar/metadata.json from sophisticatedbackpacks-1.20.1-3.23.19.1251.jar, it does not contain dependency information.
[06Aug2025 14:44:40.677] [main/DEBUG] [net.minecraftforge.fml.loading.moddiscovery.AbstractJarFileDependencyLocator/]: Failed to load resource META-INF/jarjar/metadata.json from Orcz_0.87_1.20.1.jar, it does not contain dependency information.
[06Aug2025 14:44:40.677] [main/DEBUG] [net.minecraftforge.fml.loading.moddiscovery.AbstractJarFileDependencyLocator/]: Failed to load resource META-INF/jarjar/metadata.json from BOMD-Forge-1.20.1-1.1.2.jar, it does not contain dependency information.
[06Aug2025 14:44:40.677] [main/DEBUG] [net.minecraftforge.fml.loading.moddiscovery.AbstractJarFileDependencyLocator/]: Failed to load resource META-INF/jarjar/metadata.json from Terralith_1.20.x_v2.5.4.jar, it does not contain dependency information.
[06Aug2025 14:44:40.677] [main/DEBUG] [net.minecraftforge.fml.loading.moddiscovery.AbstractJarFileDependencyLocator/]: Failed to load resource META-INF/jarjar/metadata.json from FpsReducer2-forge-1.20-2.5.jar, it does not contain dependency information.
[06Aug2025 14:44:40.677] [main/DEBUG] [net.minecraftforge.fml.loading.moddiscovery.AbstractJarFileDependencyLocator/]: Failed to load resource META-INF/jarjar/metadata.json from memoryleakfix-forge-1.17+-1.1.4.jar, it does not contain dependency information.
[06Aug2025 14:44:40.678] [main/DEBUG] [net.minecraftforge.fml.loading.moddiscovery.AbstractJarFileDependencyLocator/]: Failed to load resource META-INF/jarjar/metadata.json from mythicmounts-20.1-7.4.2-forge.jar, it does not contain dependency information.
[06Aug2025 14:44:40.678] [main/DEBUG] [net.minecraftforge.fml.loading.moddiscovery.AbstractJarFileDependencyLocator/]: Failed to load resource META-INF/jarjar/metadata.json from DungeonsAriseSevenSeas-1.20.x-1.0.2-forge.jar, it does not contain dependency information.
[06Aug2025 14:44:40.678] [main/DEBUG] [net.minecraftforge.fml.loading.moddiscovery.AbstractJarFileDependencyLocator/]: Failed to load resource META-INF/jarjar/metadata.json from cloth-config-11.1.136-forge.jar, it does not contain dependency information.
[06Aug2025 14:44:40.678] [main/DEBUG] [net.minecraftforge.fml.loading.moddiscovery.AbstractJarFileDependencyLocator/]: Failed to load resource META-INF/jarjar/metadata.json from forge-1.20.1-47.3.7-universal.jar, it does not contain dependency information.
[06Aug2025 14:44:40.678] [main/DEBUG] [net.minecraftforge.fml.loading.moddiscovery.AbstractJarFileDependencyLocator/]: Failed to load resource META-INF/jarjar/metadata.json from Craftable_Elytra[REMASTERED][2.2]1.20.1.jar, it does not contain dependency information.
[06Aug2025 14:44:40.678] [main/DEBUG] [net.minecraftforge.fml.loading.moddiscovery.AbstractJarFileDependencyLocator/]: Failed to load resource META-INF/jarjar/metadata.json from tl_skin_cape_forge_1.20_1.20.1-1.32.jar, it does not contain dependency information.
[06Aug2025 14:44:40.678] [main/DEBUG] [net.minecraftforge.fml.loading.moddiscovery.AbstractJarFileDependencyLocator/]: Failed to load resource META-INF/jarjar/metadata.json from Emojiful-Forge-1.20.1-4.2.0.jar, it does not contain dependency information.
[06Aug2025 14:44:40.678] [main/DEBUG] [net.minecraftforge.fml.loading.moddiscovery.AbstractJarFileDependencyLocator/]: Failed to load resource META-INF/jarjar/metadata.json from Better Fishing Rods 1.0.0 - 1.20.1.jar, it does not contain dependency information.
[06Aug2025 14:44:40.678] [main/DEBUG] [net.minecraftforge.fml.loading.moddiscovery.AbstractJarFileDependencyLocator/]: Failed to load resource META-INF/jarjar/metadata.json from konkrete_forge_1.8.0_MC_1.20-1.20.1.jar, it does not contain dependency information.
[06Aug2025 14:44:40.679] [main/DEBUG] [net.minecraftforge.fml.loading.moddiscovery.AbstractJarFileDependencyLocator/]: Failed to load resource META-INF/jarjar/metadata.json from DungeonsArise-1.20.x-2.1.58-release.jar, it does not contain dependency information.
[06Aug2025 14:44:40.679] [main/DEBUG] [net.minecraftforge.fml.loading.moddiscovery.AbstractJarFileDependencyLocator/]: Failed to load resource META-INF/jarjar/metadata.json from server-1.20.1-20230612.114412-srg.jar, it does not contain dependency information.
[06Aug2025 14:44:40.679] [main/DEBUG] [net.minecraftforge.fml.loading.moddiscovery.AbstractJarFileDependencyLocator/]: Failed to load resource META-INF/jarjar/metadata.json from smoothchunk-1.20.1-4.1.jar, it does not contain dependency information.
[06Aug2025 14:44:40.679] [main/DEBUG] [net.minecraftforge.fml.loading.moddiscovery.AbstractJarFileDependencyLocator/]: Failed to load resource META-INF/jarjar/metadata.json from voicechat-forge-1.20.1-2.5.30.jar, it does not contain dependency information.
[06Aug2025 14:44:40.679] [main/DEBUG] [net.minecraftforge.fml.loading.moddiscovery.AbstractJarFileDependencyLocator/]: Failed to load resource META-INF/jarjar/metadata.json from simplyswords-forge-1.56.0-1.20.1.jar, it does not contain dependency information.
[06Aug2025 14:44:40.679] [main/DEBUG] [net.minecraftforge.fml.loading.moddiscovery.AbstractJarFileDependencyLocator/]: Failed to load resource META-INF/jarjar/metadata.json from TerraBlender-forge-1.20.1-3.0.1.10.jar, it does not contain dependency information.
[06Aug2025 14:44:40.680] [main/DEBUG] [net.minecraftforge.fml.loading.moddiscovery.AbstractJarFileDependencyLocator/]: Failed to load resource META-INF/jarjar/metadata.json from MoreBows-1.0.13+1.20.x.forge.jar, it does not contain dependency information.
[06Aug2025 14:44:40.680] [main/DEBUG] [net.minecraftforge.fml.loading.moddiscovery.AbstractJarFileDependencyLocator/]: Failed to load resource META-INF/jarjar/metadata.json from CreativeCore_FORGE_v2.12.32_mc1.20.1.jar, it does not contain dependency information.
[06Aug2025 14:44:40.680] [main/DEBUG] [net.minecraftforge.fml.loading.moddiscovery.AbstractJarFileDependencyLocator/]: Failed to load resource META-INF/jarjar/metadata.json from Oh-The-Trees-Youll-Grow-forge-1.20.1-1.3.13.jar, it does not contain dependency information.
[06Aug2025 14:44:40.680] [main/DEBUG] [net.minecraftforge.fml.loading.moddiscovery.AbstractJarFileDependencyLocator/]: Failed to load resource META-INF/jarjar/metadata.json from Corgilib-Forge-1.20.1-4.0.3.4.jar, it does not contain dependency information.
[06Aug2025 14:44:40.680] [main/DEBUG] [net.minecraftforge.fml.loading.moddiscovery.AbstractJarFileDependencyLocator/]: Failed to load resource META-INF/jarjar/metadata.json from resourcefulconfig-forge-1.20.1-2.1.3.jar, it does not contain dependency information.
[06Aug2025 14:44:40.680] [main/DEBUG] [net.minecraftforge.fml.loading.moddiscovery.AbstractJarFileDependencyLocator/]: Failed to load resource META-INF/jarjar/metadata.json from wthit-forge-8.16.3.jar, it does not contain dependency information.
[06Aug2025 14:44:40.680] [main/DEBUG] [net.minecraftforge.fml.loading.moddiscovery.AbstractJarFileDependencyLocator/]: Failed to load resource META-INF/jarjar/metadata.json from Trapcraft-1.20.1-2.10.2.jar, it does not contain dependency information.
[06Aug2025 14:44:40.681] [main/DEBUG] [net.minecraftforge.fml.loading.moddiscovery.AbstractJarFileDependencyLocator/]: Failed to load resource META-INF/jarjar/metadata.json from collective-1.20.1-8.3.jar, it does not contain dependency information.
[06Aug2025 14:44:40.681] [main/DEBUG] [net.minecraftforge.fml.loading.moddiscovery.AbstractJarFileDependencyLocator/]: Failed to load resource META-INF/jarjar/metadata.json from CerbonsAPI-Forge-1.20.1-1.1.0.jar, it does not contain dependency information.
[06Aug2025 14:44:40.681] [main/DEBUG] [net.minecraftforge.fml.loading.moddiscovery.AbstractJarFileDependencyLocator/]: Failed to load resource META-INF/jarjar/metadata.json from [1.20.1] SecurityCraft v1.10.0.1.jar, it does not contain dependency information.
[06Aug2025 14:44:40.681] [main/DEBUG] [net.minecraftforge.fml.loading.moddiscovery.AbstractJarFileDependencyLocator/]: Failed to load resource META-INF/jarjar/metadata.json from dungeons-and-taverns-3.0.3.f[Forge].jar, it does not contain dependency information.
[06Aug2025 14:44:40.681] [main/DEBUG] [net.minecraftforge.fml.loading.moddiscovery.AbstractJarFileDependencyLocator/]: Failed to load resource META-INF/jarjar/metadata.json from entityculling-forge-1.7.4-mc1.20.1.jar, it does not contain dependency information.
[06Aug2025 14:44:40.681] [main/DEBUG] [net.minecraftforge.fml.loading.moddiscovery.AbstractJarFileDependencyLocator/]: Failed to load resource META-INF/jarjar/metadata.json from tombstone-1.20.1-8.9.6.jar, it does not contain dependency information.
[06Aug2025 14:44:40.682] [main/DEBUG] [net.minecraftforge.fml.loading.moddiscovery.AbstractJarFileDependencyLocator/]: Failed to load resource META-INF/jarjar/metadata.json from deeperdarker-forge-1.20.1-1.3.3.jar, it does not contain dependency information.
[06Aug2025 14:44:40.682] [main/DEBUG] [net.minecraftforge.fml.loading.moddiscovery.AbstractJarFileDependencyLocator/]: Failed to load resource META-INF/jarjar/metadata.json from architectury-9.2.14-forge.jar, it does not contain dependency information.
[06Aug2025 14:44:40.682] [main/DEBUG] [net.minecraftforge.fml.loading.moddiscovery.AbstractJarFileDependencyLocator/]: Failed to load resource META-INF/jarjar/metadata.json from ferritecore-6.0.1-forge.jar, it does not contain dependency information.
[06Aug2025 14:44:40.682] [main/DEBUG] [net.minecraftforge.fml.loading.moddiscovery.AbstractJarFileDependencyLocator/]: Failed to load resource META-INF/jarjar/metadata.json from cupboard-1.20.1-2.7.jar, it does not contain dependency information.
[06Aug2025 14:44:40.683] [main/DEBUG] [net.minecraftforge.fml.loading.moddiscovery.AbstractJarFileDependencyLocator/]: Failed to load resource META-INF/jarjar/metadata.json from flib-1.20.1-0.0.15.jar, it does not contain dependency information.
[06Aug2025 14:44:40.683] [main/DEBUG] [net.minecraftforge.fml.loading.moddiscovery.AbstractJarFileDependencyLocator/]: Failed to load resource META-INF/jarjar/metadata.json from DerexMaceMod-Balanced-1.20.1-8.1.7.2.jar, it does not contain dependency information.
[06Aug2025 14:44:40.683] [main/DEBUG] [net.minecraftforge.fml.loading.moddiscovery.AbstractJarFileDependencyLocator/]: Failed to load resource META-INF/jarjar/metadata.json from addonslib-1.20.1-1.4.jar, it does not contain dependency information.
[06Aug2025 14:44:40.683] [main/DEBUG] [net.minecraftforge.fml.loading.moddiscovery.AbstractJarFileDependencyLocator/]: Failed to load resource META-INF/jarjar/metadata.json from framework-forge-1.20.1-0.7.15.jar, it does not contain dependency information.
[06Aug2025 14:44:40.683] [main/DEBUG] [net.minecraftforge.fml.loading.moddiscovery.AbstractJarFileDependencyLocator/]: Failed to load resource META-INF/jarjar/metadata.json from Inventory Management Deluxe-1.20.1-Forge-1.0.3.jar, it does not contain dependency information.
[06Aug2025 14:44:40.683] [main/DEBUG] [net.minecraftforge.fml.loading.moddiscovery.AbstractJarFileDependencyLocator/]: Failed to load resource META-INF/jarjar/metadata.json from CHA-S-1.20-forge.jar, it does not contain dependency information.
[06Aug2025 14:44:40.683] [main/DEBUG] [net.minecraftforge.fml.loading.moddiscovery.AbstractJarFileDependencyLocator/]: Failed to load resource META-INF/jarjar/metadata.json from PlayerRevive_FORGE_v2.0.31_mc1.20.1.jar, it does not contain dependency information.
[06Aug2025 14:44:40.683] [main/DEBUG] [net.minecraftforge.fml.loading.moddiscovery.AbstractJarFileDependencyLocator/]: Failed to load resource META-INF/jarjar/metadata.json from DarkModeEverywhere-1.20.1-1.2.4.jar, it does not contain dependency information.
[06Aug2025 14:44:40.684] [main/DEBUG] [net.minecraftforge.fml.loading.moddiscovery.AbstractJarFileDependencyLocator/]: Failed to load resource META-INF/jarjar/metadata.json from mclanguage-1.20.1-47.3.7.jar, it does not contain dependency information.
[06Aug2025 14:44:40.684] [main/DEBUG] [net.minecraftforge.fml.loading.moddiscovery.AbstractJarFileDependencyLocator/]: Failed to load resource META-INF/jarjar/metadata.json from javafmllanguage-1.20.1-47.3.7.jar, it does not contain dependency information.
[06Aug2025 14:44:40.684] [main/DEBUG] [net.minecraftforge.fml.loading.moddiscovery.AbstractJarFileDependencyLocator/]: Failed to load resource META-INF/jarjar/metadata.json from fmlcore-1.20.1-47.3.7.jar, it does not contain dependency information.
[06Aug2025 14:44:40.684] [main/DEBUG] [net.minecraftforge.fml.loading.moddiscovery.AbstractJarFileDependencyLocator/]: Failed to load resource META-INF/jarjar/metadata.json from lowcodelanguage-1.20.1-47.3.7.jar, it does not contain dependency information.
[06Aug2025 14:44:40.734] [main/DEBUG] [net.minecraftforge.fml.loading.moddiscovery.ModFileParser/LOADING]: Considering mod file candidate 
[06Aug2025 14:44:40.735] [main/DEBUG] [net.minecraftforge.fml.loading.moddiscovery.ModFileInfo/LOADING]: Found valid mod file expandability-forge-9.0.4.jar with {expandability} mods - versions {9.0.4}
[06Aug2025 14:44:40.737] [main/DEBUG] [net.minecraftforge.fml.loading.moddiscovery.ModFileParser/LOADING]: Considering mod file candidate 
[06Aug2025 14:44:40.738] [main/DEBUG] [net.minecraftforge.fml.loading.moddiscovery.ModFileInfo/LOADING]: Found valid mod file mixinextras-forge-0.3.5.jar with {mixinextras} mods - versions {0.3.5}
[06Aug2025 14:44:40.765] [main/DEBUG] [net.minecraftforge.fml.loading.moddiscovery.ModFileParser/LOADING]: Considering mod file candidate 
[06Aug2025 14:44:40.765] [main/DEBUG] [net.minecraftforge.fml.loading.moddiscovery.ModFileInfo/LOADING]: Found valid mod file fabric-api-base-0.4.31+ef105b4977.jar with {fabric_api_base} mods - versions {0.4.31+ef105b4977}
[06Aug2025 14:44:40.767] [main/DEBUG] [net.minecraftforge.fml.loading.moddiscovery.ModFileParser/LOADING]: Considering mod file candidate 
[06Aug2025 14:44:40.767] [main/DEBUG] [net.minecraftforge.fml.loading.moddiscovery.ModFileInfo/LOADING]: Found valid mod file fabric-data-attachment-api-v1-1.0.0+30ef839e77.jar with {fabric_data_attachment_api_v1} mods - versions {1.0.0+30ef839e77}
[06Aug2025 14:44:40.769] [main/DEBUG] [net.minecraftforge.fml.loading.moddiscovery.ModFileParser/LOADING]: Considering mod file candidate 
[06Aug2025 14:44:40.769] [main/DEBUG] [net.minecraftforge.fml.loading.moddiscovery.ModFileInfo/LOADING]: Found valid mod file fabric-entity-events-v1-1.6.0+6274ab9d77.jar with {fabric_entity_events_v1} mods - versions {1.6.0+6274ab9d77}
[06Aug2025 14:44:40.771] [main/DEBUG] [net.minecraftforge.fml.loading.moddiscovery.ModFileParser/LOADING]: Considering mod file candidate 
[06Aug2025 14:44:40.772] [main/DEBUG] [net.minecraftforge.fml.loading.moddiscovery.ModFileInfo/LOADING]: Found valid mod file fabric-object-builder-api-v1-11.1.3+2174fc8477.jar with {fabric_object_builder_api_v1} mods - versions {11.1.3+2174fc8477}
[06Aug2025 14:44:40.775] [main/DEBUG] [net.minecraftforge.fml.loading.moddiscovery.ModFileParser/LOADING]: Considering mod file candidate 
[06Aug2025 14:44:40.775] [main/DEBUG] [net.minecraftforge.fml.loading.moddiscovery.ModFileInfo/LOADING]: Found valid mod file mixinextras-forge-0.3.5.jar with {mixinextras} mods - versions {0.3.5}
[06Aug2025 14:44:40.778] [main/DEBUG] [net.minecraftforge.fml.loading.moddiscovery.ModFileParser/LOADING]: Considering mod file candidate 
[06Aug2025 14:44:40.779] [main/DEBUG] [net.minecraftforge.fml.loading.moddiscovery.ModFileInfo/LOADING]: Found valid mod file mixinextras-forge-0.3.5.jar with {mixinextras} mods - versions {0.3.5}
[06Aug2025 14:44:40.782] [main/DEBUG] [net.minecraftforge.fml.loading.moddiscovery.ModFileParser/LOADING]: Considering mod file candidate 
[06Aug2025 14:44:40.783] [main/DEBUG] [net.minecraftforge.fml.loading.moddiscovery.ModFileInfo/LOADING]: Found valid mod file athena-forge-1.20.1-3.1.1.jar with {athena} mods - versions {3.1.1}
[06Aug2025 14:44:40.784] [main/DEBUG] [net.minecraftforge.fml.loading.moddiscovery.ModFileParser/LOADING]: Considering mod file candidate 
[06Aug2025 14:44:40.785] [main/DEBUG] [net.minecraftforge.fml.loading.moddiscovery.ModFileInfo/LOADING]: Found valid mod file mixinextras-forge-0.4.1.jar with {mixinextras} mods - versions {0.4.1}
[06Aug2025 14:44:40.787] [main/DEBUG] [net.minecraftforge.fml.loading.moddiscovery.ModFileParser/LOADING]: Considering mod file candidate 
[06Aug2025 14:44:40.788] [main/DEBUG] [net.minecraftforge.fml.loading.moddiscovery.ModFileInfo/LOADING]: Found valid mod file spectrelib-forge-0.13.15+1.20.1.jar with {spectrelib} mods - versions {0.13.15+1.20.1}
[06Aug2025 14:44:40.790] [main/DEBUG] [net.minecraftforge.fml.loading.moddiscovery.ModFileParser/LOADING]: Considering mod file candidate 
[06Aug2025 14:44:40.790] [main/DEBUG] [net.minecraftforge.fml.loading.moddiscovery.ModFileInfo/LOADING]: Found valid mod file mixinextras-forge-0.3.6.jar with {mixinextras} mods - versions {0.3.6}
[06Aug2025 14:44:40.794] [main/DEBUG] [net.minecraftforge.fml.loading.moddiscovery.ModFileParser/LOADING]: Considering mod file candidate 
[06Aug2025 14:44:40.794] [main/DEBUG] [net.minecraftforge.fml.loading.moddiscovery.ModFileInfo/LOADING]: Found valid mod file mixinextras-forge-0.3.5.jar with {mixinextras} mods - versions {0.3.5}
[06Aug2025 14:44:40.795] [main/DEBUG] [net.minecraftforge.fml.loading.moddiscovery.ModFileParser/LOADING]: Considering mod file candidate 
[06Aug2025 14:44:40.796] [main/DEBUG] [net.minecraftforge.fml.loading.moddiscovery.ModFileInfo/LOADING]: Found valid mod file mixinextras-forge-0.4.1.jar with {mixinextras} mods - versions {0.4.1}
[06Aug2025 14:44:40.798] [main/DEBUG] [net.minecraftforge.fml.loading.moddiscovery.ModFileParser/LOADING]: Considering mod file candidate 
[06Aug2025 14:44:40.798] [main/DEBUG] [net.minecraftforge.fml.loading.moddiscovery.ModFileInfo/LOADING]: Found valid mod file mixinextras-forge-0.3.6.jar with {mixinextras} mods - versions {0.3.6}
[06Aug2025 14:44:40.800] [main/DEBUG] [net.minecraftforge.fml.loading.moddiscovery.ModFileParser/LOADING]: Considering mod file candidate 
[06Aug2025 14:44:40.800] [main/DEBUG] [net.minecraftforge.fml.loading.moddiscovery.ModFileInfo/LOADING]: Found valid mod file mixinextras-forge-0.3.5.jar with {mixinextras} mods - versions {0.3.5}
[06Aug2025 14:44:40.801] [main/DEBUG] [net.minecraftforge.fml.loading.moddiscovery.ModFileParser/LOADING]: Considering mod file candidate 
[06Aug2025 14:44:40.802] [main/DEBUG] [net.minecraftforge.fml.loading.moddiscovery.ModFileInfo/LOADING]: Found valid mod file kuma-api-forge-20.1.10+1.20.1.jar with {kuma_api} mods - versions {20.1.10}
[06Aug2025 14:44:40.805] [main/DEBUG] [net.minecraftforge.fml.loading.moddiscovery.ModFileParser/LOADING]: Considering mod file candidate 
[06Aug2025 14:44:40.805] [main/DEBUG] [net.minecraftforge.fml.loading.moddiscovery.ModFileInfo/LOADING]: Found valid mod file mixinextras-forge-0.4.1.jar with {mixinextras} mods - versions {0.4.1}
[06Aug2025 14:44:40.807] [main/DEBUG] [net.minecraftforge.fml.loading.moddiscovery.ModFileParser/LOADING]: Considering mod file candidate 
[06Aug2025 14:44:40.808] [main/DEBUG] [net.minecraftforge.fml.loading.moddiscovery.ModFileInfo/LOADING]: Found valid mod file mixinextras-forge-0.2.0-beta.6.jar with {mixinextras} mods - versions {0.2.0-beta.6}
[06Aug2025 14:44:40.810] [main/DEBUG] [net.minecraftforge.fml.loading.moddiscovery.ModFileParser/LOADING]: Considering mod file candidate 
[06Aug2025 14:44:40.810] [main/DEBUG] [net.minecraftforge.fml.loading.moddiscovery.ModFileInfo/LOADING]: Found valid mod file puzzlesaccessapi-forge-20.1.1.jar with {puzzlesaccessapi} mods - versions {20.1.1}
[06Aug2025 14:44:40.811] [main/DEBUG] [net.minecraftforge.fml.loading.moddiscovery.ModFileParser/LOADING]: Considering mod file candidate 
[06Aug2025 14:44:40.812] [main/DEBUG] [net.minecraftforge.fml.loading.moddiscovery.ModFileInfo/LOADING]: Found valid mod file mixinextras-forge-0.4.1.jar with {mixinextras} mods - versions {0.4.1}
[06Aug2025 14:44:40.823] [main/DEBUG] [net.minecraftforge.fml.loading.moddiscovery.ModFileParser/LOADING]: Considering mod file candidate 
[06Aug2025 14:44:40.823] [main/DEBUG] [net.minecraftforge.fml.loading.moddiscovery.ModFileInfo/LOADING]: Found valid mod file resourcefullib-forge-1.20.1-2.1.20.jar with {resourcefullib} mods - versions {2.1.20}
[06Aug2025 14:44:40.823] [main/DEBUG] [net.minecraftforge.fml.loading.moddiscovery.AbstractJarFileDependencyLocator/]: Failed to load resource META-INF/jarjar/metadata.json from yabn-1.0.3.jar, it does not contain dependency information.
[06Aug2025 14:44:40.823] [main/DEBUG] [net.minecraftforge.fml.loading.moddiscovery.AbstractJarFileDependencyLocator/]: Failed to load resource META-INF/jarjar/metadata.json from bytecodecs-1.0.2.jar, it does not contain dependency information.
[06Aug2025 14:44:40.829] [main/DEBUG] [net.minecraftforge.fml.loading.moddiscovery.AbstractJarFileDependencyLocator/]: Failed to load resource META-INF/jarjar/metadata.json from common-image-3.12.0.jar, it does not contain dependency information.
[06Aug2025 14:44:40.830] [main/DEBUG] [net.minecraftforge.fml.loading.moddiscovery.AbstractJarFileDependencyLocator/]: Failed to load resource META-INF/jarjar/metadata.json from common-io-3.12.0.jar, it does not contain dependency information.
[06Aug2025 14:44:40.830] [main/DEBUG] [net.minecraftforge.fml.loading.moddiscovery.AbstractJarFileDependencyLocator/]: Failed to load resource META-INF/jarjar/metadata.json from common-lang-3.12.0.jar, it does not contain dependency information.
[06Aug2025 14:44:40.830] [main/DEBUG] [net.minecraftforge.fml.loading.moddiscovery.AbstractJarFileDependencyLocator/]: Failed to load resource META-INF/jarjar/metadata.json from imageio-core-3.12.0.jar, it does not contain dependency information.
[06Aug2025 14:44:40.830] [main/DEBUG] [net.minecraftforge.fml.loading.moddiscovery.AbstractJarFileDependencyLocator/]: Failed to load resource META-INF/jarjar/metadata.json from imageio-metadata-3.12.0.jar, it does not contain dependency information.
[06Aug2025 14:44:40.830] [main/DEBUG] [net.minecraftforge.fml.loading.moddiscovery.AbstractJarFileDependencyLocator/]: Failed to load resource META-INF/jarjar/metadata.json from imageio-webp-3.12.0.jar, it does not contain dependency information.
[06Aug2025 14:44:40.830] [main/DEBUG] [net.minecraftforge.fml.loading.moddiscovery.AbstractJarFileDependencyLocator/]: Failed to load resource META-INF/jarjar/metadata.json from gson-0.2.1.jar, it does not contain dependency information.
[06Aug2025 14:44:40.830] [main/DEBUG] [net.minecraftforge.fml.loading.moddiscovery.AbstractJarFileDependencyLocator/]: Failed to load resource META-INF/jarjar/metadata.json from json-0.2.1.jar, it does not contain dependency information.
[06Aug2025 14:44:40.830] [main/DEBUG] [net.minecraftforge.fml.loading.moddiscovery.AbstractJarFileDependencyLocator/]: Failed to load resource META-INF/jarjar/metadata.json from endec-0.1.8.jar, it does not contain dependency information.
[06Aug2025 14:44:40.831] [main/DEBUG] [net.minecraftforge.fml.loading.moddiscovery.AbstractJarFileDependencyLocator/]: Failed to load resource META-INF/jarjar/metadata.json from fabric-api-base-0.4.31+ef105b4977.jar, it does not contain dependency information.
[06Aug2025 14:44:40.831] [main/DEBUG] [net.minecraftforge.fml.loading.moddiscovery.AbstractJarFileDependencyLocator/]: Failed to load resource META-INF/jarjar/metadata.json from fabric-data-attachment-api-v1-1.0.0+30ef839e77.jar, it does not contain dependency information.
[06Aug2025 14:44:40.831] [main/DEBUG] [net.minecraftforge.fml.loading.moddiscovery.AbstractJarFileDependencyLocator/]: Failed to load resource META-INF/jarjar/metadata.json from fabric-entity-events-v1-1.6.0+6274ab9d77.jar, it does not contain dependency information.
[06Aug2025 14:44:40.831] [main/DEBUG] [net.minecraftforge.fml.loading.moddiscovery.AbstractJarFileDependencyLocator/]: Failed to load resource META-INF/jarjar/metadata.json from fabric-object-builder-api-v1-11.1.3+2174fc8477.jar, it does not contain dependency information.
[06Aug2025 14:44:40.831] [main/DEBUG] [net.minecraftforge.fml.loading.moddiscovery.AbstractJarFileDependencyLocator/]: Failed to load resource META-INF/jarjar/metadata.json from gson-0.1.5.jar, it does not contain dependency information.
[06Aug2025 14:44:40.835] [main/DEBUG] [net.minecraftforge.fml.loading.moddiscovery.AbstractJarFileDependencyLocator/]: Failed to load resource META-INF/jarjar/metadata.json from netty-0.1.4.jar, it does not contain dependency information.
[06Aug2025 14:44:40.870] [main/DEBUG] [net.minecraftforge.fml.loading.moddiscovery.AbstractJarFileDependencyLocator/]: Failed to load resource META-INF/jarjar/metadata.json from athena-forge-1.20.1-3.1.1.jar, it does not contain dependency information.
[06Aug2025 14:44:40.875] [main/DEBUG] [net.minecraftforge.fml.loading.moddiscovery.AbstractJarFileDependencyLocator/]: Failed to load resource META-INF/jarjar/metadata.json from spectrelib-forge-0.13.15+1.20.1.jar, it does not contain dependency information.
[06Aug2025 14:44:40.879] [main/DEBUG] [net.minecraftforge.fml.loading.moddiscovery.AbstractJarFileDependencyLocator/]: Failed to load resource META-INF/jarjar/metadata.json from Reflect-1.3.4.jar, it does not contain dependency information.
[06Aug2025 14:44:40.893] [main/DEBUG] [net.minecraftforge.fml.loading.moddiscovery.AbstractJarFileDependencyLocator/]: Failed to load resource META-INF/jarjar/metadata.json from kuma-api-forge-20.1.10+1.20.1.jar, it does not contain dependency information.
[06Aug2025 14:44:40.894] [main/DEBUG] [net.minecraftforge.fml.loading.moddiscovery.AbstractJarFileDependencyLocator/]: Failed to load resource META-INF/jarjar/metadata.json from mclib-20.jar, it does not contain dependency information.
[06Aug2025 14:44:40.900] [main/DEBUG] [net.minecraftforge.fml.loading.moddiscovery.AbstractJarFileDependencyLocator/]: Failed to load resource META-INF/jarjar/metadata.json from puzzlesaccessapi-forge-20.1.1.jar, it does not contain dependency information.
[06Aug2025 14:44:40.904] [main/DEBUG] [net.minecraftforge.fml.loading.moddiscovery.AbstractJarFileDependencyLocator/]: Failed to load resource META-INF/jarjar/metadata.json from Registrate-MC1.20-1.3.3.jar, it does not contain dependency information.
[06Aug2025 14:44:40.907] [main/DEBUG] [net.minecraftforge.fml.loading.moddiscovery.AbstractJarFileDependencyLocator/]: Failed to load resource META-INF/jarjar/metadata.json from MixinExtras-0.1.1.jar, it does not contain dependency information.
[06Aug2025 14:44:40.907] [main/DEBUG] [net.minecraftforge.fml.loading.moddiscovery.AbstractJarFileDependencyLocator/]: Failed to load resource META-INF/jarjar/metadata.json from MixinExtras-0.3.5.jar, it does not contain dependency information.
[06Aug2025 14:44:40.907] [main/DEBUG] [net.minecraftforge.fml.loading.moddiscovery.AbstractJarFileDependencyLocator/]: Failed to load resource META-INF/jarjar/metadata.json from MixinExtras-0.3.5.jar, it does not contain dependency information.
[06Aug2025 14:44:40.907] [main/DEBUG] [net.minecraftforge.fml.loading.moddiscovery.AbstractJarFileDependencyLocator/]: Failed to load resource META-INF/jarjar/metadata.json from MixinExtras-0.3.5.jar, it does not contain dependency information.
[06Aug2025 14:44:40.907] [main/DEBUG] [net.minecraftforge.fml.loading.moddiscovery.AbstractJarFileDependencyLocator/]: Failed to load resource META-INF/jarjar/metadata.json from MixinExtras-0.4.1.jar, it does not contain dependency information.
[06Aug2025 14:44:40.907] [main/DEBUG] [net.minecraftforge.fml.loading.moddiscovery.AbstractJarFileDependencyLocator/]: Failed to load resource META-INF/jarjar/metadata.json from MixinExtras-0.3.6.jar, it does not contain dependency information.
[06Aug2025 14:44:40.908] [main/DEBUG] [net.minecraftforge.fml.loading.moddiscovery.AbstractJarFileDependencyLocator/]: Failed to load resource META-INF/jarjar/metadata.json from MixinExtras-0.3.5.jar, it does not contain dependency information.
[06Aug2025 14:44:40.908] [main/DEBUG] [net.minecraftforge.fml.loading.moddiscovery.AbstractJarFileDependencyLocator/]: Failed to load resource META-INF/jarjar/metadata.json from MixinExtras-0.4.1.jar, it does not contain dependency information.
[06Aug2025 14:44:40.908] [main/DEBUG] [net.minecraftforge.fml.loading.moddiscovery.AbstractJarFileDependencyLocator/]: Failed to load resource META-INF/jarjar/metadata.json from MixinExtras-0.3.6.jar, it does not contain dependency information.
[06Aug2025 14:44:40.908] [main/DEBUG] [net.minecraftforge.fml.loading.moddiscovery.AbstractJarFileDependencyLocator/]: Failed to load resource META-INF/jarjar/metadata.json from MixinExtras-0.3.5.jar, it does not contain dependency information.
[06Aug2025 14:44:40.908] [main/DEBUG] [net.minecraftforge.fml.loading.moddiscovery.AbstractJarFileDependencyLocator/]: Failed to load resource META-INF/jarjar/metadata.json from MixinExtras-0.4.1.jar, it does not contain dependency information.
[06Aug2025 14:44:40.908] [main/DEBUG] [net.minecraftforge.fml.loading.moddiscovery.AbstractJarFileDependencyLocator/]: Failed to load resource META-INF/jarjar/metadata.json from MixinExtras-0.2.0-beta.6.jar, it does not contain dependency information.
[06Aug2025 14:44:40.908] [main/DEBUG] [net.minecraftforge.fml.loading.moddiscovery.AbstractJarFileDependencyLocator/]: Failed to load resource META-INF/jarjar/metadata.json from MixinExtras-0.4.1.jar, it does not contain dependency information.
[06Aug2025 14:44:40.909] [main/DEBUG] [net.minecraftforge.fml.loading.moddiscovery.AbstractJarFileDependencyLocator/]: Failed to load resource META-INF/jarjar/metadata.json from yabn-1.0.3.jar, it does not contain dependency information.
[06Aug2025 14:44:40.909] [main/DEBUG] [net.minecraftforge.fml.loading.moddiscovery.AbstractJarFileDependencyLocator/]: Failed to load resource META-INF/jarjar/metadata.json from bytecodecs-1.0.2.jar, it does not contain dependency information.
[06Aug2025 14:44:40.931] [main/DEBUG] [net.minecraftforge.fml.loading.moddiscovery.ModFileParser/LOADING]: Considering mod file candidate 
[06Aug2025 14:44:40.931] [main/DEBUG] [net.minecraftforge.fml.loading.moddiscovery.ModFileInfo/LOADING]: Found valid mod file puzzlesaccessapi-forge-20.1.1.jar with {puzzlesaccessapi} mods - versions {20.1.1}
[06Aug2025 14:44:40.935] [main/DEBUG] [net.minecraftforge.fml.loading.moddiscovery.ModFileParser/LOADING]: Considering mod file candidate 
[06Aug2025 14:44:40.936] [main/DEBUG] [net.minecraftforge.fml.loading.moddiscovery.ModFileInfo/LOADING]: Found valid mod file fabric-api-base-0.4.31+ef105b4977.jar with {fabric_api_base} mods - versions {0.4.31+ef105b4977}
[06Aug2025 14:44:40.936] [main/DEBUG] [net.minecraftforge.fml.loading.moddiscovery.ModFileParser/LOADING]: Considering mod file candidate 
[06Aug2025 14:44:40.937] [main/DEBUG] [net.minecraftforge.fml.loading.moddiscovery.ModFileInfo/LOADING]: Found valid mod file fabric-data-attachment-api-v1-1.0.0+30ef839e77.jar with {fabric_data_attachment_api_v1} mods - versions {1.0.0+30ef839e77}
[06Aug2025 14:44:40.938] [main/DEBUG] [net.minecraftforge.fml.loading.moddiscovery.ModFileParser/LOADING]: Considering mod file candidate 
[06Aug2025 14:44:40.938] [main/DEBUG] [net.minecraftforge.fml.loading.moddiscovery.ModFileInfo/LOADING]: Found valid mod file mixinextras-forge-0.2.0-beta.6.jar with {mixinextras} mods - versions {0.2.0-beta.6}
[06Aug2025 14:44:40.942] [main/DEBUG] [net.minecraftforge.fml.loading.moddiscovery.ModFileParser/LOADING]: Considering mod file candidate 
[06Aug2025 14:44:40.942] [main/DEBUG] [net.minecraftforge.fml.loading.moddiscovery.ModFileInfo/LOADING]: Found valid mod file expandability-forge-9.0.4.jar with {expandability} mods - versions {9.0.4}
[06Aug2025 14:44:40.944] [main/DEBUG] [net.minecraftforge.fml.loading.moddiscovery.ModFileParser/LOADING]: Considering mod file candidate 
[06Aug2025 14:44:40.944] [main/DEBUG] [net.minecraftforge.fml.loading.moddiscovery.ModFileInfo/LOADING]: Found valid mod file kuma-api-forge-20.1.10+1.20.1.jar with {kuma_api} mods - versions {20.1.10}
[06Aug2025 14:44:40.947] [main/DEBUG] [net.minecraftforge.fml.loading.moddiscovery.ModFileParser/LOADING]: Considering mod file candidate 
[06Aug2025 14:44:40.948] [main/DEBUG] [net.minecraftforge.fml.loading.moddiscovery.ModFileInfo/LOADING]: Found valid mod file fabric-object-builder-api-v1-11.1.3+2174fc8477.jar with {fabric_object_builder_api_v1} mods - versions {11.1.3+2174fc8477}
[06Aug2025 14:44:40.952] [main/DEBUG] [net.minecraftforge.fml.loading.moddiscovery.ModFileParser/LOADING]: Considering mod file candidate 
[06Aug2025 14:44:40.952] [main/DEBUG] [net.minecraftforge.fml.loading.moddiscovery.ModFileInfo/LOADING]: Found valid mod file fabric-entity-events-v1-1.6.0+6274ab9d77.jar with {fabric_entity_events_v1} mods - versions {1.6.0+6274ab9d77}
[06Aug2025 14:44:40.959] [main/DEBUG] [net.minecraftforge.fml.loading.moddiscovery.ModFileParser/LOADING]: Considering mod file candidate 
[06Aug2025 14:44:40.960] [main/DEBUG] [net.minecraftforge.fml.loading.moddiscovery.ModFileInfo/LOADING]: Found valid mod file athena-forge-1.20.1-3.1.1.jar with {athena} mods - versions {3.1.1}
[06Aug2025 14:44:40.961] [main/DEBUG] [net.minecraftforge.fml.loading.moddiscovery.ModFileParser/LOADING]: Considering mod file candidate 
[06Aug2025 14:44:40.961] [main/DEBUG] [net.minecraftforge.fml.loading.moddiscovery.ModFileInfo/LOADING]: Found valid mod file spectrelib-forge-0.13.15+1.20.1.jar with {spectrelib} mods - versions {0.13.15+1.20.1}
[06Aug2025 14:44:40.965] [main/DEBUG] [net.minecraftforge.fml.loading.moddiscovery.ModFileParser/LOADING]: Considering mod file candidate 
[06Aug2025 14:44:40.966] [main/DEBUG] [net.minecraftforge.fml.loading.moddiscovery.ModFileInfo/LOADING]: Found valid mod file mixinextras-forge-0.4.1.jar with {mixinextras} mods - versions {0.4.1}
[06Aug2025 14:44:40.971] [main/DEBUG] [net.minecraftforge.fml.loading.moddiscovery.ModFileParser/LOADING]: Considering mod file candidate 
[06Aug2025 14:44:40.972] [main/DEBUG] [net.minecraftforge.fml.loading.moddiscovery.ModFileInfo/LOADING]: Found valid mod file resourcefullib-forge-1.20.1-2.1.20.jar with {resourcefullib} mods - versions {2.1.20}
[06Aug2025 14:44:40.974] [main/WARN] [net.minecraftforge.jarjar.selection.JarSelector/]: Attempted to select two dependency jars from JarJar which have the same identification: Mod File:  and Mod File: . Using Mod File: 
[06Aug2025 14:44:40.975] [main/WARN] [net.minecraftforge.jarjar.selection.JarSelector/]: Attempted to select a dependency jar for JarJar which was passed in as source: resourcefullib. Using Mod File: /workspaces/ls/servidor_minecraft/mods/resourcefullib-forge-1.20.1-2.1.29.jar
[06Aug2025 14:44:40.976] [main/INFO] [net.minecraftforge.fml.loading.moddiscovery.JarInJarDependencyLocator/]: Found 27 dependencies adding them to mods collection
[06Aug2025 14:44:40.978] [main/DEBUG] [net.minecraftforge.fml.loading.moddiscovery.ModFileParser/LOADING]: Considering mod file candidate /workspaces/ls/servidor_minecraft/mods/hexerei-0.4.2.3.jar
[06Aug2025 14:44:40.978] [main/DEBUG] [net.minecraftforge.fml.loading.moddiscovery.ModFileInfo/LOADING]: Found valid mod file hexerei-0.4.2.3.jar with {hexerei} mods - versions {1.20.1-0.4.2.3}
[06Aug2025 14:44:40.980] [main/DEBUG] [net.minecraftforge.fml.loading.moddiscovery.ModFile/LOADING]: Loading mod file /workspaces/ls/servidor_minecraft/mods/hexerei-0.4.2.3.jar with languages [LanguageSpec[languageName=javafml, acceptedVersions=[4.10,)]]
[06Aug2025 14:44:40.981] [main/DEBUG] [net.minecraftforge.fml.loading.moddiscovery.ModFileParser/LOADING]: Considering mod file candidate 
[06Aug2025 14:44:40.981] [main/DEBUG] [net.minecraftforge.fml.loading.moddiscovery.ModFileInfo/LOADING]: Found valid mod file kuma-api-forge-20.1.10+1.20.1.jar with {kuma_api} mods - versions {20.1.10}
[06Aug2025 14:44:40.982] [main/DEBUG] [net.minecraftforge.fml.loading.moddiscovery.ModFile/LOADING]: Loading mod file  with languages [LanguageSpec[languageName=javafml, acceptedVersions=[47,)]]
[06Aug2025 14:44:40.982] [main/DEBUG] [net.minecraftforge.fml.loading.moddiscovery.ModFileParser/LOADING]: Considering mod file candidate /workspaces/ls/servidor_minecraft/mods/EasyAnvils-v8.0.2-1.20.1-Forge.jar
[06Aug2025 14:44:40.982] [main/DEBUG] [net.minecraftforge.fml.loading.moddiscovery.ModFileInfo/LOADING]: Found valid mod file EasyAnvils-v8.0.2-1.20.1-Forge.jar with {easyanvils} mods - versions {8.0.2}
[06Aug2025 14:44:40.982] [main/DEBUG] [net.minecraftforge.fml.loading.moddiscovery.ModFile/LOADING]: Loading mod file /workspaces/ls/servidor_minecraft/mods/EasyAnvils-v8.0.2-1.20.1-Forge.jar with languages [LanguageSpec[languageName=javafml, acceptedVersions=[47,)]]
[06Aug2025 14:44:40.982] [main/DEBUG] [net.minecraftforge.fml.loading.moddiscovery.ModFileParser/LOADING]: Considering mod file candidate /workspaces/ls/servidor_minecraft/mods/mcwbyg-1.20.1-1.2.1.jar
[06Aug2025 14:44:40.983] [main/DEBUG] [net.minecraftforge.fml.loading.moddiscovery.ModFileInfo/LOADING]: Found valid mod file mcwbyg-1.20.1-1.2.1.jar with {mcwbyg} mods - versions {1.20.1-1.2.1}
[06Aug2025 14:44:40.983] [main/DEBUG] [net.minecraftforge.fml.loading.moddiscovery.ModFile/LOADING]: Loading mod file /workspaces/ls/servidor_minecraft/mods/mcwbyg-1.20.1-1.2.1.jar with languages [LanguageSpec[languageName=javafml, acceptedVersions=[47,)]]
[06Aug2025 14:44:40.983] [main/DEBUG] [net.minecraftforge.fml.loading.moddiscovery.ModFileParser/LOADING]: Considering mod file candidate /workspaces/ls/servidor_minecraft/mods/alexsmobs-1.22.9.jar
[06Aug2025 14:44:40.984] [main/DEBUG] [net.minecraftforge.fml.loading.moddiscovery.ModFileInfo/LOADING]: Found valid mod file alexsmobs-1.22.9.jar with {alexsmobs} mods - versions {1.22.9}
[06Aug2025 14:44:40.984] [main/DEBUG] [net.minecraftforge.fml.loading.moddiscovery.ModFile/LOADING]: Loading mod file /workspaces/ls/servidor_minecraft/mods/alexsmobs-1.22.9.jar with languages [LanguageSpec[languageName=javafml, acceptedVersions=[46,)]]
[06Aug2025 14:44:40.984] [main/DEBUG] [net.minecraftforge.fml.loading.moddiscovery.ModFileParser/LOADING]: Considering mod file candidate /workspaces/ls/servidor_minecraft/mods/geckolib-forge-1.20.1-4.7.1.3.jar
[06Aug2025 14:44:40.984] [main/DEBUG] [net.minecraftforge.fml.loading.moddiscovery.ModFileInfo/LOADING]: Found valid mod file geckolib-forge-1.20.1-4.7.1.3.jar with {geckolib} mods - versions {4.7.1.3}
[06Aug2025 14:44:40.984] [main/DEBUG] [net.minecraftforge.fml.loading.moddiscovery.ModFile/LOADING]: Loading mod file /workspaces/ls/servidor_minecraft/mods/geckolib-forge-1.20.1-4.7.1.3.jar with languages [LanguageSpec[languageName=javafml, acceptedVersions=[47,)]]
[06Aug2025 14:44:40.984] [main/DEBUG] [net.minecraftforge.fml.loading.moddiscovery.ModFileParser/LOADING]: Considering mod file candidate /workspaces/ls/servidor_minecraft/mods/dynamiclights-v1.8.6-mc1.17-1.21.5-mod.jar
[06Aug2025 14:44:40.985] [main/DEBUG] [net.minecraftforge.fml.loading.moddiscovery.ModFileInfo/LOADING]: Found valid mod file dynamiclights-v1.8.6-mc1.17-1.21.5-mod.jar with {dynamiclights} mods - versions {1.8.6+mod}
[06Aug2025 14:44:40.985] [main/DEBUG] [net.minecraftforge.fml.loading.moddiscovery.ModFile/LOADING]: Loading mod file /workspaces/ls/servidor_minecraft/mods/dynamiclights-v1.8.6-mc1.17-1.21.5-mod.jar with languages [LanguageSpec[languageName=javafml, acceptedVersions=[35,)]]
[06Aug2025 14:44:40.985] [main/DEBUG] [net.minecraftforge.fml.loading.moddiscovery.ModFileParser/LOADING]: Considering mod file candidate /workspaces/ls/servidor_minecraft/mods/Incendium_1.20.x_v5.3.5.jar
[06Aug2025 14:44:40.985] [main/DEBUG] [net.minecraftforge.fml.loading.moddiscovery.ModFileInfo/LOADING]: Found valid mod file Incendium_1.20.x_v5.3.5.jar with {incendium} mods - versions {5.3.5}
[06Aug2025 14:44:40.986] [main/DEBUG] [net.minecraftforge.fml.loading.moddiscovery.ModFile/LOADING]: Loading mod file /workspaces/ls/servidor_minecraft/mods/Incendium_1.20.x_v5.3.5.jar with languages [LanguageSpec[languageName=lowcodefml, acceptedVersions=[1,)]]
[06Aug2025 14:44:40.986] [main/DEBUG] [net.minecraftforge.fml.loading.moddiscovery.ModFileParser/LOADING]: Considering mod file candidate /workspaces/ls/servidor_minecraft/mods/gpumemleakfix-1.20.1-1.8.jar
[06Aug2025 14:44:40.986] [main/DEBUG] [net.minecraftforge.fml.loading.moddiscovery.ModFileInfo/LOADING]: Found valid mod file gpumemleakfix-1.20.1-1.8.jar with {gpumemleakfix} mods - versions {1.20.1-1.8}
[06Aug2025 14:44:40.986] [main/DEBUG] [net.minecraftforge.fml.loading.moddiscovery.ModFile/LOADING]: Loading mod file /workspaces/ls/servidor_minecraft/mods/gpumemleakfix-1.20.1-1.8.jar with languages [LanguageSpec[languageName=javafml, acceptedVersions=[36,)]]
[06Aug2025 14:44:40.986] [main/DEBUG] [net.minecraftforge.fml.loading.moddiscovery.ModFileParser/LOADING]: Considering mod file candidate /workspaces/ls/servidor_minecraft/mods/sophisticatedcore-1.20.1-1.2.69.1005.jar
[06Aug2025 14:44:40.987] [main/DEBUG] [net.minecraftforge.fml.loading.moddiscovery.ModFileInfo/LOADING]: Found valid mod file sophisticatedcore-1.20.1-1.2.69.1005.jar with {sophisticatedcore} mods - versions {1.2.69.1005}
[06Aug2025 14:44:40.987] [main/DEBUG] [net.minecraftforge.fml.loading.moddiscovery.ModFile/LOADING]: Loading mod file /workspaces/ls/servidor_minecraft/mods/sophisticatedcore-1.20.1-1.2.69.1005.jar with languages [LanguageSpec[languageName=javafml, acceptedVersions=[47,)]]
[06Aug2025 14:44:40.987] [main/DEBUG] [net.minecraftforge.fml.loading.moddiscovery.ModFileParser/LOADING]: Considering mod file candidate /workspaces/ls/servidor_minecraft/mods/sound-physics-remastered-forge-1.20.1-1.4.13.jar
[06Aug2025 14:44:40.987] [main/DEBUG] [net.minecraftforge.fml.loading.moddiscovery.ModFileInfo/LOADING]: Found valid mod file sound-physics-remastered-forge-1.20.1-1.4.13.jar with {sound_physics_remastered} mods - versions {1.20.1-1.4.13}
[06Aug2025 14:44:40.987] [main/DEBUG] [net.minecraftforge.fml.loading.moddiscovery.ModFile/LOADING]: Loading mod file /workspaces/ls/servidor_minecraft/mods/sound-physics-remastered-forge-1.20.1-1.4.13.jar with languages [LanguageSpec[languageName=javafml, acceptedVersions=*]]
[06Aug2025 14:44:40.988] [main/DEBUG] [net.minecraftforge.fml.loading.moddiscovery.ModFileParser/LOADING]: Considering mod file candidate /workspaces/ls/servidor_minecraft/mods/citadel-2.6.1-1.20.1.jar
[06Aug2025 14:44:40.988] [main/DEBUG] [net.minecraftforge.fml.loading.moddiscovery.ModFileInfo/LOADING]: Found valid mod file citadel-2.6.1-1.20.1.jar with {citadel} mods - versions {2.6.1}
[06Aug2025 14:44:40.988] [main/DEBUG] [net.minecraftforge.fml.loading.moddiscovery.ModFile/LOADING]: Loading mod file /workspaces/ls/servidor_minecraft/mods/citadel-2.6.1-1.20.1.jar with languages [LanguageSpec[languageName=javafml, acceptedVersions=[47,)]]
[06Aug2025 14:44:40.988] [main/DEBUG] [net.minecraftforge.fml.loading.moddiscovery.ModFileParser/LOADING]: Considering mod file candidate 
[06Aug2025 14:44:40.989] [main/DEBUG] [net.minecraftforge.fml.loading.moddiscovery.ModFileInfo/LOADING]: Found valid mod file fabric-data-attachment-api-v1-1.0.0+30ef839e77.jar with {fabric_data_attachment_api_v1} mods - versions {1.0.0+30ef839e77}
[06Aug2025 14:44:40.989] [main/DEBUG] [net.minecraftforge.fml.loading.moddiscovery.ModFile/LOADING]: Loading mod file  with languages [LanguageSpec[languageName=javafml, acceptedVersions=[47,)]]
[06Aug2025 14:44:40.989] [main/DEBUG] [net.minecraftforge.fml.loading.moddiscovery.ModFileParser/LOADING]: Considering mod file candidate /workspaces/ls/servidor_minecraft/mods/sophisticatedbackpacks-1.20.1-3.23.19.1251.jar
[06Aug2025 14:44:40.989] [main/DEBUG] [net.minecraftforge.fml.loading.moddiscovery.ModFileInfo/LOADING]: Found valid mod file sophisticatedbackpacks-1.20.1-3.23.19.1251.jar with {sophisticatedbackpacks} mods - versions {3.23.19.1251}
[06Aug2025 14:44:40.989] [main/DEBUG] [net.minecraftforge.fml.loading.moddiscovery.ModFile/LOADING]: Loading mod file /workspaces/ls/servidor_minecraft/mods/sophisticatedbackpacks-1.20.1-3.23.19.1251.jar with languages [LanguageSpec[languageName=javafml, acceptedVersions=[47,)]]
[06Aug2025 14:44:40.989] [main/DEBUG] [net.minecraftforge.fml.loading.moddiscovery.ModFileParser/LOADING]: Considering mod file candidate /workspaces/ls/servidor_minecraft/mods/balm-forge-1.20.1-7.3.31-all.jar
[06Aug2025 14:44:40.990] [main/DEBUG] [net.minecraftforge.fml.loading.moddiscovery.ModFileInfo/LOADING]: Found valid mod file balm-forge-1.20.1-7.3.31-all.jar with {balm} mods - versions {7.3.31}
[06Aug2025 14:44:40.990] [main/DEBUG] [net.minecraftforge.fml.loading.moddiscovery.ModFile/LOADING]: Loading mod file /workspaces/ls/servidor_minecraft/mods/balm-forge-1.20.1-7.3.31-all.jar with languages [LanguageSpec[languageName=javafml, acceptedVersions=[46,)]]
[06Aug2025 14:44:40.990] [main/DEBUG] [net.minecraftforge.fml.loading.moddiscovery.ModFileParser/LOADING]: Considering mod file candidate /workspaces/ls/servidor_minecraft/mods/carryon-forge-1.20.1-2.1.2.7.jar
[06Aug2025 14:44:40.990] [main/DEBUG] [net.minecraftforge.fml.loading.moddiscovery.ModFileInfo/LOADING]: Found valid mod file carryon-forge-1.20.1-2.1.2.7.jar with {carryon} mods - versions {2.1.2.7}
[06Aug2025 14:44:40.991] [main/DEBUG] [net.minecraftforge.fml.loading.moddiscovery.ModFile/LOADING]: Loading mod file /workspaces/ls/servidor_minecraft/mods/carryon-forge-1.20.1-2.1.2.7.jar with languages [LanguageSpec[languageName=javafml, acceptedVersions=[46,)]]
[06Aug2025 14:44:40.991] [main/DEBUG] [net.minecraftforge.fml.loading.moddiscovery.ModFileParser/LOADING]: Considering mod file candidate /workspaces/ls/servidor_minecraft/mods/FpsReducer2-forge-1.20-2.5.jar
[06Aug2025 14:44:40.991] [main/DEBUG] [net.minecraftforge.fml.loading.moddiscovery.ModFileInfo/LOADING]: Found valid mod file FpsReducer2-forge-1.20-2.5.jar with {fpsreducer} mods - versions {1.20-2.5}
[06Aug2025 14:44:40.991] [main/DEBUG] [net.minecraftforge.fml.loading.moddiscovery.ModFile/LOADING]: Loading mod file /workspaces/ls/servidor_minecraft/mods/FpsReducer2-forge-1.20-2.5.jar with languages [LanguageSpec[languageName=javafml, acceptedVersions=[46,)]]
[06Aug2025 14:44:40.991] [main/DEBUG] [net.minecraftforge.fml.loading.moddiscovery.ModFileParser/LOADING]: Considering mod file candidate /workspaces/ls/servidor_minecraft/mods/chat_heads-0.13.18-forge-1.20.jar
[06Aug2025 14:44:40.992] [main/DEBUG] [net.minecraftforge.fml.loading.moddiscovery.ModFileInfo/LOADING]: Found valid mod file chat_heads-0.13.18-forge-1.20.jar with {chat_heads} mods - versions {0.13.18}
[06Aug2025 14:44:40.992] [main/DEBUG] [net.minecraftforge.fml.loading.moddiscovery.ModFile/LOADING]: Loading mod file /workspaces/ls/servidor_minecraft/mods/chat_heads-0.13.18-forge-1.20.jar with languages [LanguageSpec[languageName=javafml, acceptedVersions=[44,)]]
[06Aug2025 14:44:40.992] [main/DEBUG] [net.minecraftforge.fml.loading.moddiscovery.ModFileParser/LOADING]: Considering mod file candidate /workspaces/ls/servidor_minecraft/mods/cloth-config-11.1.136-forge.jar
[06Aug2025 14:44:40.992] [main/DEBUG] [net.minecraftforge.fml.loading.moddiscovery.ModFileInfo/LOADING]: Found valid mod file cloth-config-11.1.136-forge.jar with {cloth_config} mods - versions {11.1.136}
[06Aug2025 14:44:40.992] [main/DEBUG] [net.minecraftforge.fml.loading.moddiscovery.ModFile/LOADING]: Loading mod file /workspaces/ls/servidor_minecraft/mods/cloth-config-11.1.136-forge.jar with languages [LanguageSpec[languageName=javafml, acceptedVersions=[34,)]]
[06Aug2025 14:44:40.992] [main/DEBUG] [net.minecraftforge.fml.loading.moddiscovery.ModFileParser/LOADING]: Considering mod file candidate /workspaces/ls/servidor_minecraft/mods/Craftable_Elytra[REMASTERED][2.2]1.20.1.jar
[06Aug2025 14:44:40.993] [main/DEBUG] [net.minecraftforge.fml.loading.moddiscovery.ModFileInfo/LOADING]: Found valid mod file Craftable_Elytra[REMASTERED][2.2]1.20.1.jar with {craftable_elytra_remastered} mods - versions {2.2}
[06Aug2025 14:44:40.993] [main/DEBUG] [net.minecraftforge.fml.loading.moddiscovery.ModFile/LOADING]: Loading mod file /workspaces/ls/servidor_minecraft/mods/Craftable_Elytra[REMASTERED][2.2]1.20.1.jar with languages [LanguageSpec[languageName=javafml, acceptedVersions=[47,)]]
[06Aug2025 14:44:40.993] [main/DEBUG] [net.minecraftforge.fml.loading.moddiscovery.ModFileParser/LOADING]: Considering mod file candidate /workspaces/ls/servidor_minecraft/mods/Emojiful-Forge-1.20.1-4.2.0.jar
[06Aug2025 14:44:40.993] [main/DEBUG] [net.minecraftforge.fml.loading.moddiscovery.ModFileInfo/LOADING]: Found valid mod file Emojiful-Forge-1.20.1-4.2.0.jar with {emojiful} mods - versions {4.2.0}
[06Aug2025 14:44:40.994] [main/DEBUG] [net.minecraftforge.fml.loading.moddiscovery.ModFile/LOADING]: Loading mod file /workspaces/ls/servidor_minecraft/mods/Emojiful-Forge-1.20.1-4.2.0.jar with languages [LanguageSpec[languageName=javafml, acceptedVersions=[43,)]]
[06Aug2025 14:44:40.994] [main/DEBUG] [net.minecraftforge.fml.loading.moddiscovery.ModFileParser/LOADING]: Considering mod file candidate 
[06Aug2025 14:44:40.994] [main/DEBUG] [net.minecraftforge.fml.loading.moddiscovery.ModFileInfo/LOADING]: Found valid mod file athena-forge-1.20.1-3.1.1.jar with {athena} mods - versions {3.1.1}
[06Aug2025 14:44:40.994] [main/DEBUG] [net.minecraftforge.fml.loading.moddiscovery.ModFile/LOADING]: Loading mod file  with languages [LanguageSpec[languageName=javafml, acceptedVersions=[47,)]]
[06Aug2025 14:44:40.994] [main/DEBUG] [net.minecraftforge.fml.loading.moddiscovery.ModFileParser/LOADING]: Considering mod file candidate /workspaces/ls/servidor_minecraft/mods/embeddium-0.3.31+mc1.20.1.jar
[06Aug2025 14:44:40.995] [main/DEBUG] [net.minecraftforge.fml.loading.moddiscovery.ModFileInfo/LOADING]: Found valid mod file embeddium-0.3.31+mc1.20.1.jar with {embeddium,rubidium} mods - versions {0.3.31+mc1.20.1,0.7.1}
[06Aug2025 14:44:40.995] [main/DEBUG] [net.minecraftforge.fml.loading.moddiscovery.ModFile/LOADING]: Loading mod file /workspaces/ls/servidor_minecraft/mods/embeddium-0.3.31+mc1.20.1.jar with languages [LanguageSpec[languageName=javafml, acceptedVersions=[47,)]]
[06Aug2025 14:44:40.995] [main/DEBUG] [net.minecraftforge.fml.loading.moddiscovery.ModFileParser/LOADING]: Considering mod file candidate /workspaces/ls/servidor_minecraft/mods/konkrete_forge_1.8.0_MC_1.20-1.20.1.jar
[06Aug2025 14:44:40.996] [main/DEBUG] [net.minecraftforge.fml.loading.moddiscovery.ModFileInfo/LOADING]: Found valid mod file konkrete_forge_1.8.0_MC_1.20-1.20.1.jar with {konkrete} mods - versions {1.8.0}
[06Aug2025 14:44:40.996] [main/DEBUG] [net.minecraftforge.fml.loading.moddiscovery.ModFile/LOADING]: Loading mod file /workspaces/ls/servidor_minecraft/mods/konkrete_forge_1.8.0_MC_1.20-1.20.1.jar with languages [LanguageSpec[languageName=javafml, acceptedVersions=[46,)]]
[06Aug2025 14:44:40.996] [main/DEBUG] [net.minecraftforge.fml.loading.moddiscovery.ModFileParser/LOADING]: Considering mod file candidate /workspaces/ls/servidor_minecraft/mods/MoreBows-1.0.13+1.20.x.forge.jar
[06Aug2025 14:44:40.997] [main/DEBUG] [net.minecraftforge.fml.loading.moddiscovery.ModFileInfo/LOADING]: Found valid mod file MoreBows-1.0.13+1.20.x.forge.jar with {morebows} mods - versions {1.0.13}
[06Aug2025 14:44:40.997] [main/DEBUG] [net.minecraftforge.fml.loading.moddiscovery.ModFile/LOADING]: Loading mod file /workspaces/ls/servidor_minecraft/mods/MoreBows-1.0.13+1.20.x.forge.jar with languages [LanguageSpec[languageName=javafml, acceptedVersions=[46,)]]
[06Aug2025 14:44:40.997] [main/DEBUG] [net.minecraftforge.fml.loading.moddiscovery.ModFileParser/LOADING]: Considering mod file candidate /workspaces/ls/servidor_minecraft/mods/resourcefulconfig-forge-1.20.1-2.1.3.jar
[06Aug2025 14:44:40.998] [main/DEBUG] [net.minecraftforge.fml.loading.moddiscovery.ModFileInfo/LOADING]: Found valid mod file resourcefulconfig-forge-1.20.1-2.1.3.jar with {resourcefulconfig} mods - versions {2.1.3}
[06Aug2025 14:44:40.998] [main/DEBUG] [net.minecraftforge.fml.loading.moddiscovery.ModFile/LOADING]: Loading mod file /workspaces/ls/servidor_minecraft/mods/resourcefulconfig-forge-1.20.1-2.1.3.jar with languages [LanguageSpec[languageName=javafml, acceptedVersions=[46,)]]
[06Aug2025 14:44:40.998] [main/DEBUG] [net.minecraftforge.fml.loading.moddiscovery.ModFileParser/LOADING]: Considering mod file candidate /workspaces/ls/servidor_minecraft/mods/wthit-forge-8.16.3.jar
[06Aug2025 14:44:40.999] [main/DEBUG] [net.minecraftforge.fml.loading.moddiscovery.ModFileInfo/LOADING]: Found valid mod file wthit-forge-8.16.3.jar with {wthit,waila} mods - versions {8.16.3,8.16.3}
[06Aug2025 14:44:40.999] [main/DEBUG] [net.minecraftforge.fml.loading.moddiscovery.ModFile/LOADING]: Loading mod file /workspaces/ls/servidor_minecraft/mods/wthit-forge-8.16.3.jar with languages [LanguageSpec[languageName=javafml, acceptedVersions=[38,)]]
[06Aug2025 14:44:40.999] [main/DEBUG] [net.minecraftforge.fml.loading.moddiscovery.ModFileParser/LOADING]: Considering mod file candidate /workspaces/ls/servidor_minecraft/mods/accessories_cclayer-7.4.0-beta.18+1.20.1.jar
[06Aug2025 14:44:41.000] [main/DEBUG] [net.minecraftforge.fml.loading.moddiscovery.ModFileInfo/LOADING]: Found valid mod file accessories_cclayer-7.4.0-beta.18+1.20.1.jar with {curios,cclayer} mods - versions {7.4.0+1.20.1,0.beta.18}
[06Aug2025 14:44:41.000] [main/DEBUG] [net.minecraftforge.fml.loading.moddiscovery.ModFile/LOADING]: Loading mod file /workspaces/ls/servidor_minecraft/mods/accessories_cclayer-7.4.0-beta.18+1.20.1.jar with languages [LanguageSpec[languageName=javafml, acceptedVersions=[47,)]]
[06Aug2025 14:44:41.000] [main/DEBUG] [net.minecraftforge.fml.loading.moddiscovery.ModFileParser/LOADING]: Considering mod file candidate /workspaces/ls/servidor_minecraft/mods/Trapcraft-1.20.1-2.10.2.jar
[06Aug2025 14:44:41.001] [main/DEBUG] [net.minecraftforge.fml.loading.moddiscovery.ModFileInfo/LOADING]: Found valid mod file Trapcraft-1.20.1-2.10.2.jar with {trapcraft} mods - versions {2.10.2}
[06Aug2025 14:44:41.001] [main/DEBUG] [net.minecraftforge.fml.loading.moddiscovery.ModFile/LOADING]: Loading mod file /workspaces/ls/servidor_minecraft/mods/Trapcraft-1.20.1-2.10.2.jar with languages [LanguageSpec[languageName=javafml, acceptedVersions=[41,)]]
[06Aug2025 14:44:41.002] [main/DEBUG] [net.minecraftforge.fml.loading.moddiscovery.ModFileParser/LOADING]: Considering mod file candidate /workspaces/ls/servidor_minecraft/mods/collective-1.20.1-8.3.jar
[06Aug2025 14:44:41.002] [main/DEBUG] [net.minecraftforge.fml.loading.moddiscovery.ModFileInfo/LOADING]: Found valid mod file collective-1.20.1-8.3.jar with {collective} mods - versions {8.3}
[06Aug2025 14:44:41.002] [main/DEBUG] [net.minecraftforge.fml.loading.moddiscovery.ModFile/LOADING]: Loading mod file /workspaces/ls/servidor_minecraft/mods/collective-1.20.1-8.3.jar with languages [LanguageSpec[languageName=javafml, acceptedVersions=*]]
[06Aug2025 14:44:41.003] [main/DEBUG] [net.minecraftforge.fml.loading.moddiscovery.ModFileParser/LOADING]: Considering mod file candidate /workspaces/ls/servidor_minecraft/mods/CerbonsAPI-Forge-1.20.1-1.1.0.jar
[06Aug2025 14:44:41.003] [main/DEBUG] [net.minecraftforge.fml.loading.moddiscovery.ModFileInfo/LOADING]: Found valid mod file CerbonsAPI-Forge-1.20.1-1.1.0.jar with {cerbons_api} mods - versions {1.1.0}
[06Aug2025 14:44:41.003] [main/DEBUG] [net.minecraftforge.fml.loading.moddiscovery.ModFile/LOADING]: Loading mod file /workspaces/ls/servidor_minecraft/mods/CerbonsAPI-Forge-1.20.1-1.1.0.jar with languages [LanguageSpec[languageName=javafml, acceptedVersions=[47,)]]
[06Aug2025 14:44:41.003] [main/DEBUG] [net.minecraftforge.fml.loading.moddiscovery.ModFileParser/LOADING]: Considering mod file candidate /workspaces/ls/servidor_minecraft/mods/dungeons-and-taverns-3.0.3.f[Forge].jar
[06Aug2025 14:44:41.004] [main/DEBUG] [net.minecraftforge.fml.loading.moddiscovery.ModFileInfo/LOADING]: Found valid mod file dungeons-and-taverns-3.0.3.f[Forge].jar with {mr_dungeons_andtaverns} mods - versions {3.0.3.f}
[06Aug2025 14:44:41.004] [main/DEBUG] [net.minecraftforge.fml.loading.moddiscovery.ModFile/LOADING]: Loading mod file /workspaces/ls/servidor_minecraft/mods/dungeons-and-taverns-3.0.3.f[Forge].jar with languages [LanguageSpec[languageName=lowcodefml, acceptedVersions=[40,)]]
[06Aug2025 14:44:41.004] [main/DEBUG] [net.minecraftforge.fml.loading.moddiscovery.ModFileParser/LOADING]: Considering mod file candidate /workspaces/ls/servidor_minecraft/mods/bettervillage-forge-1.20.1-3.3.1-all.jar
[06Aug2025 14:44:41.005] [main/DEBUG] [net.minecraftforge.fml.loading.moddiscovery.ModFileInfo/LOADING]: Found valid mod file bettervillage-forge-1.20.1-3.3.1-all.jar with {bettervillage} mods - versions {3.3.1}
[06Aug2025 14:44:41.005] [main/DEBUG] [net.minecraftforge.fml.loading.moddiscovery.ModFile/LOADING]: Loading mod file /workspaces/ls/servidor_minecraft/mods/bettervillage-forge-1.20.1-3.3.1-all.jar with languages [LanguageSpec[languageName=javafml, acceptedVersions=[0,)]]
[06Aug2025 14:44:41.005] [main/DEBUG] [net.minecraftforge.fml.loading.moddiscovery.ModFileParser/LOADING]: Considering mod file candidate 
[06Aug2025 14:44:41.006] [main/DEBUG] [net.minecraftforge.fml.loading.moddiscovery.ModFileInfo/LOADING]: Found valid mod file fabric-entity-events-v1-1.6.0+6274ab9d77.jar with {fabric_entity_events_v1} mods - versions {1.6.0+6274ab9d77}
[06Aug2025 14:44:41.006] [main/DEBUG] [net.minecraftforge.fml.loading.moddiscovery.ModFile/LOADING]: Loading mod file  with languages [LanguageSpec[languageName=javafml, acceptedVersions=[47,)]]
[06Aug2025 14:44:41.006] [main/DEBUG] [net.minecraftforge.fml.loading.moddiscovery.ModFileParser/LOADING]: Considering mod file candidate /workspaces/ls/servidor_minecraft/mods/tombstone-1.20.1-8.9.6.jar
[06Aug2025 14:44:41.007] [main/DEBUG] [net.minecraftforge.fml.loading.moddiscovery.ModFileInfo/LOADING]: Found valid mod file tombstone-1.20.1-8.9.6.jar with {tombstone} mods - versions {8.9.6}
[06Aug2025 14:44:41.007] [main/DEBUG] [net.minecraftforge.fml.loading.moddiscovery.ModFile/LOADING]: Loading mod file /workspaces/ls/servidor_minecraft/mods/tombstone-1.20.1-8.9.6.jar with languages [LanguageSpec[languageName=javafml, acceptedVersions=[46,)]]
[06Aug2025 14:44:41.007] [main/DEBUG] [net.minecraftforge.fml.loading.moddiscovery.ModFileParser/LOADING]: Considering mod file candidate /workspaces/ls/servidor_minecraft/mods/accessories-neoforge-1.0.0-beta.46+1.20.1.jar
[06Aug2025 14:44:41.007] [main/DEBUG] [net.minecraftforge.fml.loading.moddiscovery.ModFileInfo/LOADING]: Found valid mod file accessories-neoforge-1.0.0-beta.46+1.20.1.jar with {accessories} mods - versions {1.0.0-beta46+1.20.1}
[06Aug2025 14:44:41.007] [main/DEBUG] [net.minecraftforge.fml.loading.moddiscovery.ModFile/LOADING]: Loading mod file /workspaces/ls/servidor_minecraft/mods/accessories-neoforge-1.0.0-beta.46+1.20.1.jar with languages [LanguageSpec[languageName=javafml, acceptedVersions=[47,)]]
[06Aug2025 14:44:41.007] [main/DEBUG] [net.minecraftforge.fml.loading.moddiscovery.ModFileParser/LOADING]: Considering mod file candidate /workspaces/ls/servidor_minecraft/mods/resourcefullib-forge-1.20.1-2.1.29.jar
[06Aug2025 14:44:41.008] [main/DEBUG] [net.minecraftforge.fml.loading.moddiscovery.ModFileInfo/LOADING]: Found valid mod file resourcefullib-forge-1.20.1-2.1.29.jar with {resourcefullib} mods - versions {2.1.29}
[06Aug2025 14:44:41.008] [main/DEBUG] [net.minecraftforge.fml.loading.moddiscovery.ModFile/LOADING]: Loading mod file /workspaces/ls/servidor_minecraft/mods/resourcefullib-forge-1.20.1-2.1.29.jar with languages [LanguageSpec[languageName=javafml, acceptedVersions=[46,)]]
[06Aug2025 14:44:41.008] [main/DEBUG] [net.minecraftforge.fml.loading.moddiscovery.ModFileParser/LOADING]: Considering mod file candidate /workspaces/ls/servidor_minecraft/mods/architectury-9.2.14-forge.jar
[06Aug2025 14:44:41.009] [main/DEBUG] [net.minecraftforge.fml.loading.moddiscovery.ModFileInfo/LOADING]: Found valid mod file architectury-9.2.14-forge.jar with {architectury} mods - versions {9.2.14}
[06Aug2025 14:44:41.009] [main/DEBUG] [net.minecraftforge.fml.loading.moddiscovery.ModFile/LOADING]: Loading mod file /workspaces/ls/servidor_minecraft/mods/architectury-9.2.14-forge.jar with languages [LanguageSpec[languageName=javafml, acceptedVersions=[46,)]]
[06Aug2025 14:44:41.009] [main/DEBUG] [net.minecraftforge.fml.loading.moddiscovery.ModFileParser/LOADING]: Considering mod file candidate /workspaces/ls/servidor_minecraft/mods/deeperdarker-forge-1.20.1-1.3.3.jar
[06Aug2025 14:44:41.009] [main/DEBUG] [net.minecraftforge.fml.loading.moddiscovery.ModFileInfo/LOADING]: Found valid mod file deeperdarker-forge-1.20.1-1.3.3.jar with {deeperdarker} mods - versions {1.3.3}
[06Aug2025 14:44:41.009] [main/DEBUG] [net.minecraftforge.fml.loading.moddiscovery.ModFile/LOADING]: Loading mod file /workspaces/ls/servidor_minecraft/mods/deeperdarker-forge-1.20.1-1.3.3.jar with languages [LanguageSpec[languageName=javafml, acceptedVersions=[47,)]]
[06Aug2025 14:44:41.009] [main/DEBUG] [net.minecraftforge.fml.loading.moddiscovery.ModFileParser/LOADING]: Considering mod file candidate /workspaces/ls/servidor_minecraft/mods/cupboard-1.20.1-2.7.jar
[06Aug2025 14:44:41.010] [main/DEBUG] [net.minecraftforge.fml.loading.moddiscovery.ModFileInfo/LOADING]: Found valid mod file cupboard-1.20.1-2.7.jar with {cupboard} mods - versions {1.20.1-2.7}
[06Aug2025 14:44:41.010] [main/DEBUG] [net.minecraftforge.fml.loading.moddiscovery.ModFile/LOADING]: Loading mod file /workspaces/ls/servidor_minecraft/mods/cupboard-1.20.1-2.7.jar with languages [LanguageSpec[languageName=javafml, acceptedVersions=[36,)]]
[06Aug2025 14:44:41.010] [main/DEBUG] [net.minecraftforge.fml.loading.moddiscovery.ModFileParser/LOADING]: Considering mod file candidate /workspaces/ls/servidor_minecraft/mods/flib-1.20.1-0.0.15.jar
[06Aug2025 14:44:41.011] [main/DEBUG] [net.minecraftforge.fml.loading.moddiscovery.ModFileInfo/LOADING]: Found valid mod file flib-1.20.1-0.0.15.jar with {flib} mods - versions {0.0.15}
[06Aug2025 14:44:41.011] [main/DEBUG] [net.minecraftforge.fml.loading.moddiscovery.ModFile/LOADING]: Loading mod file /workspaces/ls/servidor_minecraft/mods/flib-1.20.1-0.0.15.jar with languages [LanguageSpec[languageName=javafml, acceptedVersions=[26,)]]
[06Aug2025 14:44:41.011] [main/DEBUG] [net.minecraftforge.fml.loading.moddiscovery.ModFileParser/LOADING]: Considering mod file candidate /workspaces/ls/servidor_minecraft/mods/DerexMaceMod-Balanced-1.20.1-8.1.7.2.jar
[06Aug2025 14:44:41.011] [main/DEBUG] [net.minecraftforge.fml.loading.moddiscovery.ModFileInfo/LOADING]: Found valid mod file DerexMaceMod-Balanced-1.20.1-8.1.7.2.jar with {mace_backport} mods - versions {8.1.7.2}
[06Aug2025 14:44:41.011] [main/DEBUG] [net.minecraftforge.fml.loading.moddiscovery.ModFile/LOADING]: Loading mod file /workspaces/ls/servidor_minecraft/mods/DerexMaceMod-Balanced-1.20.1-8.1.7.2.jar with languages [LanguageSpec[languageName=javafml, acceptedVersions=[47,)]]
[06Aug2025 14:44:41.011] [main/DEBUG] [net.minecraftforge.fml.loading.moddiscovery.ModFileParser/LOADING]: Considering mod file candidate /workspaces/ls/servidor_minecraft/mods/the_bumblezone-7.8.0+1.20.1-forge.jar
[06Aug2025 14:44:41.012] [main/DEBUG] [net.minecraftforge.fml.loading.moddiscovery.ModFileInfo/LOADING]: Found valid mod file the_bumblezone-7.8.0+1.20.1-forge.jar with {the_bumblezone} mods - versions {7.8.0+1.20.1-forge}
[06Aug2025 14:44:41.012] [main/DEBUG] [net.minecraftforge.fml.loading.moddiscovery.ModFile/LOADING]: Loading mod file /workspaces/ls/servidor_minecraft/mods/the_bumblezone-7.8.0+1.20.1-forge.jar with languages [LanguageSpec[languageName=javafml, acceptedVersions=[38,)]]
[06Aug2025 14:44:41.012] [main/DEBUG] [net.minecraftforge.fml.loading.moddiscovery.ModFileParser/LOADING]: Considering mod file candidate /workspaces/ls/servidor_minecraft/mods/framework-forge-1.20.1-0.7.15.jar
[06Aug2025 14:44:41.013] [main/DEBUG] [net.minecraftforge.fml.loading.moddiscovery.ModFileInfo/LOADING]: Found valid mod file framework-forge-1.20.1-0.7.15.jar with {framework} mods - versions {0.7.15}
[06Aug2025 14:44:41.013] [main/DEBUG] [net.minecraftforge.fml.loading.moddiscovery.ModFile/LOADING]: Loading mod file /workspaces/ls/servidor_minecraft/mods/framework-forge-1.20.1-0.7.15.jar with languages [LanguageSpec[languageName=javafml, acceptedVersions=[39,)]]
[06Aug2025 14:44:41.013] [main/DEBUG] [net.minecraftforge.fml.loading.moddiscovery.ModFileParser/LOADING]: Considering mod file candidate /workspaces/ls/servidor_minecraft/mods/Inventory Management Deluxe-1.20.1-Forge-1.0.3.jar
[06Aug2025 14:44:41.013] [main/DEBUG] [net.minecraftforge.fml.loading.moddiscovery.ModFileInfo/LOADING]: Found valid mod file Inventory Management Deluxe-1.20.1-Forge-1.0.3.jar with {inventorymanagement} mods - versions {1.0.3}
[06Aug2025 14:44:41.013] [main/DEBUG] [net.minecraftforge.fml.loading.moddiscovery.ModFile/LOADING]: Loading mod file /workspaces/ls/servidor_minecraft/mods/Inventory Management Deluxe-1.20.1-Forge-1.0.3.jar with languages [LanguageSpec[languageName=javafml, acceptedVersions=[4,)]]
[06Aug2025 14:44:41.014] [main/DEBUG] [net.minecraftforge.fml.loading.moddiscovery.ModFileParser/LOADING]: Considering mod file candidate /workspaces/ls/servidor_minecraft/mods/CHA-S-1.20-forge.jar
[06Aug2025 14:44:41.014] [main/DEBUG] [net.minecraftforge.fml.loading.moddiscovery.ModFileInfo/LOADING]: Found valid mod file CHA-S-1.20-forge.jar with {chas} mods - versions {1.20}
[06Aug2025 14:44:41.014] [main/DEBUG] [net.minecraftforge.fml.loading.moddiscovery.ModFile/LOADING]: Loading mod file /workspaces/ls/servidor_minecraft/mods/CHA-S-1.20-forge.jar with languages [LanguageSpec[languageName=javafml, acceptedVersions=[46,)]]
[06Aug2025 14:44:41.014] [main/DEBUG] [net.minecraftforge.fml.loading.moddiscovery.ModFileParser/LOADING]: Considering mod file candidate /workspaces/ls/servidor_minecraft/mods/PlayerRevive_FORGE_v2.0.31_mc1.20.1.jar
[06Aug2025 14:44:41.015] [main/DEBUG] [net.minecraftforge.fml.loading.moddiscovery.ModFileInfo/LOADING]: Found valid mod file PlayerRevive_FORGE_v2.0.31_mc1.20.1.jar with {playerrevive} mods - versions {2.0.31}
[06Aug2025 14:44:41.015] [main/DEBUG] [net.minecraftforge.fml.loading.moddiscovery.ModFile/LOADING]: Loading mod file /workspaces/ls/servidor_minecraft/mods/PlayerRevive_FORGE_v2.0.31_mc1.20.1.jar with languages [LanguageSpec[languageName=javafml, acceptedVersions=[46,)]]
[06Aug2025 14:44:41.015] [main/DEBUG] [net.minecraftforge.fml.loading.moddiscovery.ModFileParser/LOADING]: Considering mod file candidate /workspaces/ls/servidor_minecraft/mods/DarkModeEverywhere-1.20.1-1.2.4.jar
[06Aug2025 14:44:41.016] [main/DEBUG] [net.minecraftforge.fml.loading.moddiscovery.ModFileInfo/LOADING]: Found valid mod file DarkModeEverywhere-1.20.1-1.2.4.jar with {darkmodeeverywhere} mods - versions {1.20.1-1.2.4}
[06Aug2025 14:44:41.016] [main/DEBUG] [net.minecraftforge.fml.loading.moddiscovery.ModFile/LOADING]: Loading mod file /workspaces/ls/servidor_minecraft/mods/DarkModeEverywhere-1.20.1-1.2.4.jar with languages [LanguageSpec[languageName=javafml, acceptedVersions=[45,)]]
[06Aug2025 14:44:41.016] [main/DEBUG] [net.minecraftforge.fml.loading.moddiscovery.ModFileParser/LOADING]: Considering mod file candidate /workspaces/ls/servidor_minecraft/mods/EasyMagic-v8.0.1-1.20.1-Forge.jar
[06Aug2025 14:44:41.017] [main/DEBUG] [net.minecraftforge.fml.loading.moddiscovery.ModFileInfo/LOADING]: Found valid mod file EasyMagic-v8.0.1-1.20.1-Forge.jar with {easymagic} mods - versions {8.0.1}
[06Aug2025 14:44:41.017] [main/DEBUG] [net.minecraftforge.fml.loading.moddiscovery.ModFile/LOADING]: Loading mod file /workspaces/ls/servidor_minecraft/mods/EasyMagic-v8.0.1-1.20.1-Forge.jar with languages [LanguageSpec[languageName=javafml, acceptedVersions=[47,)]]
[06Aug2025 14:44:41.017] [main/DEBUG] [net.minecraftforge.fml.loading.moddiscovery.ModFileParser/LOADING]: Considering mod file candidate /workspaces/ls/servidor_minecraft/mods/jei-1.20.1-forge-15.20.0.112.jar
[06Aug2025 14:44:41.018] [main/DEBUG] [net.minecraftforge.fml.loading.moddiscovery.ModFileInfo/LOADING]: Found valid mod file jei-1.20.1-forge-15.20.0.112.jar with {jei} mods - versions {15.20.0.112}
[06Aug2025 14:44:41.018] [main/DEBUG] [net.minecraftforge.fml.loading.moddiscovery.ModFile/LOADING]: Loading mod file /workspaces/ls/servidor_minecraft/mods/jei-1.20.1-forge-15.20.0.112.jar with languages [LanguageSpec[languageName=javafml, acceptedVersions=[47,)]]
[06Aug2025 14:44:41.018] [main/DEBUG] [net.minecraftforge.fml.loading.moddiscovery.ModFileParser/LOADING]: Considering mod file candidate /workspaces/ls/servidor_minecraft/mods/Oh-The-Biomes-Weve-Gone-Forge-1.5.11.jar
[06Aug2025 14:44:41.018] [main/DEBUG] [net.minecraftforge.fml.loading.moddiscovery.ModFileInfo/LOADING]: Found valid mod file Oh-The-Biomes-Weve-Gone-Forge-1.5.11.jar with {biomeswevegone} mods - versions {1.5.11}
[06Aug2025 14:44:41.018] [main/DEBUG] [net.minecraftforge.fml.loading.moddiscovery.ModFile/LOADING]: Loading mod file /workspaces/ls/servidor_minecraft/mods/Oh-The-Biomes-Weve-Gone-Forge-1.5.11.jar with languages [LanguageSpec[languageName=javafml, acceptedVersions=[47,)]]
[06Aug2025 14:44:41.019] [main/DEBUG] [net.minecraftforge.fml.loading.moddiscovery.ModFileParser/LOADING]: Considering mod file candidate /workspaces/ls/servidor_minecraft/mods/goblintraders-forge-1.20.1-1.9.3.jar
[06Aug2025 14:44:41.019] [main/DEBUG] [net.minecraftforge.fml.loading.moddiscovery.ModFileInfo/LOADING]: Found valid mod file goblintraders-forge-1.20.1-1.9.3.jar with {goblintraders} mods - versions {1.9.3}
[06Aug2025 14:44:41.019] [main/DEBUG] [net.minecraftforge.fml.loading.moddiscovery.ModFile/LOADING]: Loading mod file /workspaces/ls/servidor_minecraft/mods/goblintraders-forge-1.20.1-1.9.3.jar with languages [LanguageSpec[languageName=javafml, acceptedVersions=[39,)]]
[06Aug2025 14:44:41.019] [main/DEBUG] [net.minecraftforge.fml.loading.moddiscovery.ModFileParser/LOADING]: Considering mod file candidate /workspaces/ls/servidor_minecraft/mods/libraryferret-forge-1.20.1-4.0.0.jar
[06Aug2025 14:44:41.020] [main/DEBUG] [net.minecraftforge.fml.loading.moddiscovery.ModFileInfo/LOADING]: Found valid mod file libraryferret-forge-1.20.1-4.0.0.jar with {libraryferret} mods - versions {4.0.0}
[06Aug2025 14:44:41.020] [main/DEBUG] [net.minecraftforge.fml.loading.moddiscovery.ModFile/LOADING]: Loading mod file /workspaces/ls/servidor_minecraft/mods/libraryferret-forge-1.20.1-4.0.0.jar with languages [LanguageSpec[languageName=javafml, acceptedVersions=[47,)]]
[06Aug2025 14:44:41.020] [main/DEBUG] [net.minecraftforge.fml.loading.moddiscovery.ModFileParser/LOADING]: Considering mod file candidate /workspaces/ls/servidor_minecraft/mods/waystones-forge-1.20.1-14.1.13.jar
[06Aug2025 14:44:41.020] [main/DEBUG] [net.minecraftforge.fml.loading.moddiscovery.ModFileInfo/LOADING]: Found valid mod file waystones-forge-1.20.1-14.1.13.jar with {waystones} mods - versions {14.1.13}
[06Aug2025 14:44:41.021] [main/DEBUG] [net.minecraftforge.fml.loading.moddiscovery.ModFile/LOADING]: Loading mod file /workspaces/ls/servidor_minecraft/mods/waystones-forge-1.20.1-14.1.13.jar with languages [LanguageSpec[languageName=javafml, acceptedVersions=[46,)]]
[06Aug2025 14:44:41.021] [main/DEBUG] [net.minecraftforge.fml.loading.moddiscovery.ModFileParser/LOADING]: Considering mod file candidate /workspaces/ls/servidor_minecraft/mods/journeymap-1.20.1-5.10.3-forge.jar
[06Aug2025 14:44:41.023] [main/DEBUG] [net.minecraftforge.fml.loading.moddiscovery.ModFileInfo/LOADING]: Found valid mod file journeymap-1.20.1-5.10.3-forge.jar with {journeymap} mods - versions {5.10.3}
[06Aug2025 14:44:41.024] [main/DEBUG] [net.minecraftforge.fml.loading.moddiscovery.ModFile/LOADING]: Loading mod file /workspaces/ls/servidor_minecraft/mods/journeymap-1.20.1-5.10.3-forge.jar with languages [LanguageSpec[languageName=javafml, acceptedVersions=[44,)]]
[06Aug2025 14:44:41.026] [main/DEBUG] [net.minecraftforge.fml.loading.moddiscovery.ModFileParser/LOADING]: Found coremod journeymap potion effect transformer with Javascript path potion-effects-shift.js
[06Aug2025 14:44:41.026] [main/DEBUG] [net.minecraftforge.fml.loading.moddiscovery.ModFile/LOADING]: Found coremod potion-effects-shift.js
[06Aug2025 14:44:41.026] [main/DEBUG] [net.minecraftforge.fml.loading.moddiscovery.ModFileParser/LOADING]: Considering mod file candidate /workspaces/ls/servidor_minecraft/mods/comforts-forge-6.4.0+1.20.1.jar
[06Aug2025 14:44:41.026] [main/DEBUG] [net.minecraftforge.fml.loading.moddiscovery.ModFileInfo/LOADING]: Found valid mod file comforts-forge-6.4.0+1.20.1.jar with {comforts} mods - versions {6.4.0+1.20.1}
[06Aug2025 14:44:41.027] [main/DEBUG] [net.minecraftforge.fml.loading.moddiscovery.ModFile/LOADING]: Loading mod file /workspaces/ls/servidor_minecraft/mods/comforts-forge-6.4.0+1.20.1.jar with languages [LanguageSpec[languageName=javafml, acceptedVersions=[46,)]]
[06Aug2025 14:44:41.027] [main/DEBUG] [net.minecraftforge.fml.loading.moddiscovery.ModFileParser/LOADING]: Considering mod file candidate /workspaces/ls/servidor_minecraft/mods/artifacts-forge-9.5.16.jar
[06Aug2025 14:44:41.027] [main/DEBUG] [net.minecraftforge.fml.loading.moddiscovery.ModFileInfo/LOADING]: Found valid mod file artifacts-forge-9.5.16.jar with {artifacts} mods - versions {9.5.16}
[06Aug2025 14:44:41.027] [main/DEBUG] [net.minecraftforge.fml.loading.moddiscovery.ModFile/LOADING]: Loading mod file /workspaces/ls/servidor_minecraft/mods/artifacts-forge-9.5.16.jar with languages [LanguageSpec[languageName=javafml, acceptedVersions=[47,)]]
[06Aug2025 14:44:41.027] [main/DEBUG] [net.minecraftforge.fml.loading.moddiscovery.ModFileParser/LOADING]: Considering mod file candidate /workspaces/ls/servidor_minecraft/mods/badpackets-forge-0.4.3.jar
[06Aug2025 14:44:41.028] [main/DEBUG] [net.minecraftforge.fml.loading.moddiscovery.ModFileInfo/LOADING]: Found valid mod file badpackets-forge-0.4.3.jar with {badpackets} mods - versions {0.4.3}
[06Aug2025 14:44:41.028] [main/DEBUG] [net.minecraftforge.fml.loading.moddiscovery.ModFile/LOADING]: Loading mod file /workspaces/ls/servidor_minecraft/mods/badpackets-forge-0.4.3.jar with languages [LanguageSpec[languageName=javafml, acceptedVersions=[38,)]]
[06Aug2025 14:44:41.028] [main/DEBUG] [net.minecraftforge.fml.loading.moddiscovery.ModFileParser/LOADING]: Considering mod file candidate /workspaces/ls/servidor_minecraft/mods/Dungeon Crawl-1.20.1-2.3.15.jar
[06Aug2025 14:44:41.028] [main/DEBUG] [net.minecraftforge.fml.loading.moddiscovery.ModFileInfo/LOADING]: Found valid mod file Dungeon Crawl-1.20.1-2.3.15.jar with {dungeoncrawl} mods - versions {2.3.15}
[06Aug2025 14:44:41.028] [main/DEBUG] [net.minecraftforge.fml.loading.moddiscovery.ModFile/LOADING]: Loading mod file /workspaces/ls/servidor_minecraft/mods/Dungeon Crawl-1.20.1-2.3.15.jar with languages [LanguageSpec[languageName=javafml, acceptedVersions=[47,)]]
[06Aug2025 14:44:41.028] [main/DEBUG] [net.minecraftforge.fml.loading.moddiscovery.ModFileParser/LOADING]: Considering mod file candidate /workspaces/ls/servidor_minecraft/mods/Orcz_0.87_1.20.1.jar
[06Aug2025 14:44:41.029] [main/DEBUG] [net.minecraftforge.fml.loading.moddiscovery.ModFileInfo/LOADING]: Found valid mod file Orcz_0.87_1.20.1.jar with {orcz} mods - versions {0.82}
[06Aug2025 14:44:41.029] [main/DEBUG] [net.minecraftforge.fml.loading.moddiscovery.ModFile/LOADING]: Loading mod file /workspaces/ls/servidor_minecraft/mods/Orcz_0.87_1.20.1.jar with languages [LanguageSpec[languageName=javafml, acceptedVersions=[47,)]]
[06Aug2025 14:44:41.029] [main/DEBUG] [net.minecraftforge.fml.loading.moddiscovery.ModFileParser/LOADING]: Considering mod file candidate /workspaces/ls/servidor_minecraft/mods/BOMD-Forge-1.20.1-1.1.2.jar
[06Aug2025 14:44:41.029] [main/DEBUG] [net.minecraftforge.fml.loading.moddiscovery.ModFileInfo/LOADING]: Found valid mod file BOMD-Forge-1.20.1-1.1.2.jar with {bosses_of_mass_destruction} mods - versions {1.1.2}
[06Aug2025 14:44:41.029] [main/DEBUG] [net.minecraftforge.fml.loading.moddiscovery.ModFile/LOADING]: Loading mod file /workspaces/ls/servidor_minecraft/mods/BOMD-Forge-1.20.1-1.1.2.jar with languages [LanguageSpec[languageName=javafml, acceptedVersions=[47,)]]
[06Aug2025 14:44:41.029] [main/DEBUG] [net.minecraftforge.fml.loading.moddiscovery.ModFileParser/LOADING]: Considering mod file candidate /workspaces/ls/servidor_minecraft/mods/Terralith_1.20.x_v2.5.4.jar
[06Aug2025 14:44:41.030] [main/DEBUG] [net.minecraftforge.fml.loading.moddiscovery.ModFileInfo/LOADING]: Found valid mod file Terralith_1.20.x_v2.5.4.jar with {terralith} mods - versions {2.5.4}
[06Aug2025 14:44:41.030] [main/DEBUG] [net.minecraftforge.fml.loading.moddiscovery.ModFile/LOADING]: Loading mod file /workspaces/ls/servidor_minecraft/mods/Terralith_1.20.x_v2.5.4.jar with languages [LanguageSpec[languageName=lowcodefml, acceptedVersions=[1,)]]
[06Aug2025 14:44:41.030] [main/DEBUG] [net.minecraftforge.fml.loading.moddiscovery.ModFileParser/LOADING]: Considering mod file candidate /workspaces/ls/servidor_minecraft/mods/memoryleakfix-forge-1.17+-1.1.4.jar
[06Aug2025 14:44:41.030] [main/DEBUG] [net.minecraftforge.fml.loading.moddiscovery.ModFileInfo/LOADING]: Found valid mod file memoryleakfix-forge-1.17+-1.1.4.jar with {memoryleakfix} mods - versions {1.1.4}
[06Aug2025 14:44:41.030] [main/DEBUG] [net.minecraftforge.fml.loading.moddiscovery.ModFile/LOADING]: Loading mod file /workspaces/ls/servidor_minecraft/mods/memoryleakfix-forge-1.17+-1.1.4.jar with languages [LanguageSpec[languageName=javafml, acceptedVersions=*]]
[06Aug2025 14:44:41.030] [main/DEBUG] [net.minecraftforge.fml.loading.moddiscovery.ModFileParser/LOADING]: Considering mod file candidate /workspaces/ls/servidor_minecraft/mods/mythicmounts-20.1-7.4.2-forge.jar
[06Aug2025 14:44:41.031] [main/DEBUG] [net.minecraftforge.fml.loading.moddiscovery.ModFileInfo/LOADING]: Found valid mod file mythicmounts-20.1-7.4.2-forge.jar with {mythicmounts} mods - versions {20.1-7.4.2-forge}
[06Aug2025 14:44:41.031] [main/DEBUG] [net.minecraftforge.fml.loading.moddiscovery.ModFile/LOADING]: Loading mod file /workspaces/ls/servidor_minecraft/mods/mythicmounts-20.1-7.4.2-forge.jar with languages [LanguageSpec[languageName=javafml, acceptedVersions=[43,)]]
[06Aug2025 14:44:41.031] [main/DEBUG] [net.minecraftforge.fml.loading.moddiscovery.ModFileParser/LOADING]: Considering mod file candidate 
[06Aug2025 14:44:41.031] [main/DEBUG] [net.minecraftforge.fml.loading.moddiscovery.ModFileInfo/LOADING]: Found valid mod file puzzlesaccessapi-forge-20.1.1.jar with {puzzlesaccessapi} mods - versions {20.1.1}
[06Aug2025 14:44:41.032] [main/DEBUG] [net.minecraftforge.fml.loading.moddiscovery.ModFile/LOADING]: Loading mod file  with languages [LanguageSpec[languageName=javafml, acceptedVersions=*]]
[06Aug2025 14:44:41.032] [main/DEBUG] [net.minecraftforge.fml.loading.moddiscovery.ModFileParser/LOADING]: Considering mod file candidate /workspaces/ls/servidor_minecraft/mods/DungeonsAriseSevenSeas-1.20.x-1.0.2-forge.jar
[06Aug2025 14:44:41.032] [main/DEBUG] [net.minecraftforge.fml.loading.moddiscovery.ModFileInfo/LOADING]: Found valid mod file DungeonsAriseSevenSeas-1.20.x-1.0.2-forge.jar with {dungeons_arise_seven_seas} mods - versions {1.0.2}
[06Aug2025 14:44:41.032] [main/DEBUG] [net.minecraftforge.fml.loading.moddiscovery.ModFile/LOADING]: Loading mod file /workspaces/ls/servidor_minecraft/mods/DungeonsAriseSevenSeas-1.20.x-1.0.2-forge.jar with languages [LanguageSpec[languageName=javafml, acceptedVersions=[43,)]]
[06Aug2025 14:44:41.032] [main/DEBUG] [net.minecraftforge.fml.loading.moddiscovery.ModFileParser/LOADING]: Considering mod file candidate /workspaces/ls/servidor_minecraft/libraries/net/minecraftforge/forge/1.20.1-47.3.7/forge-1.20.1-47.3.7-universal.jar
[06Aug2025 14:44:41.032] [main/DEBUG] [net.minecraftforge.fml.loading.moddiscovery.ModFileInfo/LOADING]: Found valid mod file forge-1.20.1-47.3.7-universal.jar with {forge} mods - versions {47.3.7}
[06Aug2025 14:44:41.033] [main/DEBUG] [net.minecraftforge.fml.loading.moddiscovery.ModFile/LOADING]: Loading mod file /workspaces/ls/servidor_minecraft/libraries/net/minecraftforge/forge/1.20.1-47.3.7/forge-1.20.1-47.3.7-universal.jar with languages [LanguageSpec[languageName=javafml, acceptedVersions=[24,]]]
[06Aug2025 14:44:41.033] [main/DEBUG] [net.minecraftforge.fml.loading.moddiscovery.ModFileParser/LOADING]: Found coremod field_to_method with Javascript path coremods/field_to_method.js
[06Aug2025 14:44:41.033] [main/DEBUG] [net.minecraftforge.fml.loading.moddiscovery.ModFileParser/LOADING]: Found coremod field_to_instanceof with Javascript path coremods/field_to_instanceof.js
[06Aug2025 14:44:41.033] [main/DEBUG] [net.minecraftforge.fml.loading.moddiscovery.ModFileParser/LOADING]: Found coremod add_bouncer_method with Javascript path coremods/add_bouncer_method.js
[06Aug2025 14:44:41.033] [main/DEBUG] [net.minecraftforge.fml.loading.moddiscovery.ModFileParser/LOADING]: Found coremod method_redirector with Javascript path coremods/method_redirector.js
[06Aug2025 14:44:41.033] [main/DEBUG] [net.minecraftforge.fml.loading.moddiscovery.ModFile/LOADING]: Found coremod coremods/field_to_method.js
[06Aug2025 14:44:41.033] [main/DEBUG] [net.minecraftforge.fml.loading.moddiscovery.ModFile/LOADING]: Found coremod coremods/field_to_instanceof.js
[06Aug2025 14:44:41.033] [main/DEBUG] [net.minecraftforge.fml.loading.moddiscovery.ModFile/LOADING]: Found coremod coremods/add_bouncer_method.js
[06Aug2025 14:44:41.033] [main/DEBUG] [net.minecraftforge.fml.loading.moddiscovery.ModFile/LOADING]: Found coremod coremods/method_redirector.js
[06Aug2025 14:44:41.033] [main/DEBUG] [net.minecraftforge.fml.loading.moddiscovery.ModFileParser/LOADING]: Considering mod file candidate /workspaces/ls/servidor_minecraft/mods/Better Fishing Rods 1.0.0 - 1.20.1.jar
[06Aug2025 14:44:41.034] [main/DEBUG] [net.minecraftforge.fml.loading.moddiscovery.ModFileInfo/LOADING]: Found valid mod file Better Fishing Rods 1.0.0 - 1.20.1.jar with {better_fishing_rods} mods - versions {1.0.0}
[06Aug2025 14:44:41.034] [main/DEBUG] [net.minecraftforge.fml.loading.moddiscovery.ModFile/LOADING]: Loading mod file /workspaces/ls/servidor_minecraft/mods/Better Fishing Rods 1.0.0 - 1.20.1.jar with languages [LanguageSpec[languageName=javafml, acceptedVersions=[47,)]]
[06Aug2025 14:44:41.034] [main/DEBUG] [net.minecraftforge.fml.loading.moddiscovery.ModFileParser/LOADING]: Considering mod file candidate /workspaces/ls/servidor_minecraft/mods/tl_skin_cape_forge_1.20_1.20.1-1.32.jar
[06Aug2025 14:44:41.034] [main/DEBUG] [net.minecraftforge.fml.loading.moddiscovery.ModFileInfo/LOADING]: Found valid mod file tl_skin_cape_forge_1.20_1.20.1-1.32.jar with {tlskincape} mods - versions {1.32}
[06Aug2025 14:44:41.034] [main/DEBUG] [net.minecraftforge.fml.loading.moddiscovery.ModFile/LOADING]: Loading mod file /workspaces/ls/servidor_minecraft/mods/tl_skin_cape_forge_1.20_1.20.1-1.32.jar with languages [LanguageSpec[languageName=javafml, acceptedVersions=[25,)]]
[06Aug2025 14:44:41.034] [main/DEBUG] [net.minecraftforge.fml.loading.moddiscovery.ModFileParser/LOADING]: Considering mod file candidate /workspaces/ls/servidor_minecraft/mods/friendsandfoes-forge-mc1.20.1-3.0.9.jar
[06Aug2025 14:44:41.035] [main/DEBUG] [net.minecraftforge.fml.loading.moddiscovery.ModFileInfo/LOADING]: Found valid mod file friendsandfoes-forge-mc1.20.1-3.0.9.jar with {friendsandfoes} mods - versions {3.0.9}
[06Aug2025 14:44:41.035] [main/DEBUG] [net.minecraftforge.fml.loading.moddiscovery.ModFile/LOADING]: Loading mod file /workspaces/ls/servidor_minecraft/mods/friendsandfoes-forge-mc1.20.1-3.0.9.jar with languages [LanguageSpec[languageName=javafml, acceptedVersions=*]]
[06Aug2025 14:44:41.035] [main/DEBUG] [net.minecraftforge.fml.loading.moddiscovery.ModFileParser/LOADING]: Considering mod file candidate /workspaces/ls/servidor_minecraft/mods/DungeonsArise-1.20.x-2.1.58-release.jar
[06Aug2025 14:44:41.035] [main/DEBUG] [net.minecraftforge.fml.loading.moddiscovery.ModFileInfo/LOADING]: Found valid mod file DungeonsArise-1.20.x-2.1.58-release.jar with {dungeons_arise} mods - versions {2.1.58-1.20.x}
[06Aug2025 14:44:41.035] [main/DEBUG] [net.minecraftforge.fml.loading.moddiscovery.ModFile/LOADING]: Loading mod file /workspaces/ls/servidor_minecraft/mods/DungeonsArise-1.20.x-2.1.58-release.jar with languages [LanguageSpec[languageName=javafml, acceptedVersions=[41,)]]
[06Aug2025 14:44:41.035] [main/DEBUG] [net.minecraftforge.fml.loading.moddiscovery.ModFileParser/LOADING]: Considering mod file candidate /workspaces/ls/servidor_minecraft/mods/smoothchunk-1.20.1-4.1.jar
[06Aug2025 14:44:41.036] [main/DEBUG] [net.minecraftforge.fml.loading.moddiscovery.ModFileInfo/LOADING]: Found valid mod file smoothchunk-1.20.1-4.1.jar with {smoothchunk} mods - versions {1.20.1-4.1}
[06Aug2025 14:44:41.036] [main/DEBUG] [net.minecraftforge.fml.loading.moddiscovery.ModFile/LOADING]: Loading mod file /workspaces/ls/servidor_minecraft/mods/smoothchunk-1.20.1-4.1.jar with languages [LanguageSpec[languageName=javafml, acceptedVersions=[36,)]]
[06Aug2025 14:44:41.036] [main/DEBUG] [net.minecraftforge.fml.loading.moddiscovery.ModFileInfo/LOADING]: Found valid mod file server-1.20.1-20230612.114412-srg.jar with {minecraft} mods - versions {1.20.1}
[06Aug2025 14:44:41.036] [main/DEBUG] [net.minecraftforge.fml.loading.moddiscovery.ModFile/LOADING]: Loading mod file /workspaces/ls/servidor_minecraft/libraries/net/minecraft/server/1.20.1-20230612.114412/server-1.20.1-20230612.114412-srg.jar with languages [LanguageSpec[languageName=minecraft, acceptedVersions=1]]
[06Aug2025 14:44:41.036] [main/DEBUG] [net.minecraftforge.fml.loading.moddiscovery.ModFileParser/LOADING]: Considering mod file candidate /workspaces/ls/servidor_minecraft/mods/simplyswords-forge-1.56.0-1.20.1.jar
[06Aug2025 14:44:41.037] [main/DEBUG] [net.minecraftforge.fml.loading.moddiscovery.ModFileInfo/LOADING]: Found valid mod file simplyswords-forge-1.56.0-1.20.1.jar with {simplyswords} mods - versions {1.56.0-1.20.1}
[06Aug2025 14:44:41.037] [main/DEBUG] [net.minecraftforge.fml.loading.moddiscovery.ModFile/LOADING]: Loading mod file /workspaces/ls/servidor_minecraft/mods/simplyswords-forge-1.56.0-1.20.1.jar with languages [LanguageSpec[languageName=javafml, acceptedVersions=[41,)]]
[06Aug2025 14:44:41.037] [main/DEBUG] [net.minecraftforge.fml.loading.moddiscovery.ModFileParser/LOADING]: Considering mod file candidate /workspaces/ls/servidor_minecraft/mods/voicechat-forge-1.20.1-2.5.30.jar
[06Aug2025 14:44:41.037] [main/DEBUG] [net.minecraftforge.fml.loading.moddiscovery.ModFileInfo/LOADING]: Found valid mod file voicechat-forge-1.20.1-2.5.30.jar with {voicechat} mods - versions {1.20.1-2.5.30}
[06Aug2025 14:44:41.037] [main/DEBUG] [net.minecraftforge.fml.loading.moddiscovery.ModFile/LOADING]: Loading mod file /workspaces/ls/servidor_minecraft/mods/voicechat-forge-1.20.1-2.5.30.jar with languages [LanguageSpec[languageName=javafml, acceptedVersions=*]]
[06Aug2025 14:44:41.037] [main/DEBUG] [net.minecraftforge.fml.loading.moddiscovery.ModFileParser/LOADING]: Considering mod file candidate 
[06Aug2025 14:44:41.038] [main/DEBUG] [net.minecraftforge.fml.loading.moddiscovery.ModFileInfo/LOADING]: Found valid mod file fabric-api-base-0.4.31+ef105b4977.jar with {fabric_api_base} mods - versions {0.4.31+ef105b4977}
[06Aug2025 14:44:41.038] [main/DEBUG] [net.minecraftforge.fml.loading.moddiscovery.ModFile/LOADING]: Loading mod file  with languages [LanguageSpec[languageName=javafml, acceptedVersions=[47,)]]
[06Aug2025 14:44:41.038] [main/DEBUG] [net.minecraftforge.fml.loading.moddiscovery.ModFileParser/LOADING]: Considering mod file candidate /workspaces/ls/servidor_minecraft/mods/TerraBlender-forge-1.20.1-3.0.1.10.jar
[06Aug2025 14:44:41.038] [main/DEBUG] [net.minecraftforge.fml.loading.moddiscovery.ModFileInfo/LOADING]: Found valid mod file TerraBlender-forge-1.20.1-3.0.1.10.jar with {terrablender} mods - versions {3.0.1.10}
[06Aug2025 14:44:41.038] [main/DEBUG] [net.minecraftforge.fml.loading.moddiscovery.ModFile/LOADING]: Loading mod file /workspaces/ls/servidor_minecraft/mods/TerraBlender-forge-1.20.1-3.0.1.10.jar with languages [LanguageSpec[languageName=javafml, acceptedVersions=[47,)]]
[06Aug2025 14:44:41.038] [main/DEBUG] [net.minecraftforge.fml.loading.moddiscovery.ModFileParser/LOADING]: Considering mod file candidate /workspaces/ls/servidor_minecraft/mods/CreativeCore_FORGE_v2.12.32_mc1.20.1.jar
[06Aug2025 14:44:41.039] [main/DEBUG] [net.minecraftforge.fml.loading.moddiscovery.ModFileInfo/LOADING]: Found valid mod file CreativeCore_FORGE_v2.12.32_mc1.20.1.jar with {creativecore} mods - versions {2.12.32}
[06Aug2025 14:44:41.039] [main/DEBUG] [net.minecraftforge.fml.loading.moddiscovery.ModFile/LOADING]: Loading mod file /workspaces/ls/servidor_minecraft/mods/CreativeCore_FORGE_v2.12.32_mc1.20.1.jar with languages [LanguageSpec[languageName=javafml, acceptedVersions=[46,)]]
[06Aug2025 14:44:41.039] [main/DEBUG] [net.minecraftforge.fml.loading.moddiscovery.ModFileParser/LOADING]: Considering mod file candidate /workspaces/ls/servidor_minecraft/mods/Oh-The-Trees-Youll-Grow-forge-1.20.1-1.3.13.jar
[06Aug2025 14:44:41.039] [main/DEBUG] [net.minecraftforge.fml.loading.moddiscovery.ModFileInfo/LOADING]: Found valid mod file Oh-The-Trees-Youll-Grow-forge-1.20.1-1.3.13.jar with {ohthetreesyoullgrow} mods - versions {1.3.13}
[06Aug2025 14:44:41.039] [main/DEBUG] [net.minecraftforge.fml.loading.moddiscovery.ModFile/LOADING]: Loading mod file /workspaces/ls/servidor_minecraft/mods/Oh-The-Trees-Youll-Grow-forge-1.20.1-1.3.13.jar with languages [LanguageSpec[languageName=javafml, acceptedVersions=[46,)]]
[06Aug2025 14:44:41.039] [main/DEBUG] [net.minecraftforge.fml.loading.moddiscovery.ModFileParser/LOADING]: Considering mod file candidate 
[06Aug2025 14:44:41.040] [main/DEBUG] [net.minecraftforge.fml.loading.moddiscovery.ModFileInfo/LOADING]: Found valid mod file spectrelib-forge-0.13.15+1.20.1.jar with {spectrelib} mods - versions {0.13.15+1.20.1}
[06Aug2025 14:44:41.040] [main/DEBUG] [net.minecraftforge.fml.loading.moddiscovery.ModFile/LOADING]: Loading mod file  with languages [LanguageSpec[languageName=javafml, acceptedVersions=[41,)]]
[06Aug2025 14:44:41.040] [main/DEBUG] [net.minecraftforge.fml.loading.moddiscovery.ModFileParser/LOADING]: Considering mod file candidate /workspaces/ls/servidor_minecraft/mods/Corgilib-Forge-1.20.1-4.0.3.4.jar
[06Aug2025 14:44:41.040] [main/DEBUG] [net.minecraftforge.fml.loading.moddiscovery.ModFileInfo/LOADING]: Found valid mod file Corgilib-Forge-1.20.1-4.0.3.4.jar with {corgilib} mods - versions {4.0.3.4}
[06Aug2025 14:44:41.040] [main/DEBUG] [net.minecraftforge.fml.loading.moddiscovery.ModFile/LOADING]: Loading mod file /workspaces/ls/servidor_minecraft/mods/Corgilib-Forge-1.20.1-4.0.3.4.jar with languages [LanguageSpec[languageName=javafml, acceptedVersions=[46,)]]
[06Aug2025 14:44:41.041] [main/DEBUG] [net.minecraftforge.fml.loading.moddiscovery.ModFileParser/LOADING]: Considering mod file candidate /workspaces/ls/servidor_minecraft/mods/[1.20.1] SecurityCraft v1.10.0.1.jar
[06Aug2025 14:44:41.041] [main/DEBUG] [net.minecraftforge.fml.loading.moddiscovery.ModFileInfo/LOADING]: Found valid mod file [1.20.1] SecurityCraft v1.10.0.1.jar with {securitycraft} mods - versions {1.10.0.1}
[06Aug2025 14:44:41.041] [main/DEBUG] [net.minecraftforge.fml.loading.moddiscovery.ModFile/LOADING]: Loading mod file /workspaces/ls/servidor_minecraft/mods/[1.20.1] SecurityCraft v1.10.0.1.jar with languages [LanguageSpec[languageName=javafml, acceptedVersions=[46,)]]
[06Aug2025 14:44:41.041] [main/DEBUG] [net.minecraftforge.fml.loading.moddiscovery.ModFileParser/LOADING]: Considering mod file candidate /workspaces/ls/servidor_minecraft/mods/entityculling-forge-1.7.4-mc1.20.1.jar
[06Aug2025 14:44:41.041] [main/DEBUG] [net.minecraftforge.fml.loading.moddiscovery.ModFileInfo/LOADING]: Found valid mod file entityculling-forge-1.7.4-mc1.20.1.jar with {entityculling} mods - versions {1.7.4}
[06Aug2025 14:44:41.041] [main/DEBUG] [net.minecraftforge.fml.loading.moddiscovery.ModFile/LOADING]: Loading mod file /workspaces/ls/servidor_minecraft/mods/entityculling-forge-1.7.4-mc1.20.1.jar with languages [LanguageSpec[languageName=javafml, acceptedVersions=[28,)]]
[06Aug2025 14:44:41.042] [main/DEBUG] [net.minecraftforge.fml.loading.moddiscovery.ModFileParser/LOADING]: Considering mod file candidate /workspaces/ls/servidor_minecraft/mods/ImmediatelyFast-Forge-1.5.0+1.20.4.jar
[06Aug2025 14:44:41.042] [main/DEBUG] [net.minecraftforge.fml.loading.moddiscovery.ModFileInfo/LOADING]: Found valid mod file ImmediatelyFast-Forge-1.5.0+1.20.4.jar with {immediatelyfast} mods - versions {1.5.0+1.20.4}
[06Aug2025 14:44:41.042] [main/DEBUG] [net.minecraftforge.fml.loading.moddiscovery.ModFile/LOADING]: Loading mod file /workspaces/ls/servidor_minecraft/mods/ImmediatelyFast-Forge-1.5.0+1.20.4.jar with languages [LanguageSpec[languageName=javafml, acceptedVersions=[46,)]]
[06Aug2025 14:44:41.042] [main/DEBUG] [net.minecraftforge.fml.loading.moddiscovery.ModFileParser/LOADING]: Considering mod file candidate /workspaces/ls/servidor_minecraft/mods/creeperoverhaul-3.0.2-forge.jar
[06Aug2025 14:44:41.042] [main/DEBUG] [net.minecraftforge.fml.loading.moddiscovery.ModFileInfo/LOADING]: Found valid mod file creeperoverhaul-3.0.2-forge.jar with {creeperoverhaul} mods - versions {3.0.2}
[06Aug2025 14:44:41.042] [main/DEBUG] [net.minecraftforge.fml.loading.moddiscovery.ModFile/LOADING]: Loading mod file /workspaces/ls/servidor_minecraft/mods/creeperoverhaul-3.0.2-forge.jar with languages [LanguageSpec[languageName=javafml, acceptedVersions=[46,)]]
[06Aug2025 14:44:41.043] [main/DEBUG] [net.minecraftforge.fml.loading.moddiscovery.ModFileParser/LOADING]: Considering mod file candidate 
[06Aug2025 14:44:41.043] [main/DEBUG] [net.minecraftforge.fml.loading.moddiscovery.ModFileInfo/LOADING]: Found valid mod file fabric-object-builder-api-v1-11.1.3+2174fc8477.jar with {fabric_object_builder_api_v1} mods - versions {11.1.3+2174fc8477}
[06Aug2025 14:44:41.043] [main/DEBUG] [net.minecraftforge.fml.loading.moddiscovery.ModFile/LOADING]: Loading mod file  with languages [LanguageSpec[languageName=javafml, acceptedVersions=[47,)]]
[06Aug2025 14:44:41.043] [main/DEBUG] [net.minecraftforge.fml.loading.moddiscovery.ModFileParser/LOADING]: Considering mod file candidate /workspaces/ls/servidor_minecraft/mods/ferritecore-6.0.1-forge.jar
[06Aug2025 14:44:41.043] [main/DEBUG] [net.minecraftforge.fml.loading.moddiscovery.ModFileInfo/LOADING]: Found valid mod file ferritecore-6.0.1-forge.jar with {ferritecore} mods - versions {6.0.1}
[06Aug2025 14:44:41.043] [main/DEBUG] [net.minecraftforge.fml.loading.moddiscovery.ModFile/LOADING]: Loading mod file /workspaces/ls/servidor_minecraft/mods/ferritecore-6.0.1-forge.jar with languages [LanguageSpec[languageName=javafml, acceptedVersions=[28,)]]
[06Aug2025 14:44:41.044] [main/DEBUG] [net.minecraftforge.fml.loading.moddiscovery.ModFileParser/LOADING]: Considering mod file candidate /workspaces/ls/servidor_minecraft/mods/yet_another_config_lib_v3-3.6.6+1.20.1-forge.jar
[06Aug2025 14:44:41.044] [main/DEBUG] [net.minecraftforge.fml.loading.moddiscovery.ModFileInfo/LOADING]: Found valid mod file yet_another_config_lib_v3-3.6.6+1.20.1-forge.jar with {yet_another_config_lib_v3} mods - versions {3.6.6+1.20.1-forge}
[06Aug2025 14:44:41.044] [main/DEBUG] [net.minecraftforge.fml.loading.moddiscovery.ModFile/LOADING]: Loading mod file /workspaces/ls/servidor_minecraft/mods/yet_another_config_lib_v3-3.6.6+1.20.1-forge.jar with languages [LanguageSpec[languageName=javafml, acceptedVersions=[46,)]]
[06Aug2025 14:44:41.044] [main/DEBUG] [net.minecraftforge.fml.loading.moddiscovery.ModFileParser/LOADING]: Considering mod file candidate /workspaces/ls/servidor_minecraft/mods/PuzzlesLib-v8.1.32-1.20.1-Forge.jar
[06Aug2025 14:44:41.044] [main/DEBUG] [net.minecraftforge.fml.loading.moddiscovery.ModFileInfo/LOADING]: Found valid mod file PuzzlesLib-v8.1.32-1.20.1-Forge.jar with {puzzleslib} mods - versions {8.1.32}
[06Aug2025 14:44:41.044] [main/DEBUG] [net.minecraftforge.fml.loading.moddiscovery.ModFile/LOADING]: Loading mod file /workspaces/ls/servidor_minecraft/mods/PuzzlesLib-v8.1.32-1.20.1-Forge.jar with languages [LanguageSpec[languageName=javafml, acceptedVersions=[47,)]]
[06Aug2025 14:44:41.045] [main/DEBUG] [net.minecraftforge.fml.loading.moddiscovery.ModFileParser/LOADING]: Considering mod file candidate /workspaces/ls/servidor_minecraft/mods/justzoom_forge_2.1.1_MC_1.20.1.jar
[06Aug2025 14:44:41.045] [main/DEBUG] [net.minecraftforge.fml.loading.moddiscovery.ModFileInfo/LOADING]: Found valid mod file justzoom_forge_2.1.1_MC_1.20.1.jar with {justzoom} mods - versions {2.1.1}
[06Aug2025 14:44:41.045] [main/DEBUG] [net.minecraftforge.fml.loading.moddiscovery.ModFile/LOADING]: Loading mod file /workspaces/ls/servidor_minecraft/mods/justzoom_forge_2.1.1_MC_1.20.1.jar with languages [LanguageSpec[languageName=javafml, acceptedVersions=[47,)]]
[06Aug2025 14:44:41.045] [main/DEBUG] [net.minecraftforge.fml.loading.moddiscovery.ModFileParser/LOADING]: Considering mod file candidate /workspaces/ls/servidor_minecraft/mods/addonslib-1.20.1-1.4.jar
[06Aug2025 14:44:41.046] [main/DEBUG] [net.minecraftforge.fml.loading.moddiscovery.ModFileInfo/LOADING]: Found valid mod file addonslib-1.20.1-1.4.jar with {addonslib} mods - versions {1.20.1-1.4}
[06Aug2025 14:44:41.046] [main/DEBUG] [net.minecraftforge.fml.loading.moddiscovery.ModFile/LOADING]: Loading mod file /workspaces/ls/servidor_minecraft/mods/addonslib-1.20.1-1.4.jar with languages [LanguageSpec[languageName=javafml, acceptedVersions=[47,)]]
[06Aug2025 14:44:41.046] [main/DEBUG] [net.minecraftforge.fml.loading.moddiscovery.ModFileParser/LOADING]: Considering mod file candidate 
[06Aug2025 14:44:41.046] [main/DEBUG] [net.minecraftforge.fml.loading.moddiscovery.ModFileInfo/LOADING]: Found valid mod file expandability-forge-9.0.4.jar with {expandability} mods - versions {9.0.4}
[06Aug2025 14:44:41.046] [main/DEBUG] [net.minecraftforge.fml.loading.moddiscovery.ModFile/LOADING]: Loading mod file  with languages [LanguageSpec[languageName=javafml, acceptedVersions=[46,)]]
[06Aug2025 14:44:41.046] [main/DEBUG] [net.minecraftforge.fml.loading.moddiscovery.ModFile/LOADING]: Loading mod file  with languages []
[06Aug2025 14:44:41.046] [main/DEBUG] [net.minecraftforge.fml.loading.moddiscovery.ModFile/LOADING]: Loading mod file  with languages []
[06Aug2025 14:44:41.046] [main/DEBUG] [net.minecraftforge.fml.loading.moddiscovery.ModFile/LOADING]: Loading mod file  with languages []
[06Aug2025 14:44:41.046] [main/DEBUG] [net.minecraftforge.fml.loading.moddiscovery.ModFileParser/LOADING]: Considering mod file candidate 
[06Aug2025 14:44:41.047] [main/DEBUG] [net.minecraftforge.fml.loading.moddiscovery.ModFileInfo/LOADING]: Found valid mod file mixinextras-forge-0.2.0-beta.6.jar with {mixinextras} mods - versions {0.2.0-beta.6}
[06Aug2025 14:44:41.047] [main/DEBUG] [net.minecraftforge.fml.loading.moddiscovery.ModFile/LOADING]: Loading mod file  with languages [LanguageSpec[languageName=javafml, acceptedVersions=*]]
[06Aug2025 14:44:41.047] [main/DEBUG] [net.minecraftforge.fml.loading.moddiscovery.ModFile/LOADING]: Loading mod file  with languages []
[06Aug2025 14:44:41.047] [main/DEBUG] [net.minecraftforge.fml.loading.moddiscovery.ModFile/LOADING]: Loading mod file  with languages []
[06Aug2025 14:44:41.047] [main/DEBUG] [net.minecraftforge.fml.loading.moddiscovery.ModFile/LOADING]: Loading mod file  with languages []
[06Aug2025 14:44:41.047] [main/DEBUG] [net.minecraftforge.fml.loading.moddiscovery.ModFile/LOADING]: Loading mod file  with languages []
[06Aug2025 14:44:41.047] [main/DEBUG] [net.minecraftforge.fml.loading.moddiscovery.ModFile/LOADING]: Loading mod file  with languages []
[06Aug2025 14:44:41.047] [main/DEBUG] [net.minecraftforge.fml.loading.moddiscovery.ModFile/LOADING]: Loading mod file  with languages []
[06Aug2025 14:44:41.047] [main/DEBUG] [net.minecraftforge.fml.loading.moddiscovery.ModFile/LOADING]: Loading mod file  with languages []
[06Aug2025 14:44:41.047] [main/DEBUG] [net.minecraftforge.fml.loading.moddiscovery.ModFile/LOADING]: Loading mod file  with languages []
[06Aug2025 14:44:41.047] [main/DEBUG] [net.minecraftforge.fml.loading.moddiscovery.ModFile/LOADING]: Loading mod file  with languages []
[06Aug2025 14:44:41.047] [main/DEBUG] [net.minecraftforge.fml.loading.moddiscovery.ModFile/LOADING]: Loading mod file  with languages []
[06Aug2025 14:44:41.047] [main/DEBUG] [net.minecraftforge.fml.loading.moddiscovery.ModFile/LOADING]: Loading mod file  with languages []
[06Aug2025 14:44:41.048] [main/DEBUG] [net.minecraftforge.fml.loading.moddiscovery.ModFile/LOADING]: Loading mod file  with languages []
[06Aug2025 14:44:41.048] [main/DEBUG] [net.minecraftforge.fml.loading.moddiscovery.ModFile/LOADING]: Loading mod file  with languages []
[06Aug2025 14:44:41.048] [main/DEBUG] [net.minecraftforge.fml.loading.moddiscovery.ModFile/LOADING]: Loading mod file  with languages []
[06Aug2025 14:44:41.048] [main/DEBUG] [net.minecraftforge.fml.loading.moddiscovery.ModFile/LOADING]: Loading mod file  with languages []
[06Aug2025 14:44:41.048] [main/DEBUG] [net.minecraftforge.fml.loading.moddiscovery.ModFile/LOADING]: Loading mod file  with languages []
[06Aug2025 14:44:41.048] [main/DEBUG] [net.minecraftforge.fml.loading.moddiscovery.ModFile/LOADING]: Loading mod file  with languages []
[06Aug2025 14:44:41.048] [main/DEBUG] [net.minecraftforge.fml.loading.moddiscovery.ModFileParser/LOADING]: Considering mod file candidate 
[06Aug2025 14:44:41.048] [main/DEBUG] [net.minecraftforge.fml.loading.moddiscovery.ModFileInfo/LOADING]: Found valid mod file mixinextras-forge-0.2.0-beta.6.jar with {mixinextras} mods - versions {0.2.0-beta.6}
[06Aug2025 14:44:41.048] [main/DEBUG] [net.minecraftforge.fml.loading.moddiscovery.ModFile/LOADING]: Loading mod file  with languages [LanguageSpec[languageName=javafml, acceptedVersions=*]]
[06Aug2025 14:44:41.048] [main/DEBUG] [net.minecraftforge.fml.loading.moddiscovery.ModFile/LOADING]: Loading mod file  with languages []
[06Aug2025 14:44:41.049] [main/DEBUG] [net.minecraftforge.fml.loading.moddiscovery.ModFile/LOADING]: Loading mod file  with languages []
[06Aug2025 14:44:41.049] [main/DEBUG] [net.minecraftforge.fml.loading.moddiscovery.ModFile/LOADING]: Loading mod file  with languages []
[06Aug2025 14:44:41.049] [main/DEBUG] [net.minecraftforge.fml.loading.moddiscovery.ModFile/LOADING]: Loading mod file  with languages []
[06Aug2025 14:44:41.049] [main/DEBUG] [net.minecraftforge.fml.loading.moddiscovery.ModFile/LOADING]: Loading mod file  with languages []
[06Aug2025 14:44:41.049] [main/DEBUG] [net.minecraftforge.fml.loading.moddiscovery.ModFile/LOADING]: Loading mod file  with languages []
[06Aug2025 14:44:41.049] [main/DEBUG] [net.minecraftforge.fml.loading.moddiscovery.ModFile/LOADING]: Loading mod file  with languages []
[06Aug2025 14:44:41.049] [main/DEBUG] [net.minecraftforge.fml.loading.moddiscovery.ModFile/LOADING]: Loading mod file  with languages []
[06Aug2025 14:44:41.049] [main/DEBUG] [net.minecraftforge.fml.loading.moddiscovery.ModFile/LOADING]: Loading mod file  with languages []
[06Aug2025 14:44:41.049] [main/DEBUG] [net.minecraftforge.fml.loading.moddiscovery.ModFile/LOADING]: Loading mod file  with languages []
[06Aug2025 14:44:41.049] [main/DEBUG] [net.minecraftforge.fml.loading.moddiscovery.ModFile/LOADING]: Loading mod file  with languages []
[06Aug2025 14:44:41.049] [main/DEBUG] [net.minecraftforge.fml.loading.moddiscovery.ModFile/LOADING]: Loading mod file  with languages []
[06Aug2025 14:44:41.049] [main/DEBUG] [net.minecraftforge.fml.loading.moddiscovery.ModFile/LOADING]: Loading mod file  with languages []
[06Aug2025 14:44:41.050] [main/DEBUG] [net.minecraftforge.fml.loading.moddiscovery.ModFile/LOADING]: Loading mod file  with languages []
[06Aug2025 14:44:41.050] [main/DEBUG] [cpw.mods.modlauncher.TransformationServiceDecorator/MODLAUNCHER]: End scan trigger - transformation service fml
[06Aug2025 14:44:41.060] [main/DEBUG] [net.minecraftforge.fml.loading.LanguageLoadingProvider/CORE]: Found 3 language providers
[06Aug2025 14:44:41.061] [main/DEBUG] [net.minecraftforge.fml.loading.LanguageLoadingProvider/CORE]: Found language provider minecraft, version 1.0
[06Aug2025 14:44:41.061] [main/DEBUG] [net.minecraftforge.fml.loading.LanguageLoadingProvider/CORE]: Found language provider lowcodefml, version 47
[06Aug2025 14:44:41.061] [main/DEBUG] [net.minecraftforge.fml.loading.LanguageLoadingProvider/CORE]: Found language provider javafml, version 47
[06Aug2025 14:44:41.066] [main/DEBUG] [net.minecraftforge.fml.loading.UniqueModListBuilder/]: Found 2 mods for first modid org.quiltmc.parsers.json, selecting most recent based on version data
[06Aug2025 14:44:41.067] [main/DEBUG] [net.minecraftforge.fml.loading.UniqueModListBuilder/]: Selected file json-0.2.1.jar for modid org.quiltmc.parsers.json with version 0.0NONE
[06Aug2025 14:44:41.067] [main/DEBUG] [net.minecraftforge.fml.loading.UniqueModListBuilder/]: Found 2 mods for first modid mclib, selecting most recent based on version data
[06Aug2025 14:44:41.067] [main/DEBUG] [net.minecraftforge.fml.loading.UniqueModListBuilder/]: Selected file mclib-20.jar for modid mclib with version 0.0NONE
[06Aug2025 14:44:41.067] [main/DEBUG] [net.minecraftforge.fml.loading.UniqueModListBuilder/]: Found 2 mods for first modid Registrate.MC1._20, selecting most recent based on version data
[06Aug2025 14:44:41.067] [main/DEBUG] [net.minecraftforge.fml.loading.UniqueModListBuilder/]: Selected file Registrate-MC1.20-1.3.3.jar for modid Registrate.MC1._20 with version 0.0NONE
[06Aug2025 14:44:41.067] [main/DEBUG] [net.minecraftforge.fml.loading.UniqueModListBuilder/]: Found 2 mods for first modid com.twelvemonkeys.imageio.webp, selecting most recent based on version data
[06Aug2025 14:44:41.067] [main/DEBUG] [net.minecraftforge.fml.loading.UniqueModListBuilder/]: Selected file imageio-webp-3.12.0.jar for modid com.twelvemonkeys.imageio.webp with version 3.12.0
[06Aug2025 14:44:41.067] [main/DEBUG] [net.minecraftforge.fml.loading.UniqueModListBuilder/]: Found 2 mods for first modid mixinextras, selecting most recent based on version data
[06Aug2025 14:44:41.067] [main/DEBUG] [net.minecraftforge.fml.loading.UniqueModListBuilder/]: Selected file mixinextras-forge-0.2.0-beta.6.jar for modid mixinextras with version 0.2.0-beta.6
[06Aug2025 14:44:41.067] [main/DEBUG] [net.minecraftforge.fml.loading.UniqueModListBuilder/]: Found 2 mods for first modid com.twelvemonkeys.common.lang, selecting most recent based on version data
[06Aug2025 14:44:41.067] [main/DEBUG] [net.minecraftforge.fml.loading.UniqueModListBuilder/]: Selected file common-lang-3.12.0.jar for modid com.twelvemonkeys.common.lang with version 3.12.0
[06Aug2025 14:44:41.067] [main/DEBUG] [net.minecraftforge.fml.loading.UniqueModListBuilder/]: Found 2 mods for first modid com.twelvemonkeys.imageio.metadata, selecting most recent based on version data
[06Aug2025 14:44:41.067] [main/DEBUG] [net.minecraftforge.fml.loading.UniqueModListBuilder/]: Selected file imageio-metadata-3.12.0.jar for modid com.twelvemonkeys.imageio.metadata with version 3.12.0
[06Aug2025 14:44:41.067] [main/DEBUG] [net.minecraftforge.fml.loading.UniqueModListBuilder/]: Found 2 mods for first modid yabn, selecting most recent based on version data
[06Aug2025 14:44:41.067] [main/DEBUG] [net.minecraftforge.fml.loading.UniqueModListBuilder/]: Selected file yabn-1.0.3.jar for modid yabn with version 0.0NONE
[06Aug2025 14:44:41.067] [main/DEBUG] [net.minecraftforge.fml.loading.UniqueModListBuilder/]: Found 2 mods for first modid org.quiltmc.parsers.gson, selecting most recent based on version data
[06Aug2025 14:44:41.067] [main/DEBUG] [net.minecraftforge.fml.loading.UniqueModListBuilder/]: Selected file gson-0.2.1.jar for modid org.quiltmc.parsers.gson with version 0.0NONE
[06Aug2025 14:44:41.068] [main/DEBUG] [net.minecraftforge.fml.loading.UniqueModListBuilder/]: Found 2 mods for first modid Reflect, selecting most recent based on version data
[06Aug2025 14:44:41.068] [main/DEBUG] [net.minecraftforge.fml.loading.UniqueModListBuilder/]: Selected file Reflect-1.3.4.jar for modid Reflect with version 0.0NONE
[06Aug2025 14:44:41.068] [main/DEBUG] [net.minecraftforge.fml.loading.UniqueModListBuilder/]: Found 2 mods for first modid endec, selecting most recent based on version data
[06Aug2025 14:44:41.068] [main/DEBUG] [net.minecraftforge.fml.loading.UniqueModListBuilder/]: Selected file endec-0.1.8.jar for modid endec with version 0.0NONE
[06Aug2025 14:44:41.068] [main/DEBUG] [net.minecraftforge.fml.loading.UniqueModListBuilder/]: Found 2 mods for first modid bytecodecs, selecting most recent based on version data
[06Aug2025 14:44:41.068] [main/DEBUG] [net.minecraftforge.fml.loading.UniqueModListBuilder/]: Selected file bytecodecs-1.0.2.jar for modid bytecodecs with version 0.0NONE
[06Aug2025 14:44:41.068] [main/DEBUG] [net.minecraftforge.fml.loading.UniqueModListBuilder/]: Found 2 mods for first modid com.twelvemonkeys.common.image, selecting most recent based on version data
[06Aug2025 14:44:41.068] [main/DEBUG] [net.minecraftforge.fml.loading.UniqueModListBuilder/]: Selected file common-image-3.12.0.jar for modid com.twelvemonkeys.common.image with version 3.12.0
[06Aug2025 14:44:41.068] [main/DEBUG] [net.minecraftforge.fml.loading.UniqueModListBuilder/]: Found 2 mods for first modid com.twelvemonkeys.imageio.core, selecting most recent based on version data
[06Aug2025 14:44:41.068] [main/DEBUG] [net.minecraftforge.fml.loading.UniqueModListBuilder/]: Selected file imageio-core-3.12.0.jar for modid com.twelvemonkeys.imageio.core with version 3.12.0
[06Aug2025 14:44:41.068] [main/DEBUG] [net.minecraftforge.fml.loading.UniqueModListBuilder/]: Found 2 mods for first modid netty_endec, selecting most recent based on version data
[06Aug2025 14:44:41.068] [main/DEBUG] [net.minecraftforge.fml.loading.UniqueModListBuilder/]: Selected file netty-0.1.4.jar for modid netty_endec with version 0.0NONE
[06Aug2025 14:44:41.068] [main/DEBUG] [net.minecraftforge.fml.loading.UniqueModListBuilder/]: Found 2 mods for first modid com.twelvemonkeys.common.io, selecting most recent based on version data
[06Aug2025 14:44:41.068] [main/DEBUG] [net.minecraftforge.fml.loading.UniqueModListBuilder/]: Selected file common-io-3.12.0.jar for modid com.twelvemonkeys.common.io with version 3.12.0
[06Aug2025 14:44:41.068] [main/DEBUG] [net.minecraftforge.fml.loading.UniqueModListBuilder/]: Found 2 mods for first modid MixinExtras, selecting most recent based on version data
[06Aug2025 14:44:41.068] [main/DEBUG] [net.minecraftforge.fml.loading.UniqueModListBuilder/]: Selected file MixinExtras-0.4.1.jar for modid MixinExtras with version 0.0NONE
[06Aug2025 14:44:41.068] [main/DEBUG] [net.minecraftforge.fml.loading.UniqueModListBuilder/]: Found 2 mods for first modid gson_endec, selecting most recent based on version data
[06Aug2025 14:44:41.068] [main/DEBUG] [net.minecraftforge.fml.loading.UniqueModListBuilder/]: Selected file gson-0.1.5.jar for modid gson_endec with version 0.0NONE
[06Aug2025 14:44:41.070] [main/DEBUG] [net.minecraftforge.fml.loading.ModSorter/]: Configured system mods: [minecraft, forge]
[06Aug2025 14:44:41.070] [main/DEBUG] [net.minecraftforge.fml.loading.ModSorter/]: Found system mod: minecraft
[06Aug2025 14:44:41.070] [main/DEBUG] [net.minecraftforge.fml.loading.ModSorter/]: Found system mod: forge
[06Aug2025 14:44:41.072] [main/DEBUG] [net.minecraftforge.fml.loading.ModSorter/LOADING]: Found 189 mod requirements (174 mandatory, 15 optional)
[06Aug2025 14:44:41.074] [main/DEBUG] [net.minecraftforge.fml.loading.ModSorter/LOADING]: Found 0 mod requirements missing (0 mandatory, 0 optional)
[06Aug2025 14:44:41.611] [main/DEBUG] [cpw.mods.modlauncher.TransformationServicesHandler/MODLAUNCHER]: Transformation services loading transformers
[06Aug2025 14:44:41.612] [main/DEBUG] [cpw.mods.modlauncher.TransformationServiceDecorator/MODLAUNCHER]: Initializing transformers for transformation service mixin
[06Aug2025 14:44:41.612] [main/DEBUG] [cpw.mods.modlauncher.TransformationServiceDecorator/MODLAUNCHER]: Initialized transformers for transformation service mixin
[06Aug2025 14:44:41.613] [main/DEBUG] [cpw.mods.modlauncher.TransformationServiceDecorator/MODLAUNCHER]: Initializing transformers for transformation service fml
[06Aug2025 14:44:41.613] [main/DEBUG] [net.minecraftforge.fml.loading.FMLServiceProvider/CORE]: Loading coremod transformers
[06Aug2025 14:44:41.613] [main/DEBUG] [net.minecraftforge.coremod.CoreModEngine/COREMOD]: Loading CoreMod from potion-effects-shift.js
[06Aug2025 14:44:41.847] [main/DEBUG] [net.minecraftforge.coremod.CoreModEngine/COREMOD]: CoreMod loaded successfully
[06Aug2025 14:44:41.847] [main/DEBUG] [net.minecraftforge.coremod.CoreModEngine/COREMOD]: Loading CoreMod from coremods/field_to_method.js
[06Aug2025 14:44:41.876] [main/DEBUG] [net.minecraftforge.coremod.CoreModEngine/COREMOD]: CoreMod loaded successfully
[06Aug2025 14:44:41.876] [main/DEBUG] [net.minecraftforge.coremod.CoreModEngine/COREMOD]: Loading CoreMod from coremods/field_to_instanceof.js
[06Aug2025 14:44:41.909] [main/DEBUG] [net.minecraftforge.coremod.CoreModEngine/COREMOD]: CoreMod loaded successfully
[06Aug2025 14:44:41.909] [main/DEBUG] [net.minecraftforge.coremod.CoreModEngine/COREMOD]: Loading CoreMod from coremods/add_bouncer_method.js
[06Aug2025 14:44:41.941] [main/DEBUG] [net.minecraftforge.coremod.CoreModEngine/COREMOD]: CoreMod loaded successfully
[06Aug2025 14:44:41.942] [main/DEBUG] [net.minecraftforge.coremod.CoreModEngine/COREMOD]: Loading CoreMod from coremods/method_redirector.js
[06Aug2025 14:44:41.994] [main/DEBUG] [net.minecraftforge.coremod.CoreModEngine/COREMOD]: CoreMod loaded successfully
[06Aug2025 14:44:42.003] [main/DEBUG] [cpw.mods.modlauncher.TransformStore/MODLAUNCHER]: Adding transformer net.minecraftforge.coremod.transformer.CoreModClassTransformer@60743cdb to Target : CLASS {Lnet/minecraft/world/level/biome/Biome;} {} {V}
[06Aug2025 14:44:42.004] [main/DEBUG] [cpw.mods.modlauncher.TransformStore/MODLAUNCHER]: Adding transformer net.minecraftforge.coremod.transformer.CoreModClassTransformer@4a9860 to Target : CLASS {Lnet/minecraft/world/level/levelgen/structure/Structure;} {} {V}
[06Aug2025 14:44:42.004] [main/DEBUG] [cpw.mods.modlauncher.TransformStore/MODLAUNCHER]: Adding transformer net.minecraftforge.coremod.transformer.CoreModClassTransformer@7ca16adc to Target : CLASS {Lnet/minecraft/world/effect/MobEffectInstance;} {} {V}
[06Aug2025 14:44:42.004] [main/DEBUG] [cpw.mods.modlauncher.TransformStore/MODLAUNCHER]: Adding transformer net.minecraftforge.coremod.transformer.CoreModClassTransformer@5ae1c281 to Target : CLASS {Lnet/minecraft/world/level/block/LiquidBlock;} {} {V}
[06Aug2025 14:44:42.004] [main/DEBUG] [cpw.mods.modlauncher.TransformStore/MODLAUNCHER]: Adding transformer net.minecraftforge.coremod.transformer.CoreModClassTransformer@4ac8768e to Target : CLASS {Lnet/minecraft/world/item/BucketItem;} {} {V}
[06Aug2025 14:44:42.004] [main/DEBUG] [cpw.mods.modlauncher.TransformStore/MODLAUNCHER]: Adding transformer net.minecraftforge.coremod.transformer.CoreModClassTransformer@1e957e2f to Target : CLASS {Lnet/minecraft/world/level/block/StairBlock;} {} {V}
[06Aug2025 14:44:42.005] [main/DEBUG] [cpw.mods.modlauncher.TransformStore/MODLAUNCHER]: Adding transformer net.minecraftforge.coremod.transformer.CoreModClassTransformer@691500ab to Target : CLASS {Lnet/minecraft/world/level/block/FlowerPotBlock;} {} {V}
[06Aug2025 14:44:42.005] [main/DEBUG] [cpw.mods.modlauncher.TransformStore/MODLAUNCHER]: Adding transformer net.minecraftforge.coremod.transformer.CoreModClassTransformer@3db432c2 to Target : CLASS {Lnet/minecraft/world/item/ItemStack;} {} {V}
[06Aug2025 14:44:42.005] [main/DEBUG] [cpw.mods.modlauncher.TransformStore/MODLAUNCHER]: Adding transformer net.minecraftforge.coremod.transformer.CoreModClassTransformer@34414ffc to Target : CLASS {Lnet/minecraft/network/play/client/CClientSettingsPacket;} {} {V}
[06Aug2025 14:44:42.005] [main/DEBUG] [cpw.mods.modlauncher.TransformStore/MODLAUNCHER]: Adding transformer net.minecraftforge.coremod.transformer.CoreModClassTransformer@1903b5d to Target : CLASS {Lnet/minecraft/world/level/levelgen/structure/structures/WoodlandMansionPieces$WoodlandMansionPiece;} {} {V}
[06Aug2025 14:44:42.005] [main/DEBUG] [cpw.mods.modlauncher.TransformStore/MODLAUNCHER]: Adding transformer net.minecraftforge.coremod.transformer.CoreModClassTransformer@1903b5d to Target : CLASS {Lnet/minecraft/world/level/levelgen/structure/structures/OceanMonumentPieces$OceanMonumentPiece;} {} {V}
[06Aug2025 14:44:42.005] [main/DEBUG] [cpw.mods.modlauncher.TransformStore/MODLAUNCHER]: Adding transformer net.minecraftforge.coremod.transformer.CoreModClassTransformer@1903b5d to Target : CLASS {Lnet/minecraft/world/level/levelgen/structure/templatesystem/StructureTemplate;} {} {V}
[06Aug2025 14:44:42.005] [main/DEBUG] [cpw.mods.modlauncher.TransformStore/MODLAUNCHER]: Adding transformer net.minecraftforge.coremod.transformer.CoreModClassTransformer@1903b5d to Target : CLASS {Lnet/minecraft/world/entity/ai/village/VillageSiege;} {} {V}
[06Aug2025 14:44:42.005] [main/DEBUG] [cpw.mods.modlauncher.TransformStore/MODLAUNCHER]: Adding transformer net.minecraftforge.coremod.transformer.CoreModClassTransformer@1903b5d to Target : CLASS {Lnet/minecraft/world/entity/animal/frog/Tadpole;} {} {V}
[06Aug2025 14:44:42.005] [main/DEBUG] [cpw.mods.modlauncher.TransformStore/MODLAUNCHER]: Adding transformer net.minecraftforge.coremod.transformer.CoreModClassTransformer@1903b5d to Target : CLASS {Lnet/minecraft/server/commands/RaidCommand;} {} {V}
[06Aug2025 14:44:42.006] [main/DEBUG] [cpw.mods.modlauncher.TransformStore/MODLAUNCHER]: Adding transformer net.minecraftforge.coremod.transformer.CoreModClassTransformer@1903b5d to Target : CLASS {Lnet/minecraft/world/entity/monster/Spider;} {} {V}
[06Aug2025 14:44:42.006] [main/DEBUG] [cpw.mods.modlauncher.TransformStore/MODLAUNCHER]: Adding transformer net.minecraftforge.coremod.transformer.CoreModClassTransformer@1903b5d to Target : CLASS {Lnet/minecraft/world/level/levelgen/PatrolSpawner;} {} {V}
[06Aug2025 14:44:42.006] [main/DEBUG] [cpw.mods.modlauncher.TransformStore/MODLAUNCHER]: Adding transformer net.minecraftforge.coremod.transformer.CoreModClassTransformer@1903b5d to Target : CLASS {Lnet/minecraft/world/entity/monster/Zombie;} {} {V}
[06Aug2025 14:44:42.006] [main/DEBUG] [cpw.mods.modlauncher.TransformStore/MODLAUNCHER]: Adding transformer net.minecraftforge.coremod.transformer.CoreModClassTransformer@1903b5d to Target : CLASS {Lnet/minecraft/world/entity/animal/horse/SkeletonTrapGoal;} {} {V}
[06Aug2025 14:44:42.006] [main/DEBUG] [cpw.mods.modlauncher.TransformStore/MODLAUNCHER]: Adding transformer net.minecraftforge.coremod.transformer.CoreModClassTransformer@1903b5d to Target : CLASS {Lnet/minecraft/world/entity/raid/Raid;} {} {V}
[06Aug2025 14:44:42.006] [main/DEBUG] [cpw.mods.modlauncher.TransformStore/MODLAUNCHER]: Adding transformer net.minecraftforge.coremod.transformer.CoreModClassTransformer@1903b5d to Target : CLASS {Lnet/minecraft/world/entity/monster/Strider;} {} {V}
[06Aug2025 14:44:42.006] [main/DEBUG] [cpw.mods.modlauncher.TransformStore/MODLAUNCHER]: Adding transformer net.minecraftforge.coremod.transformer.CoreModClassTransformer@1903b5d to Target : CLASS {Lnet/minecraft/world/level/NaturalSpawner;} {} {V}
[06Aug2025 14:44:42.006] [main/DEBUG] [cpw.mods.modlauncher.TransformStore/MODLAUNCHER]: Adding transformer net.minecraftforge.coremod.transformer.CoreModClassTransformer@1903b5d to Target : CLASS {Lnet/minecraft/world/entity/monster/Evoker$EvokerSummonSpellGoal;} {} {V}
[06Aug2025 14:44:42.006] [main/DEBUG] [cpw.mods.modlauncher.TransformStore/MODLAUNCHER]: Adding transformer net.minecraftforge.coremod.transformer.CoreModClassTransformer@1903b5d to Target : CLASS {Lnet/minecraft/world/level/levelgen/PhantomSpawner;} {} {V}
[06Aug2025 14:44:42.006] [main/DEBUG] [cpw.mods.modlauncher.TransformStore/MODLAUNCHER]: Adding transformer net.minecraftforge.coremod.transformer.CoreModClassTransformer@1903b5d to Target : CLASS {Lnet/minecraft/world/entity/npc/CatSpawner;} {} {V}
[06Aug2025 14:44:42.006] [main/DEBUG] [cpw.mods.modlauncher.TransformStore/MODLAUNCHER]: Adding transformer net.minecraftforge.coremod.transformer.CoreModClassTransformer@1903b5d to Target : CLASS {Lnet/minecraft/world/entity/npc/Villager;} {} {V}
[06Aug2025 14:44:42.006] [main/DEBUG] [cpw.mods.modlauncher.TransformStore/MODLAUNCHER]: Adding transformer net.minecraftforge.coremod.transformer.CoreModClassTransformer@1903b5d to Target : CLASS {Lnet/minecraft/world/entity/EntityType;} {} {V}
[06Aug2025 14:44:42.006] [main/DEBUG] [cpw.mods.modlauncher.TransformStore/MODLAUNCHER]: Adding transformer net.minecraftforge.coremod.transformer.CoreModClassTransformer@1903b5d to Target : CLASS {Lnet/minecraft/server/commands/SummonCommand;} {} {V}
[06Aug2025 14:44:42.006] [main/DEBUG] [cpw.mods.modlauncher.TransformStore/MODLAUNCHER]: Adding transformer net.minecraftforge.coremod.transformer.CoreModClassTransformer@1903b5d to Target : CLASS {Lnet/minecraft/world/entity/monster/ZombieVillager;} {} {V}
[06Aug2025 14:44:42.006] [main/DEBUG] [cpw.mods.modlauncher.TransformStore/MODLAUNCHER]: Adding transformer net.minecraftforge.coremod.transformer.CoreModClassTransformer@1903b5d to Target : CLASS {Lnet/minecraft/world/level/levelgen/structure/structures/OceanRuinPieces$OceanRuinPiece;} {} {V}
[06Aug2025 14:44:42.006] [main/DEBUG] [cpw.mods.modlauncher.TransformStore/MODLAUNCHER]: Adding transformer net.minecraftforge.coremod.transformer.CoreModClassTransformer@1903b5d to Target : CLASS {Lnet/minecraft/world/level/levelgen/structure/structures/SwampHutPiece;} {} {V}
[06Aug2025 14:44:42.006] [main/DEBUG] [cpw.mods.modlauncher.TransformStore/MODLAUNCHER]: Adding transformer net.minecraftforge.coremod.transformer.CoreModMethodTransformer@5cff6b74 to Target : METHOD {Lnet/minecraft/client/gui/Gui;} {m_93028_} {(Lcom/mojang/blaze3d/vertex/PoseStack;)V}
[06Aug2025 14:44:42.006] [main/DEBUG] [cpw.mods.modlauncher.TransformationServiceDecorator/MODLAUNCHER]: Initialized transformers for transformation service fml
[06Aug2025 14:44:43.913] [main/DEBUG] [mixin/]: Processing prepare() for PlatformAgent[MixinPlatformAgentDefault:ModLauncher Root Container(ModLauncher:4f56a0a2)]
[06Aug2025 14:44:43.913] [main/DEBUG] [mixin/]: Processing launch tasks for PlatformAgent[MixinPlatformAgentDefault:ModLauncher Root Container(ModLauncher:4f56a0a2)]
[06Aug2025 14:44:43.913] [main/DEBUG] [mixin/]: Adding mixin platform agents for container SecureJarResource(hexerei)
[06Aug2025 14:44:43.913] [main/DEBUG] [mixin/]: Instancing new MixinPlatformAgentMinecraftForge for SecureJarResource(hexerei)
[06Aug2025 14:44:43.914] [main/DEBUG] [mixin/]: MixinPlatformAgentMinecraftForge rejected container SecureJarResource(hexerei)
[06Aug2025 14:44:43.914] [main/DEBUG] [mixin/]: Instancing new MixinPlatformAgentDefault for SecureJarResource(hexerei)
[06Aug2025 14:44:43.914] [main/DEBUG] [mixin/]: MixinPlatformAgentDefault accepted container SecureJarResource(hexerei)
[06Aug2025 14:44:43.914] [main/DEBUG] [mixin/]: Processing prepare() for PlatformAgent[MixinPlatformAgentDefault:SecureJarResource(hexerei)]
[06Aug2025 14:44:43.914] [main/DEBUG] [mixin/]: Registering mixin config: hexerei.mixins.json
[06Aug2025 14:44:43.931] [main/DEBUG] [mixin/]: Compatibility level JAVA_17 specified by hexerei.mixins.json is higher than the maximum level supported by this version of mixin (JAVA_13).
[06Aug2025 14:44:43.934] [main/INFO] [mixin/]: Compatibility level set to JAVA_17
[06Aug2025 14:44:43.934] [main/DEBUG] [mixin/]: Adding mixin platform agents for container SecureJarResource(kuma_api)
[06Aug2025 14:44:43.935] [main/DEBUG] [mixin/]: Instancing new MixinPlatformAgentMinecraftForge for SecureJarResource(kuma_api)
[06Aug2025 14:44:43.935] [main/DEBUG] [mixin/]: MixinPlatformAgentMinecraftForge rejected container SecureJarResource(kuma_api)
[06Aug2025 14:44:43.935] [main/DEBUG] [mixin/]: Instancing new MixinPlatformAgentDefault for SecureJarResource(kuma_api)
[06Aug2025 14:44:43.935] [main/DEBUG] [mixin/]: MixinPlatformAgentDefault accepted container SecureJarResource(kuma_api)
[06Aug2025 14:44:43.935] [main/DEBUG] [mixin/]: Processing prepare() for PlatformAgent[MixinPlatformAgentDefault:SecureJarResource(kuma_api)]
[06Aug2025 14:44:43.935] [main/DEBUG] [mixin/]: Registering mixin config: kuma_api.mixins.json
[06Aug2025 14:44:43.939] [main/DEBUG] [mixin/]: Registering mixin config: kuma_api.forge.mixins.json
[06Aug2025 14:44:43.942] [main/DEBUG] [mixin/]: Adding mixin platform agents for container SecureJarResource(mcwbyg)
[06Aug2025 14:44:43.942] [main/DEBUG] [mixin/]: Instancing new MixinPlatformAgentMinecraftForge for SecureJarResource(mcwbyg)
[06Aug2025 14:44:43.943] [main/DEBUG] [mixin/]: MixinPlatformAgentMinecraftForge rejected container SecureJarResource(mcwbyg)
[06Aug2025 14:44:43.943] [main/DEBUG] [mixin/]: Instancing new MixinPlatformAgentDefault for SecureJarResource(mcwbyg)
[06Aug2025 14:44:43.943] [main/DEBUG] [mixin/]: MixinPlatformAgentDefault accepted container SecureJarResource(mcwbyg)
[06Aug2025 14:44:43.943] [main/DEBUG] [mixin/]: Processing prepare() for PlatformAgent[MixinPlatformAgentDefault:SecureJarResource(mcwbyg)]
[06Aug2025 14:44:43.943] [main/DEBUG] [mixin/]: Adding mixin platform agents for container SecureJarResource(easyanvils)
[06Aug2025 14:44:43.943] [main/DEBUG] [mixin/]: Instancing new MixinPlatformAgentMinecraftForge for SecureJarResource(easyanvils)
[06Aug2025 14:44:43.943] [main/DEBUG] [mixin/]: MixinPlatformAgentMinecraftForge rejected container SecureJarResource(easyanvils)
[06Aug2025 14:44:43.944] [main/DEBUG] [mixin/]: Instancing new MixinPlatformAgentDefault for SecureJarResource(easyanvils)
[06Aug2025 14:44:43.944] [main/DEBUG] [mixin/]: MixinPlatformAgentDefault accepted container SecureJarResource(easyanvils)
[06Aug2025 14:44:43.944] [main/DEBUG] [mixin/]: Processing prepare() for PlatformAgent[MixinPlatformAgentDefault:SecureJarResource(easyanvils)]
[06Aug2025 14:44:43.944] [main/DEBUG] [mixin/]: Registering mixin config: easyanvils.common.mixins.json
[06Aug2025 14:44:43.947] [main/DEBUG] [mixin/]: Registering mixin config: easyanvils.forge.mixins.json
[06Aug2025 14:44:43.951] [main/DEBUG] [mixin/]: Adding mixin platform agents for container SecureJarResource(geckolib)
[06Aug2025 14:44:43.951] [main/DEBUG] [mixin/]: Instancing new MixinPlatformAgentMinecraftForge for SecureJarResource(geckolib)
[06Aug2025 14:44:43.951] [main/DEBUG] [mixin/]: MixinPlatformAgentMinecraftForge rejected container SecureJarResource(geckolib)
[06Aug2025 14:44:43.951] [main/DEBUG] [mixin/]: Instancing new MixinPlatformAgentDefault for SecureJarResource(geckolib)
[06Aug2025 14:44:43.951] [main/DEBUG] [mixin/]: MixinPlatformAgentDefault accepted container SecureJarResource(geckolib)
[06Aug2025 14:44:43.951] [main/DEBUG] [mixin/]: Processing prepare() for PlatformAgent[MixinPlatformAgentDefault:SecureJarResource(geckolib)]
[06Aug2025 14:44:43.951] [main/DEBUG] [mixin/]: Registering mixin config: geckolib.mixins.json
[06Aug2025 14:44:43.954] [main/DEBUG] [mixin/]: Adding mixin platform agents for container SecureJarResource(dynamiclights)
[06Aug2025 14:44:43.954] [main/DEBUG] [mixin/]: Instancing new MixinPlatformAgentMinecraftForge for SecureJarResource(dynamiclights)
[06Aug2025 14:44:43.954] [main/DEBUG] [mixin/]: MixinPlatformAgentMinecraftForge rejected container SecureJarResource(dynamiclights)
[06Aug2025 14:44:43.954] [main/DEBUG] [mixin/]: Instancing new MixinPlatformAgentDefault for SecureJarResource(dynamiclights)
[06Aug2025 14:44:43.954] [main/DEBUG] [mixin/]: MixinPlatformAgentDefault accepted container SecureJarResource(dynamiclights)
[06Aug2025 14:44:43.955] [main/DEBUG] [mixin/]: Processing prepare() for PlatformAgent[MixinPlatformAgentDefault:SecureJarResource(dynamiclights)]
[06Aug2025 14:44:43.955] [main/DEBUG] [mixin/]: Adding mixin platform agents for container SecureJarResource(incendium)
[06Aug2025 14:44:43.955] [main/DEBUG] [mixin/]: Instancing new MixinPlatformAgentMinecraftForge for SecureJarResource(incendium)
[06Aug2025 14:44:43.955] [main/DEBUG] [mixin/]: MixinPlatformAgentMinecraftForge rejected container SecureJarResource(incendium)
[06Aug2025 14:44:43.955] [main/DEBUG] [mixin/]: Instancing new MixinPlatformAgentDefault for SecureJarResource(incendium)
[06Aug2025 14:44:43.955] [main/DEBUG] [mixin/]: MixinPlatformAgentDefault accepted container SecureJarResource(incendium)
[06Aug2025 14:44:43.955] [main/DEBUG] [mixin/]: Processing prepare() for PlatformAgent[MixinPlatformAgentDefault:SecureJarResource(incendium)]
[06Aug2025 14:44:43.955] [main/DEBUG] [mixin/]: Adding mixin platform agents for container SecureJarResource(sophisticatedcore)
[06Aug2025 14:44:43.955] [main/DEBUG] [mixin/]: Instancing new MixinPlatformAgentMinecraftForge for SecureJarResource(sophisticatedcore)
[06Aug2025 14:44:43.955] [main/DEBUG] [mixin/]: MixinPlatformAgentMinecraftForge rejected container SecureJarResource(sophisticatedcore)
[06Aug2025 14:44:43.955] [main/DEBUG] [mixin/]: Instancing new MixinPlatformAgentDefault for SecureJarResource(sophisticatedcore)
[06Aug2025 14:44:43.955] [main/DEBUG] [mixin/]: MixinPlatformAgentDefault accepted container SecureJarResource(sophisticatedcore)
[06Aug2025 14:44:43.955] [main/DEBUG] [mixin/]: Processing prepare() for PlatformAgent[MixinPlatformAgentDefault:SecureJarResource(sophisticatedcore)]
[06Aug2025 14:44:43.955] [main/DEBUG] [mixin/]: Adding mixin platform agents for container SecureJarResource(gpumemleakfix)
[06Aug2025 14:44:43.955] [main/DEBUG] [mixin/]: Instancing new MixinPlatformAgentMinecraftForge for SecureJarResource(gpumemleakfix)
[06Aug2025 14:44:43.955] [main/DEBUG] [mixin/]: MixinPlatformAgentMinecraftForge rejected container SecureJarResource(gpumemleakfix)
[06Aug2025 14:44:43.955] [main/DEBUG] [mixin/]: Instancing new MixinPlatformAgentDefault for SecureJarResource(gpumemleakfix)
[06Aug2025 14:44:43.955] [main/DEBUG] [mixin/]: MixinPlatformAgentDefault accepted container SecureJarResource(gpumemleakfix)
[06Aug2025 14:44:43.955] [main/DEBUG] [mixin/]: Processing prepare() for PlatformAgent[MixinPlatformAgentDefault:SecureJarResource(gpumemleakfix)]
[06Aug2025 14:44:43.955] [main/DEBUG] [mixin/]: Registering mixin config: gpumemleakfix.mixins.json
[06Aug2025 14:44:43.959] [main/DEBUG] [mixin/]: Adding mixin platform agents for container SecureJarResource(citadel)
[06Aug2025 14:44:43.959] [main/DEBUG] [mixin/]: Instancing new MixinPlatformAgentMinecraftForge for SecureJarResource(citadel)
[06Aug2025 14:44:43.959] [main/DEBUG] [mixin/]: MixinPlatformAgentMinecraftForge rejected container SecureJarResource(citadel)
[06Aug2025 14:44:43.959] [main/DEBUG] [mixin/]: Instancing new MixinPlatformAgentDefault for SecureJarResource(citadel)
[06Aug2025 14:44:43.959] [main/DEBUG] [mixin/]: MixinPlatformAgentDefault accepted container SecureJarResource(citadel)
[06Aug2025 14:44:43.959] [main/DEBUG] [mixin/]: Processing prepare() for PlatformAgent[MixinPlatformAgentDefault:SecureJarResource(citadel)]
[06Aug2025 14:44:43.959] [main/DEBUG] [mixin/]: Registering mixin config: citadel.mixins.json
[06Aug2025 14:44:43.963] [main/DEBUG] [mixin/]: Adding mixin platform agents for container SecureJarResource(alexsmobs)
[06Aug2025 14:44:43.963] [main/DEBUG] [mixin/]: Instancing new MixinPlatformAgentMinecraftForge for SecureJarResource(alexsmobs)
[06Aug2025 14:44:43.963] [main/DEBUG] [mixin/]: MixinPlatformAgentMinecraftForge rejected container SecureJarResource(alexsmobs)
[06Aug2025 14:44:43.963] [main/DEBUG] [mixin/]: Instancing new MixinPlatformAgentDefault for SecureJarResource(alexsmobs)
[06Aug2025 14:44:43.963] [main/DEBUG] [mixin/]: MixinPlatformAgentDefault accepted container SecureJarResource(alexsmobs)
[06Aug2025 14:44:43.963] [main/DEBUG] [mixin/]: Processing prepare() for PlatformAgent[MixinPlatformAgentDefault:SecureJarResource(alexsmobs)]
[06Aug2025 14:44:43.963] [main/DEBUG] [mixin/]: Registering mixin config: citadel.mixins.json
[06Aug2025 14:44:43.963] [main/DEBUG] [mixin/]: Adding mixin platform agents for container SecureJarResource(fabric_data_attachment_api_v1)
[06Aug2025 14:44:43.963] [main/DEBUG] [mixin/]: Instancing new MixinPlatformAgentMinecraftForge for SecureJarResource(fabric_data_attachment_api_v1)
[06Aug2025 14:44:43.963] [main/DEBUG] [mixin/]: MixinPlatformAgentMinecraftForge rejected container SecureJarResource(fabric_data_attachment_api_v1)
[06Aug2025 14:44:43.963] [main/DEBUG] [mixin/]: Instancing new MixinPlatformAgentDefault for SecureJarResource(fabric_data_attachment_api_v1)
[06Aug2025 14:44:43.964] [main/DEBUG] [mixin/]: MixinPlatformAgentDefault accepted container SecureJarResource(fabric_data_attachment_api_v1)
[06Aug2025 14:44:43.964] [main/DEBUG] [mixin/]: Processing prepare() for PlatformAgent[MixinPlatformAgentDefault:SecureJarResource(fabric_data_attachment_api_v1)]
[06Aug2025 14:44:43.964] [main/DEBUG] [mixin/]: Registering mixin config: fabric-data-attachment-api-v1.mixins.json
[06Aug2025 14:44:43.966] [main/ERROR] [mixin/]: Mixin config fabric-data-attachment-api-v1.mixins.json does not specify "minVersion" property
[06Aug2025 14:44:43.967] [main/DEBUG] [mixin/]: Registering mixin config: fabric-data-attachment-api-v1.client.mixins.json
[06Aug2025 14:44:43.969] [main/ERROR] [mixin/]: Mixin config fabric-data-attachment-api-v1.client.mixins.json does not specify "minVersion" property
[06Aug2025 14:44:43.970] [main/DEBUG] [mixin/]: Adding mixin platform agents for container SecureJarResource(mixinextras)
[06Aug2025 14:44:43.970] [main/DEBUG] [mixin/]: Instancing new MixinPlatformAgentMinecraftForge for SecureJarResource(mixinextras)
[06Aug2025 14:44:43.970] [main/DEBUG] [mixin/]: MixinPlatformAgentMinecraftForge rejected container SecureJarResource(mixinextras)
[06Aug2025 14:44:43.970] [main/DEBUG] [mixin/]: Instancing new MixinPlatformAgentDefault for SecureJarResource(mixinextras)
[06Aug2025 14:44:43.970] [main/DEBUG] [mixin/]: MixinPlatformAgentDefault accepted container SecureJarResource(mixinextras)
[06Aug2025 14:44:43.970] [main/DEBUG] [mixin/]: Processing prepare() for PlatformAgent[MixinPlatformAgentDefault:SecureJarResource(mixinextras)]
[06Aug2025 14:44:43.970] [main/DEBUG] [mixin/]: Registering mixin config: mixinextras.init.mixins.json
[06Aug2025 14:44:43.973] [main/DEBUG] [mixin/]: Adding mixin platform agents for container SecureJarResource(sophisticatedbackpacks)
[06Aug2025 14:44:43.973] [main/DEBUG] [mixin/]: Instancing new MixinPlatformAgentMinecraftForge for SecureJarResource(sophisticatedbackpacks)
[06Aug2025 14:44:43.974] [main/DEBUG] [mixin/]: MixinPlatformAgentMinecraftForge rejected container SecureJarResource(sophisticatedbackpacks)
[06Aug2025 14:44:43.974] [main/DEBUG] [mixin/]: Instancing new MixinPlatformAgentDefault for SecureJarResource(sophisticatedbackpacks)
[06Aug2025 14:44:43.974] [main/DEBUG] [mixin/]: MixinPlatformAgentDefault accepted container SecureJarResource(sophisticatedbackpacks)
[06Aug2025 14:44:43.974] [main/DEBUG] [mixin/]: Processing prepare() for PlatformAgent[MixinPlatformAgentDefault:SecureJarResource(sophisticatedbackpacks)]
[06Aug2025 14:44:43.974] [main/DEBUG] [mixin/]: Adding mixin platform agents for container SecureJarResource(balm)
[06Aug2025 14:44:43.974] [main/DEBUG] [mixin/]: Instancing new MixinPlatformAgentMinecraftForge for SecureJarResource(balm)
[06Aug2025 14:44:43.974] [main/DEBUG] [mixin/]: MixinPlatformAgentMinecraftForge rejected container SecureJarResource(balm)
[06Aug2025 14:44:43.974] [main/DEBUG] [mixin/]: Instancing new MixinPlatformAgentDefault for SecureJarResource(balm)
[06Aug2025 14:44:43.974] [main/DEBUG] [mixin/]: MixinPlatformAgentDefault accepted container SecureJarResource(balm)
[06Aug2025 14:44:43.974] [main/DEBUG] [mixin/]: Processing prepare() for PlatformAgent[MixinPlatformAgentDefault:SecureJarResource(balm)]
[06Aug2025 14:44:43.974] [main/DEBUG] [mixin/]: Registering mixin config: balm.mixins.json
[06Aug2025 14:44:43.978] [main/DEBUG] [mixin/]: Adding mixin platform agents for container SecureJarResource(fpsreducer)
[06Aug2025 14:44:43.978] [main/DEBUG] [mixin/]: Instancing new MixinPlatformAgentMinecraftForge for SecureJarResource(fpsreducer)
[06Aug2025 14:44:43.978] [main/DEBUG] [mixin/]: MixinPlatformAgentMinecraftForge rejected container SecureJarResource(fpsreducer)
[06Aug2025 14:44:43.978] [main/DEBUG] [mixin/]: Instancing new MixinPlatformAgentDefault for SecureJarResource(fpsreducer)
[06Aug2025 14:44:43.978] [main/DEBUG] [mixin/]: MixinPlatformAgentDefault accepted container SecureJarResource(fpsreducer)
[06Aug2025 14:44:43.978] [main/DEBUG] [mixin/]: Processing prepare() for PlatformAgent[MixinPlatformAgentDefault:SecureJarResource(fpsreducer)]
[06Aug2025 14:44:43.978] [main/DEBUG] [mixin/]: Registering mixin config: fpsreducer.mixins.json
[06Aug2025 14:44:43.982] [main/DEBUG] [mixin/]: Adding mixin platform agents for container SecureJarResource(carryon)
[06Aug2025 14:44:43.982] [main/DEBUG] [mixin/]: Instancing new MixinPlatformAgentMinecraftForge for SecureJarResource(carryon)
[06Aug2025 14:44:43.982] [main/DEBUG] [mixin/]: MixinPlatformAgentMinecraftForge rejected container SecureJarResource(carryon)
[06Aug2025 14:44:43.982] [main/DEBUG] [mixin/]: Instancing new MixinPlatformAgentDefault for SecureJarResource(carryon)
[06Aug2025 14:44:43.982] [main/DEBUG] [mixin/]: MixinPlatformAgentDefault accepted container SecureJarResource(carryon)
[06Aug2025 14:44:43.982] [main/DEBUG] [mixin/]: Processing prepare() for PlatformAgent[MixinPlatformAgentDefault:SecureJarResource(carryon)]
[06Aug2025 14:44:43.982] [main/DEBUG] [mixin/]: Registering mixin config: carryon.mixins.json
[06Aug2025 14:44:43.986] [main/DEBUG] [mixin/]: Registering mixin config: carryon.forge.mixins.json
[06Aug2025 14:44:43.989] [main/DEBUG] [mixin/]: Adding mixin platform agents for container SecureJarResource(chat_heads)
[06Aug2025 14:44:43.989] [main/DEBUG] [mixin/]: Instancing new MixinPlatformAgentMinecraftForge for SecureJarResource(chat_heads)
[06Aug2025 14:44:43.989] [main/DEBUG] [mixin/]: MixinPlatformAgentMinecraftForge rejected container SecureJarResource(chat_heads)
[06Aug2025 14:44:43.989] [main/DEBUG] [mixin/]: Instancing new MixinPlatformAgentDefault for SecureJarResource(chat_heads)
[06Aug2025 14:44:43.989] [main/DEBUG] [mixin/]: MixinPlatformAgentDefault accepted container SecureJarResource(chat_heads)
[06Aug2025 14:44:43.989] [main/DEBUG] [mixin/]: Processing prepare() for PlatformAgent[MixinPlatformAgentDefault:SecureJarResource(chat_heads)]
[06Aug2025 14:44:43.990] [main/DEBUG] [mixin/]: Registering mixin config: chat_heads.mixins.json
[06Aug2025 14:44:43.993] [main/DEBUG] [mixin/]: Registering mixin config: chat_heads.forge.mixins.json
[06Aug2025 14:44:43.996] [main/DEBUG] [mixin/]: Adding mixin platform agents for container SecureJarResource(cloth_config)
[06Aug2025 14:44:43.996] [main/DEBUG] [mixin/]: Instancing new MixinPlatformAgentMinecraftForge for SecureJarResource(cloth_config)
[06Aug2025 14:44:43.996] [main/DEBUG] [mixin/]: MixinPlatformAgentMinecraftForge rejected container SecureJarResource(cloth_config)
[06Aug2025 14:44:43.996] [main/DEBUG] [mixin/]: Instancing new MixinPlatformAgentDefault for SecureJarResource(cloth_config)
[06Aug2025 14:44:43.996] [main/DEBUG] [mixin/]: MixinPlatformAgentDefault accepted container SecureJarResource(cloth_config)
[06Aug2025 14:44:43.996] [main/DEBUG] [mixin/]: Processing prepare() for PlatformAgent[MixinPlatformAgentDefault:SecureJarResource(cloth_config)]
[06Aug2025 14:44:43.996] [main/DEBUG] [mixin/]: Adding mixin platform agents for container SecureJarResource(craftable_elytra_remastered)
[06Aug2025 14:44:43.996] [main/DEBUG] [mixin/]: Instancing new MixinPlatformAgentMinecraftForge for SecureJarResource(craftable_elytra_remastered)
[06Aug2025 14:44:43.996] [main/DEBUG] [mixin/]: MixinPlatformAgentMinecraftForge rejected container SecureJarResource(craftable_elytra_remastered)
[06Aug2025 14:44:43.996] [main/DEBUG] [mixin/]: Instancing new MixinPlatformAgentDefault for SecureJarResource(craftable_elytra_remastered)
[06Aug2025 14:44:43.996] [main/DEBUG] [mixin/]: MixinPlatformAgentDefault accepted container SecureJarResource(craftable_elytra_remastered)
[06Aug2025 14:44:43.996] [main/DEBUG] [mixin/]: Processing prepare() for PlatformAgent[MixinPlatformAgentDefault:SecureJarResource(craftable_elytra_remastered)]
[06Aug2025 14:44:43.996] [main/DEBUG] [mixin/]: Adding mixin platform agents for container SecureJarResource(emojiful)
[06Aug2025 14:44:43.996] [main/DEBUG] [mixin/]: Instancing new MixinPlatformAgentMinecraftForge for SecureJarResource(emojiful)
[06Aug2025 14:44:43.996] [main/DEBUG] [mixin/]: MixinPlatformAgentMinecraftForge rejected container SecureJarResource(emojiful)
[06Aug2025 14:44:43.996] [main/DEBUG] [mixin/]: Instancing new MixinPlatformAgentDefault for SecureJarResource(emojiful)
[06Aug2025 14:44:43.997] [main/DEBUG] [mixin/]: MixinPlatformAgentDefault accepted container SecureJarResource(emojiful)
[06Aug2025 14:44:43.997] [main/DEBUG] [mixin/]: Processing prepare() for PlatformAgent[MixinPlatformAgentDefault:SecureJarResource(emojiful)]
[06Aug2025 14:44:43.997] [main/DEBUG] [mixin/]: Registering mixin config: emojiful.mixins.json
[06Aug2025 14:44:43.999] [main/DEBUG] [mixin/]: Adding mixin platform agents for container SecureJarResource(konkrete)
[06Aug2025 14:44:43.999] [main/DEBUG] [mixin/]: Instancing new MixinPlatformAgentMinecraftForge for SecureJarResource(konkrete)
[06Aug2025 14:44:43.999] [main/DEBUG] [mixin/]: MixinPlatformAgentMinecraftForge rejected container SecureJarResource(konkrete)
[06Aug2025 14:44:43.999] [main/DEBUG] [mixin/]: Instancing new MixinPlatformAgentDefault for SecureJarResource(konkrete)
[06Aug2025 14:44:43.999] [main/DEBUG] [mixin/]: MixinPlatformAgentDefault accepted container SecureJarResource(konkrete)
[06Aug2025 14:44:43.999] [main/DEBUG] [mixin/]: Processing prepare() for PlatformAgent[MixinPlatformAgentDefault:SecureJarResource(konkrete)]
[06Aug2025 14:44:43.999] [main/DEBUG] [mixin/]: Registering mixin config: konkrete.mixin.json
[06Aug2025 14:44:44.002] [main/DEBUG] [mixin/]: Adding mixin platform agents for container SecureJarResource(embeddium)
[06Aug2025 14:44:44.002] [main/DEBUG] [mixin/]: Instancing new MixinPlatformAgentMinecraftForge for SecureJarResource(embeddium)
[06Aug2025 14:44:44.002] [main/DEBUG] [mixin/]: MixinPlatformAgentMinecraftForge rejected container SecureJarResource(embeddium)
[06Aug2025 14:44:44.002] [main/DEBUG] [mixin/]: Instancing new MixinPlatformAgentDefault for SecureJarResource(embeddium)
[06Aug2025 14:44:44.002] [main/DEBUG] [mixin/]: MixinPlatformAgentDefault accepted container SecureJarResource(embeddium)
[06Aug2025 14:44:44.002] [main/DEBUG] [mixin/]: Processing prepare() for PlatformAgent[MixinPlatformAgentDefault:SecureJarResource(embeddium)]
[06Aug2025 14:44:44.002] [main/DEBUG] [mixin/]: Registering mixin config: embeddium.mixins.json
[06Aug2025 14:44:44.005] [main/DEBUG] [mixin/]: Adding mixin platform agents for container SecureJarResource(athena)
[06Aug2025 14:44:44.005] [main/DEBUG] [mixin/]: Instancing new MixinPlatformAgentMinecraftForge for SecureJarResource(athena)
[06Aug2025 14:44:44.005] [main/DEBUG] [mixin/]: MixinPlatformAgentMinecraftForge rejected container SecureJarResource(athena)
[06Aug2025 14:44:44.005] [main/DEBUG] [mixin/]: Instancing new MixinPlatformAgentDefault for SecureJarResource(athena)
[06Aug2025 14:44:44.005] [main/DEBUG] [mixin/]: MixinPlatformAgentDefault accepted container SecureJarResource(athena)
[06Aug2025 14:44:44.005] [main/DEBUG] [mixin/]: Processing prepare() for PlatformAgent[MixinPlatformAgentDefault:SecureJarResource(athena)]
[06Aug2025 14:44:44.005] [main/DEBUG] [mixin/]: Registering mixin config: athena.mixins.json
[06Aug2025 14:44:44.008] [main/DEBUG] [mixin/]: Registering mixin config: athena-forge.mixins.json
[06Aug2025 14:44:44.011] [main/DEBUG] [mixin/]: Adding mixin platform agents for container SecureJarResource(morebows)
[06Aug2025 14:44:44.011] [main/DEBUG] [mixin/]: Instancing new MixinPlatformAgentMinecraftForge for SecureJarResource(morebows)
[06Aug2025 14:44:44.011] [main/DEBUG] [mixin/]: MixinPlatformAgentMinecraftForge rejected container SecureJarResource(morebows)
[06Aug2025 14:44:44.011] [main/DEBUG] [mixin/]: Instancing new MixinPlatformAgentDefault for SecureJarResource(morebows)
[06Aug2025 14:44:44.011] [main/DEBUG] [mixin/]: MixinPlatformAgentDefault accepted container SecureJarResource(morebows)
[06Aug2025 14:44:44.011] [main/DEBUG] [mixin/]: Processing prepare() for PlatformAgent[MixinPlatformAgentDefault:SecureJarResource(morebows)]
[06Aug2025 14:44:44.011] [main/DEBUG] [mixin/]: Adding mixin platform agents for container SecureJarResource(resourcefulconfig)
[06Aug2025 14:44:44.011] [main/DEBUG] [mixin/]: Instancing new MixinPlatformAgentMinecraftForge for SecureJarResource(resourcefulconfig)
[06Aug2025 14:44:44.011] [main/DEBUG] [mixin/]: MixinPlatformAgentMinecraftForge rejected container SecureJarResource(resourcefulconfig)
[06Aug2025 14:44:44.011] [main/DEBUG] [mixin/]: Instancing new MixinPlatformAgentDefault for SecureJarResource(resourcefulconfig)
[06Aug2025 14:44:44.011] [main/DEBUG] [mixin/]: MixinPlatformAgentDefault accepted container SecureJarResource(resourcefulconfig)
[06Aug2025 14:44:44.011] [main/DEBUG] [mixin/]: Processing prepare() for PlatformAgent[MixinPlatformAgentDefault:SecureJarResource(resourcefulconfig)]
[06Aug2025 14:44:44.011] [main/DEBUG] [mixin/]: Adding mixin platform agents for container SecureJarResource(wthit)
[06Aug2025 14:44:44.011] [main/DEBUG] [mixin/]: Instancing new MixinPlatformAgentMinecraftForge for SecureJarResource(wthit)
[06Aug2025 14:44:44.011] [main/DEBUG] [mixin/]: MixinPlatformAgentMinecraftForge rejected container SecureJarResource(wthit)
[06Aug2025 14:44:44.011] [main/DEBUG] [mixin/]: Instancing new MixinPlatformAgentDefault for SecureJarResource(wthit)
[06Aug2025 14:44:44.011] [main/DEBUG] [mixin/]: MixinPlatformAgentDefault accepted container SecureJarResource(wthit)
[06Aug2025 14:44:44.011] [main/DEBUG] [mixin/]: Processing prepare() for PlatformAgent[MixinPlatformAgentDefault:SecureJarResource(wthit)]
[06Aug2025 14:44:44.012] [main/DEBUG] [mixin/]: Registering mixin config: wthit.mixins.json
[06Aug2025 14:44:44.014] [main/DEBUG] [mixin/]: Compatibility level JAVA_16 specified by wthit.mixins.json is higher than the maximum level supported by this version of mixin (JAVA_13).
[06Aug2025 14:44:44.015] [main/DEBUG] [mixin/]: Adding mixin platform agents for container SecureJarResource(trapcraft)
[06Aug2025 14:44:44.015] [main/DEBUG] [mixin/]: Instancing new MixinPlatformAgentMinecraftForge for SecureJarResource(trapcraft)
[06Aug2025 14:44:44.015] [main/DEBUG] [mixin/]: MixinPlatformAgentMinecraftForge rejected container SecureJarResource(trapcraft)
[06Aug2025 14:44:44.015] [main/DEBUG] [mixin/]: Instancing new MixinPlatformAgentDefault for SecureJarResource(trapcraft)
[06Aug2025 14:44:44.015] [main/DEBUG] [mixin/]: MixinPlatformAgentDefault accepted container SecureJarResource(trapcraft)
[06Aug2025 14:44:44.015] [main/DEBUG] [mixin/]: Processing prepare() for PlatformAgent[MixinPlatformAgentDefault:SecureJarResource(trapcraft)]
[06Aug2025 14:44:44.015] [main/DEBUG] [mixin/]: Adding mixin platform agents for container SecureJarResource(curios)
[06Aug2025 14:44:44.015] [main/DEBUG] [mixin/]: Instancing new MixinPlatformAgentMinecraftForge for SecureJarResource(curios)
[06Aug2025 14:44:44.015] [main/DEBUG] [mixin/]: MixinPlatformAgentMinecraftForge rejected container SecureJarResource(curios)
[06Aug2025 14:44:44.015] [main/DEBUG] [mixin/]: Instancing new MixinPlatformAgentDefault for SecureJarResource(curios)
[06Aug2025 14:44:44.015] [main/DEBUG] [mixin/]: MixinPlatformAgentDefault accepted container SecureJarResource(curios)
[06Aug2025 14:44:44.015] [main/DEBUG] [mixin/]: Processing prepare() for PlatformAgent[MixinPlatformAgentDefault:SecureJarResource(curios)]
[06Aug2025 14:44:44.015] [main/DEBUG] [mixin/]: Registering mixin config: cclayer.mixins.json
[06Aug2025 14:44:44.017] [main/DEBUG] [mixin/]: Registering mixin config: cclayer_curios.mixins.json
[06Aug2025 14:44:44.018] [main/DEBUG] [mixin/]: Adding mixin platform agents for container SecureJarResource(collective)
[06Aug2025 14:44:44.018] [main/DEBUG] [mixin/]: Instancing new MixinPlatformAgentMinecraftForge for SecureJarResource(collective)
[06Aug2025 14:44:44.019] [main/DEBUG] [mixin/]: MixinPlatformAgentMinecraftForge rejected container SecureJarResource(collective)
[06Aug2025 14:44:44.019] [main/DEBUG] [mixin/]: Instancing new MixinPlatformAgentDefault for SecureJarResource(collective)
[06Aug2025 14:44:44.019] [main/DEBUG] [mixin/]: MixinPlatformAgentDefault accepted container SecureJarResource(collective)
[06Aug2025 14:44:44.019] [main/DEBUG] [mixin/]: Processing prepare() for PlatformAgent[MixinPlatformAgentDefault:SecureJarResource(collective)]
[06Aug2025 14:44:44.019] [main/DEBUG] [mixin/]: Registering mixin config: collective_forge.mixins.json
[06Aug2025 14:44:44.020] [main/DEBUG] [mixin/]: Adding mixin platform agents for container SecureJarResource(cerbons_api)
[06Aug2025 14:44:44.020] [main/DEBUG] [mixin/]: Instancing new MixinPlatformAgentMinecraftForge for SecureJarResource(cerbons_api)
[06Aug2025 14:44:44.020] [main/DEBUG] [mixin/]: MixinPlatformAgentMinecraftForge rejected container SecureJarResource(cerbons_api)
[06Aug2025 14:44:44.020] [main/DEBUG] [mixin/]: Instancing new MixinPlatformAgentDefault for SecureJarResource(cerbons_api)
[06Aug2025 14:44:44.021] [main/DEBUG] [mixin/]: MixinPlatformAgentDefault accepted container SecureJarResource(cerbons_api)
[06Aug2025 14:44:44.021] [main/DEBUG] [mixin/]: Processing prepare() for PlatformAgent[MixinPlatformAgentDefault:SecureJarResource(cerbons_api)]
[06Aug2025 14:44:44.021] [main/DEBUG] [mixin/]: Registering mixin config: cerbons_api.mixins.json
[06Aug2025 14:44:44.023] [main/DEBUG] [mixin/]: Registering mixin config: cerbons_api-common.mixins.json
[06Aug2025 14:44:44.026] [main/DEBUG] [mixin/]: Adding mixin platform agents for container SecureJarResource(mr_dungeons_andtaverns)
[06Aug2025 14:44:44.026] [main/DEBUG] [mixin/]: Instancing new MixinPlatformAgentMinecraftForge for SecureJarResource(mr_dungeons_andtaverns)
[06Aug2025 14:44:44.027] [main/DEBUG] [mixin/]: MixinPlatformAgentMinecraftForge rejected container SecureJarResource(mr_dungeons_andtaverns)
[06Aug2025 14:44:44.027] [main/DEBUG] [mixin/]: Instancing new MixinPlatformAgentDefault for SecureJarResource(mr_dungeons_andtaverns)
[06Aug2025 14:44:44.027] [main/DEBUG] [mixin/]: MixinPlatformAgentDefault accepted container SecureJarResource(mr_dungeons_andtaverns)
[06Aug2025 14:44:44.027] [main/DEBUG] [mixin/]: Processing prepare() for PlatformAgent[MixinPlatformAgentDefault:SecureJarResource(mr_dungeons_andtaverns)]
[06Aug2025 14:44:44.027] [main/DEBUG] [mixin/]: Adding mixin platform agents for container SecureJarResource(bettervillage)
[06Aug2025 14:44:44.027] [main/DEBUG] [mixin/]: Instancing new MixinPlatformAgentMinecraftForge for SecureJarResource(bettervillage)
[06Aug2025 14:44:44.027] [main/DEBUG] [mixin/]: MixinPlatformAgentMinecraftForge rejected container SecureJarResource(bettervillage)
[06Aug2025 14:44:44.027] [main/DEBUG] [mixin/]: Instancing new MixinPlatformAgentDefault for SecureJarResource(bettervillage)
[06Aug2025 14:44:44.027] [main/DEBUG] [mixin/]: MixinPlatformAgentDefault accepted container SecureJarResource(bettervillage)
[06Aug2025 14:44:44.027] [main/DEBUG] [mixin/]: Processing prepare() for PlatformAgent[MixinPlatformAgentDefault:SecureJarResource(bettervillage)]
[06Aug2025 14:44:44.027] [main/DEBUG] [mixin/]: Registering mixin config: bettervillage.mixins.json
[06Aug2025 14:44:44.030] [main/DEBUG] [mixin/]: Adding mixin platform agents for container SecureJarResource(tombstone)
[06Aug2025 14:44:44.030] [main/DEBUG] [mixin/]: Instancing new MixinPlatformAgentMinecraftForge for SecureJarResource(tombstone)
[06Aug2025 14:44:44.030] [main/DEBUG] [mixin/]: MixinPlatformAgentMinecraftForge rejected container SecureJarResource(tombstone)
[06Aug2025 14:44:44.030] [main/DEBUG] [mixin/]: Instancing new MixinPlatformAgentDefault for SecureJarResource(tombstone)
[06Aug2025 14:44:44.030] [main/DEBUG] [mixin/]: MixinPlatformAgentDefault accepted container SecureJarResource(tombstone)
[06Aug2025 14:44:44.030] [main/DEBUG] [mixin/]: Processing prepare() for PlatformAgent[MixinPlatformAgentDefault:SecureJarResource(tombstone)]
[06Aug2025 14:44:44.030] [main/DEBUG] [mixin/]: Registering mixin config: tombstone.mixins.json
[06Aug2025 14:44:44.033] [main/DEBUG] [mixin/]: Adding mixin platform agents for container SecureJarResource(fabric_entity_events_v1)
[06Aug2025 14:44:44.033] [main/DEBUG] [mixin/]: Instancing new MixinPlatformAgentMinecraftForge for SecureJarResource(fabric_entity_events_v1)
[06Aug2025 14:44:44.033] [main/DEBUG] [mixin/]: MixinPlatformAgentMinecraftForge rejected container SecureJarResource(fabric_entity_events_v1)
[06Aug2025 14:44:44.033] [main/DEBUG] [mixin/]: Instancing new MixinPlatformAgentDefault for SecureJarResource(fabric_entity_events_v1)
[06Aug2025 14:44:44.033] [main/DEBUG] [mixin/]: MixinPlatformAgentDefault accepted container SecureJarResource(fabric_entity_events_v1)
[06Aug2025 14:44:44.033] [main/DEBUG] [mixin/]: Processing prepare() for PlatformAgent[MixinPlatformAgentDefault:SecureJarResource(fabric_entity_events_v1)]
[06Aug2025 14:44:44.033] [main/DEBUG] [mixin/]: Registering mixin config: fabric-entity-events-v1.mixins.json
[06Aug2025 14:44:44.035] [main/DEBUG] [mixin/]: Compatibility level JAVA_16 specified by fabric-entity-events-v1.mixins.json is higher than the maximum level supported by this version of mixin (JAVA_13).
[06Aug2025 14:44:44.035] [main/DEBUG] [mixin/]: Registering mixin config: fabric-entity-events-v1.client.mixins.json
[06Aug2025 14:44:44.036] [main/DEBUG] [mixin/]: Compatibility level JAVA_16 specified by fabric-entity-events-v1.client.mixins.json is higher than the maximum level supported by this version of mixin (JAVA_13).
[06Aug2025 14:44:44.037] [main/DEBUG] [mixin/]: Adding mixin platform agents for container SecureJarResource(resourcefullib)
[06Aug2025 14:44:44.037] [main/DEBUG] [mixin/]: Instancing new MixinPlatformAgentMinecraftForge for SecureJarResource(resourcefullib)
[06Aug2025 14:44:44.037] [main/DEBUG] [mixin/]: MixinPlatformAgentMinecraftForge rejected container SecureJarResource(resourcefullib)
[06Aug2025 14:44:44.037] [main/DEBUG] [mixin/]: Instancing new MixinPlatformAgentDefault for SecureJarResource(resourcefullib)
[06Aug2025 14:44:44.037] [main/DEBUG] [mixin/]: MixinPlatformAgentDefault accepted container SecureJarResource(resourcefullib)
[06Aug2025 14:44:44.037] [main/DEBUG] [mixin/]: Processing prepare() for PlatformAgent[MixinPlatformAgentDefault:SecureJarResource(resourcefullib)]
[06Aug2025 14:44:44.037] [main/DEBUG] [mixin/]: Adding mixin platform agents for container SecureJarResource(accessories)
[06Aug2025 14:44:44.037] [main/DEBUG] [mixin/]: Instancing new MixinPlatformAgentMinecraftForge for SecureJarResource(accessories)
[06Aug2025 14:44:44.037] [main/DEBUG] [mixin/]: MixinPlatformAgentMinecraftForge rejected container SecureJarResource(accessories)
[06Aug2025 14:44:44.037] [main/DEBUG] [mixin/]: Instancing new MixinPlatformAgentDefault for SecureJarResource(accessories)
[06Aug2025 14:44:44.037] [main/DEBUG] [mixin/]: MixinPlatformAgentDefault accepted container SecureJarResource(accessories)
[06Aug2025 14:44:44.037] [main/DEBUG] [mixin/]: Processing prepare() for PlatformAgent[MixinPlatformAgentDefault:SecureJarResource(accessories)]
[06Aug2025 14:44:44.037] [main/DEBUG] [mixin/]: Registering mixin config: accessories-common.mixins.json
[06Aug2025 14:44:44.039] [main/DEBUG] [mixin/]: Registering mixin config: accessories-neoforge.mixins.json
[06Aug2025 14:44:44.041] [main/DEBUG] [mixin/]: Adding mixin platform agents for container SecureJarResource(deeperdarker)
[06Aug2025 14:44:44.041] [main/DEBUG] [mixin/]: Instancing new MixinPlatformAgentMinecraftForge for SecureJarResource(deeperdarker)
[06Aug2025 14:44:44.041] [main/DEBUG] [mixin/]: MixinPlatformAgentMinecraftForge rejected container SecureJarResource(deeperdarker)
[06Aug2025 14:44:44.041] [main/DEBUG] [mixin/]: Instancing new MixinPlatformAgentDefault for SecureJarResource(deeperdarker)
[06Aug2025 14:44:44.041] [main/DEBUG] [mixin/]: MixinPlatformAgentDefault accepted container SecureJarResource(deeperdarker)
[06Aug2025 14:44:44.042] [main/DEBUG] [mixin/]: Processing prepare() for PlatformAgent[MixinPlatformAgentDefault:SecureJarResource(deeperdarker)]
[06Aug2025 14:44:44.042] [main/DEBUG] [mixin/]: Registering mixin config: mixins.deeperdarker.json
[06Aug2025 14:44:44.043] [main/DEBUG] [mixin/]: Adding mixin platform agents for container SecureJarResource(architectury)
[06Aug2025 14:44:44.044] [main/DEBUG] [mixin/]: Instancing new MixinPlatformAgentMinecraftForge for SecureJarResource(architectury)
[06Aug2025 14:44:44.044] [main/DEBUG] [mixin/]: MixinPlatformAgentMinecraftForge rejected container SecureJarResource(architectury)
[06Aug2025 14:44:44.044] [main/DEBUG] [mixin/]: Instancing new MixinPlatformAgentDefault for SecureJarResource(architectury)
[06Aug2025 14:44:44.044] [main/DEBUG] [mixin/]: MixinPlatformAgentDefault accepted container SecureJarResource(architectury)
[06Aug2025 14:44:44.044] [main/DEBUG] [mixin/]: Processing prepare() for PlatformAgent[MixinPlatformAgentDefault:SecureJarResource(architectury)]
[06Aug2025 14:44:44.044] [main/DEBUG] [mixin/]: Registering mixin config: architectury.mixins.json
[06Aug2025 14:44:44.045] [main/DEBUG] [mixin/]: Compatibility level JAVA_16 specified by architectury.mixins.json is higher than the maximum level supported by this version of mixin (JAVA_13).
[06Aug2025 14:44:44.046] [main/DEBUG] [mixin/]: Registering mixin config: architectury-common.mixins.json
[06Aug2025 14:44:44.048] [main/DEBUG] [mixin/]: Compatibility level JAVA_16 specified by architectury-common.mixins.json is higher than the maximum level supported by this version of mixin (JAVA_13).
[06Aug2025 14:44:44.048] [main/DEBUG] [mixin/]: Adding mixin platform agents for container SecureJarResource(cupboard)
[06Aug2025 14:44:44.049] [main/DEBUG] [mixin/]: Instancing new MixinPlatformAgentMinecraftForge for SecureJarResource(cupboard)
[06Aug2025 14:44:44.049] [main/DEBUG] [mixin/]: MixinPlatformAgentMinecraftForge rejected container SecureJarResource(cupboard)
[06Aug2025 14:44:44.049] [main/DEBUG] [mixin/]: Instancing new MixinPlatformAgentDefault for SecureJarResource(cupboard)
[06Aug2025 14:44:44.049] [main/DEBUG] [mixin/]: MixinPlatformAgentDefault accepted container SecureJarResource(cupboard)
[06Aug2025 14:44:44.049] [main/DEBUG] [mixin/]: Processing prepare() for PlatformAgent[MixinPlatformAgentDefault:SecureJarResource(cupboard)]
[06Aug2025 14:44:44.049] [main/DEBUG] [mixin/]: Registering mixin config: cupboard.mixins.json
[06Aug2025 14:44:44.053] [main/DEBUG] [mixin/]: Adding mixin platform agents for container SecureJarResource(flib)
[06Aug2025 14:44:44.053] [main/DEBUG] [mixin/]: Instancing new MixinPlatformAgentMinecraftForge for SecureJarResource(flib)
[06Aug2025 14:44:44.053] [main/DEBUG] [mixin/]: MixinPlatformAgentMinecraftForge rejected container SecureJarResource(flib)
[06Aug2025 14:44:44.053] [main/DEBUG] [mixin/]: Instancing new MixinPlatformAgentDefault for SecureJarResource(flib)
[06Aug2025 14:44:44.053] [main/DEBUG] [mixin/]: MixinPlatformAgentDefault accepted container SecureJarResource(flib)
[06Aug2025 14:44:44.053] [main/DEBUG] [mixin/]: Processing prepare() for PlatformAgent[MixinPlatformAgentDefault:SecureJarResource(flib)]
[06Aug2025 14:44:44.053] [main/DEBUG] [mixin/]: Adding mixin platform agents for container SecureJarResource(mace_backport)
[06Aug2025 14:44:44.054] [main/DEBUG] [mixin/]: Instancing new MixinPlatformAgentMinecraftForge for SecureJarResource(mace_backport)
[06Aug2025 14:44:44.054] [main/DEBUG] [mixin/]: MixinPlatformAgentMinecraftForge rejected container SecureJarResource(mace_backport)
[06Aug2025 14:44:44.054] [main/DEBUG] [mixin/]: Instancing new MixinPlatformAgentDefault for SecureJarResource(mace_backport)
[06Aug2025 14:44:44.054] [main/DEBUG] [mixin/]: MixinPlatformAgentDefault accepted container SecureJarResource(mace_backport)
[06Aug2025 14:44:44.054] [main/DEBUG] [mixin/]: Processing prepare() for PlatformAgent[MixinPlatformAgentDefault:SecureJarResource(mace_backport)]
[06Aug2025 14:44:44.054] [main/DEBUG] [mixin/]: Adding mixin platform agents for container SecureJarResource(the_bumblezone)
[06Aug2025 14:44:44.054] [main/DEBUG] [mixin/]: Instancing new MixinPlatformAgentMinecraftForge for SecureJarResource(the_bumblezone)
[06Aug2025 14:44:44.054] [main/DEBUG] [mixin/]: MixinPlatformAgentMinecraftForge rejected container SecureJarResource(the_bumblezone)
[06Aug2025 14:44:44.055] [main/DEBUG] [mixin/]: Instancing new MixinPlatformAgentDefault for SecureJarResource(the_bumblezone)
[06Aug2025 14:44:44.055] [main/DEBUG] [mixin/]: MixinPlatformAgentDefault accepted container SecureJarResource(the_bumblezone)
[06Aug2025 14:44:44.055] [main/DEBUG] [mixin/]: Processing prepare() for PlatformAgent[MixinPlatformAgentDefault:SecureJarResource(the_bumblezone)]
[06Aug2025 14:44:44.055] [main/DEBUG] [mixin/]: Registering mixin config: the_bumblezone-common.mixins.json
[06Aug2025 14:44:44.060] [main/DEBUG] [mixin/]: Registering mixin config: the_bumblezone-forge.mixins.json
[06Aug2025 14:44:44.063] [main/DEBUG] [mixin/]: Adding mixin platform agents for container SecureJarResource(framework)
[06Aug2025 14:44:44.064] [main/DEBUG] [mixin/]: Instancing new MixinPlatformAgentMinecraftForge for SecureJarResource(framework)
[06Aug2025 14:44:44.064] [main/DEBUG] [mixin/]: MixinPlatformAgentMinecraftForge rejected container SecureJarResource(framework)
[06Aug2025 14:44:44.064] [main/DEBUG] [mixin/]: Instancing new MixinPlatformAgentDefault for SecureJarResource(framework)
[06Aug2025 14:44:44.064] [main/DEBUG] [mixin/]: MixinPlatformAgentDefault accepted container SecureJarResource(framework)
[06Aug2025 14:44:44.064] [main/DEBUG] [mixin/]: Processing prepare() for PlatformAgent[MixinPlatformAgentDefault:SecureJarResource(framework)]
[06Aug2025 14:44:44.064] [main/DEBUG] [mixin/]: Adding mixin platform agents for container SecureJarResource(inventorymanagement)
[06Aug2025 14:44:44.064] [main/DEBUG] [mixin/]: Instancing new MixinPlatformAgentMinecraftForge for SecureJarResource(inventorymanagement)
[06Aug2025 14:44:44.064] [main/DEBUG] [mixin/]: MixinPlatformAgentMinecraftForge rejected container SecureJarResource(inventorymanagement)
[06Aug2025 14:44:44.064] [main/DEBUG] [mixin/]: Instancing new MixinPlatformAgentDefault for SecureJarResource(inventorymanagement)
[06Aug2025 14:44:44.064] [main/DEBUG] [mixin/]: MixinPlatformAgentDefault accepted container SecureJarResource(inventorymanagement)
[06Aug2025 14:44:44.064] [main/DEBUG] [mixin/]: Processing prepare() for PlatformAgent[MixinPlatformAgentDefault:SecureJarResource(inventorymanagement)]
[06Aug2025 14:44:44.064] [main/DEBUG] [mixin/]: Registering mixin config: inventorymanagement.mixins.json
[06Aug2025 14:44:44.068] [main/DEBUG] [mixin/]: Compatibility level JAVA_8 specified by inventorymanagement.mixins.json is lower than the default level supported by the current mixin service (JAVA_16).
[06Aug2025 14:44:44.068] [main/DEBUG] [mixin/]: Adding mixin platform agents for container SecureJarResource(chas)
[06Aug2025 14:44:44.068] [main/DEBUG] [mixin/]: Instancing new MixinPlatformAgentMinecraftForge for SecureJarResource(chas)
[06Aug2025 14:44:44.068] [main/DEBUG] [mixin/]: MixinPlatformAgentMinecraftForge rejected container SecureJarResource(chas)
[06Aug2025 14:44:44.069] [main/DEBUG] [mixin/]: Instancing new MixinPlatformAgentDefault for SecureJarResource(chas)
[06Aug2025 14:44:44.069] [main/DEBUG] [mixin/]: MixinPlatformAgentDefault accepted container SecureJarResource(chas)
[06Aug2025 14:44:44.069] [main/DEBUG] [mixin/]: Processing prepare() for PlatformAgent[MixinPlatformAgentDefault:SecureJarResource(chas)]
[06Aug2025 14:44:44.069] [main/DEBUG] [mixin/]: Registering mixin config: chas-common.mixins.json
[06Aug2025 14:44:44.071] [main/DEBUG] [mixin/]: Registering mixin config: chas.mixins.json
[06Aug2025 14:44:44.074] [main/DEBUG] [mixin/]: Adding mixin platform agents for container SecureJarResource(playerrevive)
[06Aug2025 14:44:44.074] [main/DEBUG] [mixin/]: Instancing new MixinPlatformAgentMinecraftForge for SecureJarResource(playerrevive)
[06Aug2025 14:44:44.074] [main/DEBUG] [mixin/]: MixinPlatformAgentMinecraftForge rejected container SecureJarResource(playerrevive)
[06Aug2025 14:44:44.074] [main/DEBUG] [mixin/]: Instancing new MixinPlatformAgentDefault for SecureJarResource(playerrevive)
[06Aug2025 14:44:44.074] [main/DEBUG] [mixin/]: MixinPlatformAgentDefault accepted container SecureJarResource(playerrevive)
[06Aug2025 14:44:44.074] [main/DEBUG] [mixin/]: Processing prepare() for PlatformAgent[MixinPlatformAgentDefault:SecureJarResource(playerrevive)]
[06Aug2025 14:44:44.074] [main/DEBUG] [mixin/]: Registering mixin config: playerrevive.mixins.json
[06Aug2025 14:44:44.076] [main/DEBUG] [mixin/]: Adding mixin platform agents for container SecureJarResource(darkmodeeverywhere)
[06Aug2025 14:44:44.076] [main/DEBUG] [mixin/]: Instancing new MixinPlatformAgentMinecraftForge for SecureJarResource(darkmodeeverywhere)
[06Aug2025 14:44:44.076] [main/DEBUG] [mixin/]: MixinPlatformAgentMinecraftForge rejected container SecureJarResource(darkmodeeverywhere)
[06Aug2025 14:44:44.076] [main/DEBUG] [mixin/]: Instancing new MixinPlatformAgentDefault for SecureJarResource(darkmodeeverywhere)
[06Aug2025 14:44:44.078] [main/DEBUG] [mixin/]: MixinPlatformAgentDefault accepted container SecureJarResource(darkmodeeverywhere)
[06Aug2025 14:44:44.078] [main/DEBUG] [mixin/]: Processing prepare() for PlatformAgent[MixinPlatformAgentDefault:SecureJarResource(darkmodeeverywhere)]
[06Aug2025 14:44:44.078] [main/DEBUG] [mixin/]: Registering mixin config: darkmodeeverywhere.mixins.json
[06Aug2025 14:44:44.082] [main/DEBUG] [mixin/]: Compatibility level JAVA_8 specified by darkmodeeverywhere.mixins.json is lower than the default level supported by the current mixin service (JAVA_16).
[06Aug2025 14:44:44.082] [main/DEBUG] [mixin/]: Adding mixin platform agents for container SecureJarResource(easymagic)
[06Aug2025 14:44:44.082] [main/DEBUG] [mixin/]: Instancing new MixinPlatformAgentMinecraftForge for SecureJarResource(easymagic)
[06Aug2025 14:44:44.082] [main/DEBUG] [mixin/]: MixinPlatformAgentMinecraftForge rejected container SecureJarResource(easymagic)
[06Aug2025 14:44:44.082] [main/DEBUG] [mixin/]: Instancing new MixinPlatformAgentDefault for SecureJarResource(easymagic)
[06Aug2025 14:44:44.082] [main/DEBUG] [mixin/]: MixinPlatformAgentDefault accepted container SecureJarResource(easymagic)
[06Aug2025 14:44:44.082] [main/DEBUG] [mixin/]: Processing prepare() for PlatformAgent[MixinPlatformAgentDefault:SecureJarResource(easymagic)]
[06Aug2025 14:44:44.082] [main/DEBUG] [mixin/]: Registering mixin config: easymagic.common.mixins.json
[06Aug2025 14:44:44.084] [main/DEBUG] [mixin/]: Adding mixin platform agents for container SecureJarResource(jei)
[06Aug2025 14:44:44.084] [main/DEBUG] [mixin/]: Instancing new MixinPlatformAgentMinecraftForge for SecureJarResource(jei)
[06Aug2025 14:44:44.084] [main/DEBUG] [mixin/]: MixinPlatformAgentMinecraftForge rejected container SecureJarResource(jei)
[06Aug2025 14:44:44.084] [main/DEBUG] [mixin/]: Instancing new MixinPlatformAgentDefault for SecureJarResource(jei)
[06Aug2025 14:44:44.084] [main/DEBUG] [mixin/]: MixinPlatformAgentDefault accepted container SecureJarResource(jei)
[06Aug2025 14:44:44.084] [main/DEBUG] [mixin/]: Processing prepare() for PlatformAgent[MixinPlatformAgentDefault:SecureJarResource(jei)]
[06Aug2025 14:44:44.084] [main/DEBUG] [mixin/]: Adding mixin platform agents for container SecureJarResource(libraryferret)
[06Aug2025 14:44:44.084] [main/DEBUG] [mixin/]: Instancing new MixinPlatformAgentMinecraftForge for SecureJarResource(libraryferret)
[06Aug2025 14:44:44.085] [main/DEBUG] [mixin/]: MixinPlatformAgentMinecraftForge rejected container SecureJarResource(libraryferret)
[06Aug2025 14:44:44.085] [main/DEBUG] [mixin/]: Instancing new MixinPlatformAgentDefault for SecureJarResource(libraryferret)
[06Aug2025 14:44:44.085] [main/DEBUG] [mixin/]: MixinPlatformAgentDefault accepted container SecureJarResource(libraryferret)
[06Aug2025 14:44:44.085] [main/DEBUG] [mixin/]: Processing prepare() for PlatformAgent[MixinPlatformAgentDefault:SecureJarResource(libraryferret)]
[06Aug2025 14:44:44.085] [main/DEBUG] [mixin/]: Adding mixin platform agents for container SecureJarResource(goblintraders)
[06Aug2025 14:44:44.085] [main/DEBUG] [mixin/]: Instancing new MixinPlatformAgentMinecraftForge for SecureJarResource(goblintraders)
[06Aug2025 14:44:44.085] [main/DEBUG] [mixin/]: MixinPlatformAgentMinecraftForge rejected container SecureJarResource(goblintraders)
[06Aug2025 14:44:44.085] [main/DEBUG] [mixin/]: Instancing new MixinPlatformAgentDefault for SecureJarResource(goblintraders)
[06Aug2025 14:44:44.085] [main/DEBUG] [mixin/]: MixinPlatformAgentDefault accepted container SecureJarResource(goblintraders)
[06Aug2025 14:44:44.085] [main/DEBUG] [mixin/]: Processing prepare() for PlatformAgent[MixinPlatformAgentDefault:SecureJarResource(goblintraders)]
[06Aug2025 14:44:44.085] [main/DEBUG] [mixin/]: Registering mixin config: goblintraders.common.mixins.json
[06Aug2025 14:44:44.087] [main/DEBUG] [mixin/]: Adding mixin platform agents for container SecureJarResource(waystones)
[06Aug2025 14:44:44.087] [main/DEBUG] [mixin/]: Instancing new MixinPlatformAgentMinecraftForge for SecureJarResource(waystones)
[06Aug2025 14:44:44.087] [main/DEBUG] [mixin/]: MixinPlatformAgentMinecraftForge rejected container SecureJarResource(waystones)
[06Aug2025 14:44:44.087] [main/DEBUG] [mixin/]: Instancing new MixinPlatformAgentDefault for SecureJarResource(waystones)
[06Aug2025 14:44:44.087] [main/DEBUG] [mixin/]: MixinPlatformAgentDefault accepted container SecureJarResource(waystones)
[06Aug2025 14:44:44.087] [main/DEBUG] [mixin/]: Processing prepare() for PlatformAgent[MixinPlatformAgentDefault:SecureJarResource(waystones)]
[06Aug2025 14:44:44.087] [main/DEBUG] [mixin/]: Registering mixin config: waystones.mixins.json
[06Aug2025 14:44:44.089] [main/DEBUG] [mixin/]: Adding mixin platform agents for container SecureJarResource(journeymap)
[06Aug2025 14:44:44.089] [main/DEBUG] [mixin/]: Instancing new MixinPlatformAgentMinecraftForge for SecureJarResource(journeymap)
[06Aug2025 14:44:44.089] [main/DEBUG] [mixin/]: MixinPlatformAgentMinecraftForge rejected container SecureJarResource(journeymap)
[06Aug2025 14:44:44.089] [main/DEBUG] [mixin/]: Instancing new MixinPlatformAgentDefault for SecureJarResource(journeymap)
[06Aug2025 14:44:44.089] [main/DEBUG] [mixin/]: MixinPlatformAgentDefault accepted container SecureJarResource(journeymap)
[06Aug2025 14:44:44.089] [main/DEBUG] [mixin/]: Processing prepare() for PlatformAgent[MixinPlatformAgentDefault:SecureJarResource(journeymap)]
[06Aug2025 14:44:44.089] [main/DEBUG] [mixin/]: Registering mixin config: journeymap.mixins.json
[06Aug2025 14:44:44.092] [main/DEBUG] [mixin/]: Adding mixin platform agents for container SecureJarResource(comforts)
[06Aug2025 14:44:44.092] [main/DEBUG] [mixin/]: Instancing new MixinPlatformAgentMinecraftForge for SecureJarResource(comforts)
[06Aug2025 14:44:44.092] [main/DEBUG] [mixin/]: MixinPlatformAgentMinecraftForge rejected container SecureJarResource(comforts)
[06Aug2025 14:44:44.092] [main/DEBUG] [mixin/]: Instancing new MixinPlatformAgentDefault for SecureJarResource(comforts)
[06Aug2025 14:44:44.092] [main/DEBUG] [mixin/]: MixinPlatformAgentDefault accepted container SecureJarResource(comforts)
[06Aug2025 14:44:44.092] [main/DEBUG] [mixin/]: Processing prepare() for PlatformAgent[MixinPlatformAgentDefault:SecureJarResource(comforts)]
[06Aug2025 14:44:44.092] [main/DEBUG] [mixin/]: Registering mixin config: comforts.mixins.json
[06Aug2025 14:44:44.094] [main/DEBUG] [mixin/]: Adding mixin platform agents for container SecureJarResource(artifacts)
[06Aug2025 14:44:44.094] [main/DEBUG] [mixin/]: Instancing new MixinPlatformAgentMinecraftForge for SecureJarResource(artifacts)
[06Aug2025 14:44:44.094] [main/DEBUG] [mixin/]: MixinPlatformAgentMinecraftForge rejected container SecureJarResource(artifacts)
[06Aug2025 14:44:44.094] [main/DEBUG] [mixin/]: Instancing new MixinPlatformAgentDefault for SecureJarResource(artifacts)
[06Aug2025 14:44:44.094] [main/DEBUG] [mixin/]: MixinPlatformAgentDefault accepted container SecureJarResource(artifacts)
[06Aug2025 14:44:44.094] [main/DEBUG] [mixin/]: Processing prepare() for PlatformAgent[MixinPlatformAgentDefault:SecureJarResource(artifacts)]
[06Aug2025 14:44:44.094] [main/DEBUG] [mixin/]: Registering mixin config: mixins.artifacts.common.json
[06Aug2025 14:44:44.096] [main/DEBUG] [mixin/]: Registering mixin config: mixins.artifacts.forge.json
[06Aug2025 14:44:44.097] [main/DEBUG] [mixin/]: Adding mixin platform agents for container SecureJarResource(badpackets)
[06Aug2025 14:44:44.097] [main/DEBUG] [mixin/]: Instancing new MixinPlatformAgentMinecraftForge for SecureJarResource(badpackets)
[06Aug2025 14:44:44.098] [main/DEBUG] [mixin/]: MixinPlatformAgentMinecraftForge rejected container SecureJarResource(badpackets)
[06Aug2025 14:44:44.098] [main/DEBUG] [mixin/]: Instancing new MixinPlatformAgentDefault for SecureJarResource(badpackets)
[06Aug2025 14:44:44.098] [main/DEBUG] [mixin/]: MixinPlatformAgentDefault accepted container SecureJarResource(badpackets)
[06Aug2025 14:44:44.098] [main/DEBUG] [mixin/]: Processing prepare() for PlatformAgent[MixinPlatformAgentDefault:SecureJarResource(badpackets)]
[06Aug2025 14:44:44.098] [main/DEBUG] [mixin/]: Registering mixin config: badpackets.mixins.json
[06Aug2025 14:44:44.099] [main/DEBUG] [mixin/]: Compatibility level JAVA_16 specified by badpackets.mixins.json is higher than the maximum level supported by this version of mixin (JAVA_13).
[06Aug2025 14:44:44.099] [main/DEBUG] [mixin/]: Adding mixin platform agents for container SecureJarResource(dungeoncrawl)
[06Aug2025 14:44:44.100] [main/DEBUG] [mixin/]: Instancing new MixinPlatformAgentMinecraftForge for SecureJarResource(dungeoncrawl)
[06Aug2025 14:44:44.100] [main/DEBUG] [mixin/]: MixinPlatformAgentMinecraftForge rejected container SecureJarResource(dungeoncrawl)
[06Aug2025 14:44:44.100] [main/DEBUG] [mixin/]: Instancing new MixinPlatformAgentDefault for SecureJarResource(dungeoncrawl)
[06Aug2025 14:44:44.100] [main/DEBUG] [mixin/]: MixinPlatformAgentDefault accepted container SecureJarResource(dungeoncrawl)
[06Aug2025 14:44:44.100] [main/DEBUG] [mixin/]: Processing prepare() for PlatformAgent[MixinPlatformAgentDefault:SecureJarResource(dungeoncrawl)]
[06Aug2025 14:44:44.100] [main/DEBUG] [mixin/]: Adding mixin platform agents for container SecureJarResource(orcz)
[06Aug2025 14:44:44.100] [main/DEBUG] [mixin/]: Instancing new MixinPlatformAgentMinecraftForge for SecureJarResource(orcz)
[06Aug2025 14:44:44.100] [main/DEBUG] [mixin/]: MixinPlatformAgentMinecraftForge rejected container SecureJarResource(orcz)
[06Aug2025 14:44:44.100] [main/DEBUG] [mixin/]: Instancing new MixinPlatformAgentDefault for SecureJarResource(orcz)
[06Aug2025 14:44:44.100] [main/DEBUG] [mixin/]: MixinPlatformAgentDefault accepted container SecureJarResource(orcz)
[06Aug2025 14:44:44.100] [main/DEBUG] [mixin/]: Processing prepare() for PlatformAgent[MixinPlatformAgentDefault:SecureJarResource(orcz)]
[06Aug2025 14:44:44.100] [main/DEBUG] [mixin/]: Adding mixin platform agents for container SecureJarResource(bosses_of_mass_destruction)
[06Aug2025 14:44:44.100] [main/DEBUG] [mixin/]: Instancing new MixinPlatformAgentMinecraftForge for SecureJarResource(bosses_of_mass_destruction)
[06Aug2025 14:44:44.100] [main/DEBUG] [mixin/]: MixinPlatformAgentMinecraftForge rejected container SecureJarResource(bosses_of_mass_destruction)
[06Aug2025 14:44:44.100] [main/DEBUG] [mixin/]: Instancing new MixinPlatformAgentDefault for SecureJarResource(bosses_of_mass_destruction)
[06Aug2025 14:44:44.100] [main/DEBUG] [mixin/]: MixinPlatformAgentDefault accepted container SecureJarResource(bosses_of_mass_destruction)
[06Aug2025 14:44:44.100] [main/DEBUG] [mixin/]: Processing prepare() for PlatformAgent[MixinPlatformAgentDefault:SecureJarResource(bosses_of_mass_destruction)]
[06Aug2025 14:44:44.100] [main/DEBUG] [mixin/]: Registering mixin config: mixins.bosses_of_mass_destruction.json
[06Aug2025 14:44:44.102] [main/DEBUG] [mixin/]: Adding mixin platform agents for container SecureJarResource(terralith)
[06Aug2025 14:44:44.102] [main/DEBUG] [mixin/]: Instancing new MixinPlatformAgentMinecraftForge for SecureJarResource(terralith)
[06Aug2025 14:44:44.102] [main/DEBUG] [mixin/]: MixinPlatformAgentMinecraftForge rejected container SecureJarResource(terralith)
[06Aug2025 14:44:44.102] [main/DEBUG] [mixin/]: Instancing new MixinPlatformAgentDefault for SecureJarResource(terralith)
[06Aug2025 14:44:44.102] [main/DEBUG] [mixin/]: MixinPlatformAgentDefault accepted container SecureJarResource(terralith)
[06Aug2025 14:44:44.102] [main/DEBUG] [mixin/]: Processing prepare() for PlatformAgent[MixinPlatformAgentDefault:SecureJarResource(terralith)]
[06Aug2025 14:44:44.102] [main/DEBUG] [mixin/]: Adding mixin platform agents for container SecureJarResource(memoryleakfix)
[06Aug2025 14:44:44.102] [main/DEBUG] [mixin/]: Instancing new MixinPlatformAgentMinecraftForge for SecureJarResource(memoryleakfix)
[06Aug2025 14:44:44.102] [main/DEBUG] [mixin/]: MixinPlatformAgentMinecraftForge rejected container SecureJarResource(memoryleakfix)
[06Aug2025 14:44:44.102] [main/DEBUG] [mixin/]: Instancing new MixinPlatformAgentDefault for SecureJarResource(memoryleakfix)
[06Aug2025 14:44:44.102] [main/DEBUG] [mixin/]: MixinPlatformAgentDefault accepted container SecureJarResource(memoryleakfix)
[06Aug2025 14:44:44.102] [main/DEBUG] [mixin/]: Processing prepare() for PlatformAgent[MixinPlatformAgentDefault:SecureJarResource(memoryleakfix)]
[06Aug2025 14:44:44.102] [main/DEBUG] [mixin/]: Registering mixin config: memoryleakfix.mixins.json
[06Aug2025 14:44:44.104] [main/DEBUG] [mixin/]: Compatibility level JAVA_8 specified by memoryleakfix.mixins.json is lower than the default level supported by the current mixin service (JAVA_16).
[06Aug2025 14:44:44.104] [main/DEBUG] [mixin/]: Adding mixin platform agents for container SecureJarResource(mythicmounts)
[06Aug2025 14:44:44.104] [main/DEBUG] [mixin/]: Instancing new MixinPlatformAgentMinecraftForge for SecureJarResource(mythicmounts)
[06Aug2025 14:44:44.104] [main/DEBUG] [mixin/]: MixinPlatformAgentMinecraftForge rejected container SecureJarResource(mythicmounts)
[06Aug2025 14:44:44.104] [main/DEBUG] [mixin/]: Instancing new MixinPlatformAgentDefault for SecureJarResource(mythicmounts)
[06Aug2025 14:44:44.104] [main/DEBUG] [mixin/]: MixinPlatformAgentDefault accepted container SecureJarResource(mythicmounts)
[06Aug2025 14:44:44.104] [main/DEBUG] [mixin/]: Processing prepare() for PlatformAgent[MixinPlatformAgentDefault:SecureJarResource(mythicmounts)]
[06Aug2025 14:44:44.104] [main/DEBUG] [mixin/]: Adding mixin platform agents for container SecureJarResource(puzzlesaccessapi)
[06Aug2025 14:44:44.104] [main/DEBUG] [mixin/]: Instancing new MixinPlatformAgentMinecraftForge for SecureJarResource(puzzlesaccessapi)
[06Aug2025 14:44:44.104] [main/DEBUG] [mixin/]: MixinPlatformAgentMinecraftForge rejected container SecureJarResource(puzzlesaccessapi)
[06Aug2025 14:44:44.104] [main/DEBUG] [mixin/]: Instancing new MixinPlatformAgentDefault for SecureJarResource(puzzlesaccessapi)
[06Aug2025 14:44:44.104] [main/DEBUG] [mixin/]: MixinPlatformAgentDefault accepted container SecureJarResource(puzzlesaccessapi)
[06Aug2025 14:44:44.104] [main/DEBUG] [mixin/]: Processing prepare() for PlatformAgent[MixinPlatformAgentDefault:SecureJarResource(puzzlesaccessapi)]
[06Aug2025 14:44:44.104] [main/DEBUG] [mixin/]: Registering mixin config: puzzlesaccessapi.common.mixins.json
[06Aug2025 14:44:44.106] [main/DEBUG] [mixin/]: Registering mixin config: puzzlesaccessapi.forge.mixins.json
[06Aug2025 14:44:44.108] [main/DEBUG] [mixin/]: Adding mixin platform agents for container SecureJarResource(dungeons_arise_seven_seas)
[06Aug2025 14:44:44.108] [main/DEBUG] [mixin/]: Instancing new MixinPlatformAgentMinecraftForge for SecureJarResource(dungeons_arise_seven_seas)
[06Aug2025 14:44:44.108] [main/DEBUG] [mixin/]: MixinPlatformAgentMinecraftForge rejected container SecureJarResource(dungeons_arise_seven_seas)
[06Aug2025 14:44:44.108] [main/DEBUG] [mixin/]: Instancing new MixinPlatformAgentDefault for SecureJarResource(dungeons_arise_seven_seas)
[06Aug2025 14:44:44.108] [main/DEBUG] [mixin/]: MixinPlatformAgentDefault accepted container SecureJarResource(dungeons_arise_seven_seas)
[06Aug2025 14:44:44.108] [main/DEBUG] [mixin/]: Processing prepare() for PlatformAgent[MixinPlatformAgentDefault:SecureJarResource(dungeons_arise_seven_seas)]
[06Aug2025 14:44:44.108] [main/DEBUG] [mixin/]: Adding mixin platform agents for container SecureJarResource(forge)
[06Aug2025 14:44:44.108] [main/DEBUG] [mixin/]: Instancing new MixinPlatformAgentMinecraftForge for SecureJarResource(forge)
[06Aug2025 14:44:44.108] [main/DEBUG] [mixin/]: MixinPlatformAgentMinecraftForge rejected container SecureJarResource(forge)
[06Aug2025 14:44:44.108] [main/DEBUG] [mixin/]: Instancing new MixinPlatformAgentDefault for SecureJarResource(forge)
[06Aug2025 14:44:44.108] [main/DEBUG] [mixin/]: MixinPlatformAgentDefault accepted container SecureJarResource(forge)
[06Aug2025 14:44:44.108] [main/DEBUG] [mixin/]: Processing prepare() for PlatformAgent[MixinPlatformAgentDefault:SecureJarResource(forge)]
[06Aug2025 14:44:44.108] [main/DEBUG] [mixin/]: Adding mixin platform agents for container SecureJarResource(tlskincape)
[06Aug2025 14:44:44.108] [main/DEBUG] [mixin/]: Instancing new MixinPlatformAgentMinecraftForge for SecureJarResource(tlskincape)
[06Aug2025 14:44:44.108] [main/DEBUG] [mixin/]: MixinPlatformAgentMinecraftForge rejected container SecureJarResource(tlskincape)
[06Aug2025 14:44:44.108] [main/DEBUG] [mixin/]: Instancing new MixinPlatformAgentDefault for SecureJarResource(tlskincape)
[06Aug2025 14:44:44.108] [main/DEBUG] [mixin/]: MixinPlatformAgentDefault accepted container SecureJarResource(tlskincape)
[06Aug2025 14:44:44.108] [main/DEBUG] [mixin/]: Processing prepare() for PlatformAgent[MixinPlatformAgentDefault:SecureJarResource(tlskincape)]
[06Aug2025 14:44:44.108] [main/DEBUG] [mixin/]: Adding mixin platform agents for container SecureJarResource(better_fishing_rods)
[06Aug2025 14:44:44.109] [main/DEBUG] [mixin/]: Instancing new MixinPlatformAgentMinecraftForge for SecureJarResource(better_fishing_rods)
[06Aug2025 14:44:44.109] [main/DEBUG] [mixin/]: MixinPlatformAgentMinecraftForge rejected container SecureJarResource(better_fishing_rods)
[06Aug2025 14:44:44.109] [main/DEBUG] [mixin/]: Instancing new MixinPlatformAgentDefault for SecureJarResource(better_fishing_rods)
[06Aug2025 14:44:44.109] [main/DEBUG] [mixin/]: MixinPlatformAgentDefault accepted container SecureJarResource(better_fishing_rods)
[06Aug2025 14:44:44.109] [main/DEBUG] [mixin/]: Processing prepare() for PlatformAgent[MixinPlatformAgentDefault:SecureJarResource(better_fishing_rods)]
[06Aug2025 14:44:44.109] [main/DEBUG] [mixin/]: Adding mixin platform agents for container SecureJarResource(friendsandfoes)
[06Aug2025 14:44:44.109] [main/DEBUG] [mixin/]: Instancing new MixinPlatformAgentMinecraftForge for SecureJarResource(friendsandfoes)
[06Aug2025 14:44:44.109] [main/DEBUG] [mixin/]: MixinPlatformAgentMinecraftForge rejected container SecureJarResource(friendsandfoes)
[06Aug2025 14:44:44.109] [main/DEBUG] [mixin/]: Instancing new MixinPlatformAgentDefault for SecureJarResource(friendsandfoes)
[06Aug2025 14:44:44.109] [main/DEBUG] [mixin/]: MixinPlatformAgentDefault accepted container SecureJarResource(friendsandfoes)
[06Aug2025 14:44:44.109] [main/DEBUG] [mixin/]: Processing prepare() for PlatformAgent[MixinPlatformAgentDefault:SecureJarResource(friendsandfoes)]
[06Aug2025 14:44:44.109] [main/DEBUG] [mixin/]: Registering mixin config: friendsandfoes-common.mixins.json
[06Aug2025 14:44:44.111] [main/DEBUG] [mixin/]: Registering mixin config: friendsandfoes-forge.mixins.json
[06Aug2025 14:44:44.113] [main/DEBUG] [mixin/]: Adding mixin platform agents for container SecureJarResource(dungeons_arise)
[06Aug2025 14:44:44.113] [main/DEBUG] [mixin/]: Instancing new MixinPlatformAgentMinecraftForge for SecureJarResource(dungeons_arise)
[06Aug2025 14:44:44.113] [main/DEBUG] [mixin/]: MixinPlatformAgentMinecraftForge rejected container SecureJarResource(dungeons_arise)
[06Aug2025 14:44:44.113] [main/DEBUG] [mixin/]: Instancing new MixinPlatformAgentDefault for SecureJarResource(dungeons_arise)
[06Aug2025 14:44:44.113] [main/DEBUG] [mixin/]: MixinPlatformAgentDefault accepted container SecureJarResource(dungeons_arise)
[06Aug2025 14:44:44.113] [main/DEBUG] [mixin/]: Processing prepare() for PlatformAgent[MixinPlatformAgentDefault:SecureJarResource(dungeons_arise)]
[06Aug2025 14:44:44.113] [main/DEBUG] [mixin/]: Adding mixin platform agents for container SecureJarResource(minecraft)
[06Aug2025 14:44:44.113] [main/DEBUG] [mixin/]: Instancing new MixinPlatformAgentMinecraftForge for SecureJarResource(minecraft)
[06Aug2025 14:44:44.113] [main/DEBUG] [mixin/]: MixinPlatformAgentMinecraftForge rejected container SecureJarResource(minecraft)
[06Aug2025 14:44:44.113] [main/DEBUG] [mixin/]: Instancing new MixinPlatformAgentDefault for SecureJarResource(minecraft)
[06Aug2025 14:44:44.113] [main/DEBUG] [mixin/]: MixinPlatformAgentDefault accepted container SecureJarResource(minecraft)
[06Aug2025 14:44:44.113] [main/DEBUG] [mixin/]: Processing prepare() for PlatformAgent[MixinPlatformAgentDefault:SecureJarResource(minecraft)]
[06Aug2025 14:44:44.113] [main/DEBUG] [mixin/]: Adding mixin platform agents for container SecureJarResource(smoothchunk)
[06Aug2025 14:44:44.114] [main/DEBUG] [mixin/]: Instancing new MixinPlatformAgentMinecraftForge for SecureJarResource(smoothchunk)
[06Aug2025 14:44:44.114] [main/DEBUG] [mixin/]: MixinPlatformAgentMinecraftForge rejected container SecureJarResource(smoothchunk)
[06Aug2025 14:44:44.114] [main/DEBUG] [mixin/]: Instancing new MixinPlatformAgentDefault for SecureJarResource(smoothchunk)
[06Aug2025 14:44:44.114] [main/DEBUG] [mixin/]: MixinPlatformAgentDefault accepted container SecureJarResource(smoothchunk)
[06Aug2025 14:44:44.114] [main/DEBUG] [mixin/]: Processing prepare() for PlatformAgent[MixinPlatformAgentDefault:SecureJarResource(smoothchunk)]
[06Aug2025 14:44:44.114] [main/DEBUG] [mixin/]: Registering mixin config: smoothchunk.mixins.json
[06Aug2025 14:44:44.116] [main/DEBUG] [mixin/]: Adding mixin platform agents for container SecureJarResource(voicechat)
[06Aug2025 14:44:44.116] [main/DEBUG] [mixin/]: Instancing new MixinPlatformAgentMinecraftForge for SecureJarResource(voicechat)
[06Aug2025 14:44:44.116] [main/DEBUG] [mixin/]: MixinPlatformAgentMinecraftForge rejected container SecureJarResource(voicechat)
[06Aug2025 14:44:44.116] [main/DEBUG] [mixin/]: Instancing new MixinPlatformAgentDefault for SecureJarResource(voicechat)
[06Aug2025 14:44:44.116] [main/DEBUG] [mixin/]: MixinPlatformAgentDefault accepted container SecureJarResource(voicechat)
[06Aug2025 14:44:44.116] [main/DEBUG] [mixin/]: Processing prepare() for PlatformAgent[MixinPlatformAgentDefault:SecureJarResource(voicechat)]
[06Aug2025 14:44:44.116] [main/DEBUG] [mixin/]: Adding mixin platform agents for container SecureJarResource(sound_physics_remastered)
[06Aug2025 14:44:44.116] [main/DEBUG] [mixin/]: Instancing new MixinPlatformAgentMinecraftForge for SecureJarResource(sound_physics_remastered)
[06Aug2025 14:44:44.116] [main/DEBUG] [mixin/]: MixinPlatformAgentMinecraftForge rejected container SecureJarResource(sound_physics_remastered)
[06Aug2025 14:44:44.116] [main/DEBUG] [mixin/]: Instancing new MixinPlatformAgentDefault for SecureJarResource(sound_physics_remastered)
[06Aug2025 14:44:44.116] [main/DEBUG] [mixin/]: MixinPlatformAgentDefault accepted container SecureJarResource(sound_physics_remastered)
[06Aug2025 14:44:44.116] [main/DEBUG] [mixin/]: Processing prepare() for PlatformAgent[MixinPlatformAgentDefault:SecureJarResource(sound_physics_remastered)]
[06Aug2025 14:44:44.116] [main/DEBUG] [mixin/]: Adding mixin platform agents for container SecureJarResource(simplyswords)
[06Aug2025 14:44:44.116] [main/DEBUG] [mixin/]: Instancing new MixinPlatformAgentMinecraftForge for SecureJarResource(simplyswords)
[06Aug2025 14:44:44.116] [main/DEBUG] [mixin/]: MixinPlatformAgentMinecraftForge rejected container SecureJarResource(simplyswords)
[06Aug2025 14:44:44.116] [main/DEBUG] [mixin/]: Instancing new MixinPlatformAgentDefault for SecureJarResource(simplyswords)
[06Aug2025 14:44:44.116] [main/DEBUG] [mixin/]: MixinPlatformAgentDefault accepted container SecureJarResource(simplyswords)
[06Aug2025 14:44:44.116] [main/DEBUG] [mixin/]: Processing prepare() for PlatformAgent[MixinPlatformAgentDefault:SecureJarResource(simplyswords)]
[06Aug2025 14:44:44.116] [main/DEBUG] [mixin/]: Registering mixin config: simplyswords-common.mixins.json
[06Aug2025 14:44:44.118] [main/DEBUG] [mixin/]: Registering mixin config: simplyswords.mixins.json
[06Aug2025 14:44:44.122] [main/DEBUG] [mixin/]: Adding mixin platform agents for container SecureJarResource(terrablender)
[06Aug2025 14:44:44.122] [main/DEBUG] [mixin/]: Instancing new MixinPlatformAgentMinecraftForge for SecureJarResource(terrablender)
[06Aug2025 14:44:44.122] [main/DEBUG] [mixin/]: MixinPlatformAgentMinecraftForge rejected container SecureJarResource(terrablender)
[06Aug2025 14:44:44.122] [main/DEBUG] [mixin/]: Instancing new MixinPlatformAgentDefault for SecureJarResource(terrablender)
[06Aug2025 14:44:44.122] [main/DEBUG] [mixin/]: MixinPlatformAgentDefault accepted container SecureJarResource(terrablender)
[06Aug2025 14:44:44.122] [main/DEBUG] [mixin/]: Processing prepare() for PlatformAgent[MixinPlatformAgentDefault:SecureJarResource(terrablender)]
[06Aug2025 14:44:44.122] [main/DEBUG] [mixin/]: Registering mixin config: terrablender.mixins.json
[06Aug2025 14:44:44.124] [main/DEBUG] [mixin/]: Registering mixin config: terrablender_forge.mixins.json
[06Aug2025 14:44:44.126] [main/DEBUG] [mixin/]: Adding mixin platform agents for container SecureJarResource(fabric_api_base)
[06Aug2025 14:44:44.126] [main/DEBUG] [mixin/]: Instancing new MixinPlatformAgentMinecraftForge for SecureJarResource(fabric_api_base)
[06Aug2025 14:44:44.126] [main/DEBUG] [mixin/]: MixinPlatformAgentMinecraftForge rejected container SecureJarResource(fabric_api_base)
[06Aug2025 14:44:44.126] [main/DEBUG] [mixin/]: Instancing new MixinPlatformAgentDefault for SecureJarResource(fabric_api_base)
[06Aug2025 14:44:44.126] [main/DEBUG] [mixin/]: MixinPlatformAgentDefault accepted container SecureJarResource(fabric_api_base)
[06Aug2025 14:44:44.126] [main/DEBUG] [mixin/]: Processing prepare() for PlatformAgent[MixinPlatformAgentDefault:SecureJarResource(fabric_api_base)]
[06Aug2025 14:44:44.126] [main/DEBUG] [mixin/]: Registering mixin config: fabric-api-base.init.mixins.json
[06Aug2025 14:44:44.128] [main/DEBUG] [mixin/]: Adding mixin platform agents for container SecureJarResource(creativecore)
[06Aug2025 14:44:44.128] [main/DEBUG] [mixin/]: Instancing new MixinPlatformAgentMinecraftForge for SecureJarResource(creativecore)
[06Aug2025 14:44:44.128] [main/DEBUG] [mixin/]: MixinPlatformAgentMinecraftForge rejected container SecureJarResource(creativecore)
[06Aug2025 14:44:44.128] [main/DEBUG] [mixin/]: Instancing new MixinPlatformAgentDefault for SecureJarResource(creativecore)
[06Aug2025 14:44:44.128] [main/DEBUG] [mixin/]: MixinPlatformAgentDefault accepted container SecureJarResource(creativecore)
[06Aug2025 14:44:44.128] [main/DEBUG] [mixin/]: Processing prepare() for PlatformAgent[MixinPlatformAgentDefault:SecureJarResource(creativecore)]
[06Aug2025 14:44:44.128] [main/DEBUG] [mixin/]: Registering mixin config: creativecore.mixins.json
[06Aug2025 14:44:44.129] [main/DEBUG] [mixin/]: Registering mixin config: creativecore.forge.mixins.json
[06Aug2025 14:44:44.131] [main/DEBUG] [mixin/]: Adding mixin platform agents for container SecureJarResource(ohthetreesyoullgrow)
[06Aug2025 14:44:44.131] [main/DEBUG] [mixin/]: Instancing new MixinPlatformAgentMinecraftForge for SecureJarResource(ohthetreesyoullgrow)
[06Aug2025 14:44:44.131] [main/DEBUG] [mixin/]: MixinPlatformAgentMinecraftForge rejected container SecureJarResource(ohthetreesyoullgrow)
[06Aug2025 14:44:44.131] [main/DEBUG] [mixin/]: Instancing new MixinPlatformAgentDefault for SecureJarResource(ohthetreesyoullgrow)
[06Aug2025 14:44:44.131] [main/DEBUG] [mixin/]: MixinPlatformAgentDefault accepted container SecureJarResource(ohthetreesyoullgrow)
[06Aug2025 14:44:44.131] [main/DEBUG] [mixin/]: Processing prepare() for PlatformAgent[MixinPlatformAgentDefault:SecureJarResource(ohthetreesyoullgrow)]
[06Aug2025 14:44:44.131] [main/DEBUG] [mixin/]: Registering mixin config: ohthetreesyoullgrow.mixins.json
[06Aug2025 14:44:44.133] [main/DEBUG] [mixin/]: Adding mixin platform agents for container SecureJarResource(spectrelib)
[06Aug2025 14:44:44.133] [main/DEBUG] [mixin/]: Instancing new MixinPlatformAgentMinecraftForge for SecureJarResource(spectrelib)
[06Aug2025 14:44:44.133] [main/DEBUG] [mixin/]: MixinPlatformAgentMinecraftForge rejected container SecureJarResource(spectrelib)
[06Aug2025 14:44:44.133] [main/DEBUG] [mixin/]: Instancing new MixinPlatformAgentDefault for SecureJarResource(spectrelib)
[06Aug2025 14:44:44.133] [main/DEBUG] [mixin/]: MixinPlatformAgentDefault accepted container SecureJarResource(spectrelib)
[06Aug2025 14:44:44.133] [main/DEBUG] [mixin/]: Processing prepare() for PlatformAgent[MixinPlatformAgentDefault:SecureJarResource(spectrelib)]
[06Aug2025 14:44:44.133] [main/DEBUG] [mixin/]: Adding mixin platform agents for container SecureJarResource(corgilib)
[06Aug2025 14:44:44.133] [main/DEBUG] [mixin/]: Instancing new MixinPlatformAgentMinecraftForge for SecureJarResource(corgilib)
[06Aug2025 14:44:44.133] [main/DEBUG] [mixin/]: MixinPlatformAgentMinecraftForge rejected container SecureJarResource(corgilib)
[06Aug2025 14:44:44.133] [main/DEBUG] [mixin/]: Instancing new MixinPlatformAgentDefault for SecureJarResource(corgilib)
[06Aug2025 14:44:44.133] [main/DEBUG] [mixin/]: MixinPlatformAgentDefault accepted container SecureJarResource(corgilib)
[06Aug2025 14:44:44.133] [main/DEBUG] [mixin/]: Processing prepare() for PlatformAgent[MixinPlatformAgentDefault:SecureJarResource(corgilib)]
[06Aug2025 14:44:44.133] [main/DEBUG] [mixin/]: Registering mixin config: corgilib-common.mixins.json
[06Aug2025 14:44:44.135] [main/DEBUG] [mixin/]: Adding mixin platform agents for container SecureJarResource(biomeswevegone)
[06Aug2025 14:44:44.135] [main/DEBUG] [mixin/]: Instancing new MixinPlatformAgentMinecraftForge for SecureJarResource(biomeswevegone)
[06Aug2025 14:44:44.135] [main/DEBUG] [mixin/]: MixinPlatformAgentMinecraftForge rejected container SecureJarResource(biomeswevegone)
[06Aug2025 14:44:44.135] [main/DEBUG] [mixin/]: Instancing new MixinPlatformAgentDefault for SecureJarResource(biomeswevegone)
[06Aug2025 14:44:44.135] [main/DEBUG] [mixin/]: MixinPlatformAgentDefault accepted container SecureJarResource(biomeswevegone)
[06Aug2025 14:44:44.135] [main/DEBUG] [mixin/]: Processing prepare() for PlatformAgent[MixinPlatformAgentDefault:SecureJarResource(biomeswevegone)]
[06Aug2025 14:44:44.135] [main/DEBUG] [mixin/]: Registering mixin config: biomeswevegone-common.mixins.json
[06Aug2025 14:44:44.137] [main/DEBUG] [mixin/]: Registering mixin config: biomeswevegone.mixins.json
[06Aug2025 14:44:44.139] [main/DEBUG] [mixin/]: Adding mixin platform agents for container SecureJarResource(securitycraft)
[06Aug2025 14:44:44.139] [main/DEBUG] [mixin/]: Instancing new MixinPlatformAgentMinecraftForge for SecureJarResource(securitycraft)
[06Aug2025 14:44:44.139] [main/DEBUG] [mixin/]: MixinPlatformAgentMinecraftForge rejected container SecureJarResource(securitycraft)
[06Aug2025 14:44:44.139] [main/DEBUG] [mixin/]: Instancing new MixinPlatformAgentDefault for SecureJarResource(securitycraft)
[06Aug2025 14:44:44.139] [main/DEBUG] [mixin/]: MixinPlatformAgentDefault accepted container SecureJarResource(securitycraft)
[06Aug2025 14:44:44.139] [main/DEBUG] [mixin/]: Processing prepare() for PlatformAgent[MixinPlatformAgentDefault:SecureJarResource(securitycraft)]
[06Aug2025 14:44:44.139] [main/DEBUG] [mixin/]: Registering mixin config: securitycraft.mixins.json
[06Aug2025 14:44:44.142] [main/DEBUG] [mixin/]: Adding mixin platform agents for container SecureJarResource(entityculling)
[06Aug2025 14:44:44.142] [main/DEBUG] [mixin/]: Instancing new MixinPlatformAgentMinecraftForge for SecureJarResource(entityculling)
[06Aug2025 14:44:44.142] [main/DEBUG] [mixin/]: MixinPlatformAgentMinecraftForge rejected container SecureJarResource(entityculling)
[06Aug2025 14:44:44.142] [main/DEBUG] [mixin/]: Instancing new MixinPlatformAgentDefault for SecureJarResource(entityculling)
[06Aug2025 14:44:44.142] [main/DEBUG] [mixin/]: MixinPlatformAgentDefault accepted container SecureJarResource(entityculling)
[06Aug2025 14:44:44.142] [main/DEBUG] [mixin/]: Processing prepare() for PlatformAgent[MixinPlatformAgentDefault:SecureJarResource(entityculling)]
[06Aug2025 14:44:44.142] [main/DEBUG] [mixin/]: Registering mixin config: entityculling.mixins.json
[06Aug2025 14:44:44.144] [main/DEBUG] [mixin/]: Compatibility level JAVA_16 specified by entityculling.mixins.json is higher than the maximum level supported by this version of mixin (JAVA_13).
[06Aug2025 14:44:44.144] [main/DEBUG] [mixin/]: Adding mixin platform agents for container SecureJarResource(immediatelyfast)
[06Aug2025 14:44:44.144] [main/DEBUG] [mixin/]: Instancing new MixinPlatformAgentMinecraftForge for SecureJarResource(immediatelyfast)
[06Aug2025 14:44:44.144] [main/DEBUG] [mixin/]: MixinPlatformAgentMinecraftForge rejected container SecureJarResource(immediatelyfast)
[06Aug2025 14:44:44.144] [main/DEBUG] [mixin/]: Instancing new MixinPlatformAgentDefault for SecureJarResource(immediatelyfast)
[06Aug2025 14:44:44.144] [main/DEBUG] [mixin/]: MixinPlatformAgentDefault accepted container SecureJarResource(immediatelyfast)
[06Aug2025 14:44:44.144] [main/DEBUG] [mixin/]: Processing prepare() for PlatformAgent[MixinPlatformAgentDefault:SecureJarResource(immediatelyfast)]
[06Aug2025 14:44:44.144] [main/DEBUG] [mixin/]: Registering mixin config: immediatelyfast-forge.mixins.json
[06Aug2025 14:44:44.146] [main/DEBUG] [mixin/]: Registering mixin config: immediatelyfast-common.mixins.json
[06Aug2025 14:44:44.148] [main/DEBUG] [mixin/]: Adding mixin platform agents for container SecureJarResource(creeperoverhaul)
[06Aug2025 14:44:44.148] [main/DEBUG] [mixin/]: Instancing new MixinPlatformAgentMinecraftForge for SecureJarResource(creeperoverhaul)
[06Aug2025 14:44:44.148] [main/DEBUG] [mixin/]: MixinPlatformAgentMinecraftForge rejected container SecureJarResource(creeperoverhaul)
[06Aug2025 14:44:44.148] [main/DEBUG] [mixin/]: Instancing new MixinPlatformAgentDefault for SecureJarResource(creeperoverhaul)
[06Aug2025 14:44:44.148] [main/DEBUG] [mixin/]: MixinPlatformAgentDefault accepted container SecureJarResource(creeperoverhaul)
[06Aug2025 14:44:44.148] [main/DEBUG] [mixin/]: Processing prepare() for PlatformAgent[MixinPlatformAgentDefault:SecureJarResource(creeperoverhaul)]
[06Aug2025 14:44:44.148] [main/DEBUG] [mixin/]: Registering mixin config: creeperoverhaul-common.mixins.json
[06Aug2025 14:44:44.149] [main/DEBUG] [mixin/]: Adding mixin platform agents for container SecureJarResource(ferritecore)
[06Aug2025 14:44:44.149] [main/DEBUG] [mixin/]: Instancing new MixinPlatformAgentMinecraftForge for SecureJarResource(ferritecore)
[06Aug2025 14:44:44.149] [main/DEBUG] [mixin/]: MixinPlatformAgentMinecraftForge rejected container SecureJarResource(ferritecore)
[06Aug2025 14:44:44.150] [main/DEBUG] [mixin/]: Instancing new MixinPlatformAgentDefault for SecureJarResource(ferritecore)
[06Aug2025 14:44:44.150] [main/DEBUG] [mixin/]: MixinPlatformAgentDefault accepted container SecureJarResource(ferritecore)
[06Aug2025 14:44:44.150] [main/DEBUG] [mixin/]: Processing prepare() for PlatformAgent[MixinPlatformAgentDefault:SecureJarResource(ferritecore)]
[06Aug2025 14:44:44.150] [main/DEBUG] [mixin/]: Registering mixin config: ferritecore.predicates.mixin.json
[06Aug2025 14:44:44.151] [main/DEBUG] [mixin/]: Registering mixin config: ferritecore.fastmap.mixin.json
[06Aug2025 14:44:44.153] [main/DEBUG] [mixin/]: Registering mixin config: ferritecore.mrl.mixin.json
[06Aug2025 14:44:44.155] [main/DEBUG] [mixin/]: Registering mixin config: ferritecore.dedupmultipart.mixin.json
[06Aug2025 14:44:44.157] [main/DEBUG] [mixin/]: Registering mixin config: ferritecore.blockstatecache.mixin.json
[06Aug2025 14:44:44.159] [main/DEBUG] [mixin/]: Registering mixin config: ferritecore.dedupbakedquad.mixin.json
[06Aug2025 14:44:44.161] [main/DEBUG] [mixin/]: Registering mixin config: ferritecore.threaddetec.mixin.json
[06Aug2025 14:44:44.163] [main/DEBUG] [mixin/]: Registering mixin config: ferritecore.modelsides.mixin.json
[06Aug2025 14:44:44.165] [main/DEBUG] [mixin/]: Adding mixin platform agents for container SecureJarResource(fabric_object_builder_api_v1)
[06Aug2025 14:44:44.165] [main/DEBUG] [mixin/]: Instancing new MixinPlatformAgentMinecraftForge for SecureJarResource(fabric_object_builder_api_v1)
[06Aug2025 14:44:44.165] [main/DEBUG] [mixin/]: MixinPlatformAgentMinecraftForge rejected container SecureJarResource(fabric_object_builder_api_v1)
[06Aug2025 14:44:44.165] [main/DEBUG] [mixin/]: Instancing new MixinPlatformAgentDefault for SecureJarResource(fabric_object_builder_api_v1)
[06Aug2025 14:44:44.165] [main/DEBUG] [mixin/]: MixinPlatformAgentDefault accepted container SecureJarResource(fabric_object_builder_api_v1)
[06Aug2025 14:44:44.165] [main/DEBUG] [mixin/]: Processing prepare() for PlatformAgent[MixinPlatformAgentDefault:SecureJarResource(fabric_object_builder_api_v1)]
[06Aug2025 14:44:44.165] [main/DEBUG] [mixin/]: Registering mixin config: fabric-object-builder-v1.mixins.json
[06Aug2025 14:44:44.167] [main/DEBUG] [mixin/]: Compatibility level JAVA_16 specified by fabric-object-builder-v1.mixins.json is higher than the maximum level supported by this version of mixin (JAVA_13).
[06Aug2025 14:44:44.167] [main/DEBUG] [mixin/]: Adding mixin platform agents for container SecureJarResource(yet_another_config_lib_v3)
[06Aug2025 14:44:44.167] [main/DEBUG] [mixin/]: Instancing new MixinPlatformAgentMinecraftForge for SecureJarResource(yet_another_config_lib_v3)
[06Aug2025 14:44:44.167] [main/DEBUG] [mixin/]: MixinPlatformAgentMinecraftForge rejected container SecureJarResource(yet_another_config_lib_v3)
[06Aug2025 14:44:44.167] [main/DEBUG] [mixin/]: Instancing new MixinPlatformAgentDefault for SecureJarResource(yet_another_config_lib_v3)
[06Aug2025 14:44:44.167] [main/DEBUG] [mixin/]: MixinPlatformAgentDefault accepted container SecureJarResource(yet_another_config_lib_v3)
[06Aug2025 14:44:44.167] [main/DEBUG] [mixin/]: Processing prepare() for PlatformAgent[MixinPlatformAgentDefault:SecureJarResource(yet_another_config_lib_v3)]
[06Aug2025 14:44:44.167] [main/DEBUG] [mixin/]: Registering mixin config: yacl.mixins.json
[06Aug2025 14:44:44.169] [main/ERROR] [mixin/]: Mixin config yacl.mixins.json does not specify "minVersion" property
[06Aug2025 14:44:44.169] [main/DEBUG] [mixin/]: Adding mixin platform agents for container SecureJarResource(puzzleslib)
[06Aug2025 14:44:44.169] [main/DEBUG] [mixin/]: Instancing new MixinPlatformAgentMinecraftForge for SecureJarResource(puzzleslib)
[06Aug2025 14:44:44.169] [main/DEBUG] [mixin/]: MixinPlatformAgentMinecraftForge rejected container SecureJarResource(puzzleslib)
[06Aug2025 14:44:44.169] [main/DEBUG] [mixin/]: Instancing new MixinPlatformAgentDefault for SecureJarResource(puzzleslib)
[06Aug2025 14:44:44.169] [main/DEBUG] [mixin/]: MixinPlatformAgentDefault accepted container SecureJarResource(puzzleslib)
[06Aug2025 14:44:44.169] [main/DEBUG] [mixin/]: Processing prepare() for PlatformAgent[MixinPlatformAgentDefault:SecureJarResource(puzzleslib)]
[06Aug2025 14:44:44.169] [main/DEBUG] [mixin/]: Registering mixin config: puzzleslib.common.mixins.json
[06Aug2025 14:44:44.171] [main/DEBUG] [mixin/]: Registering mixin config: puzzleslib.forge.mixins.json
[06Aug2025 14:44:44.173] [main/DEBUG] [mixin/]: Adding mixin platform agents for container SecureJarResource(justzoom)
[06Aug2025 14:44:44.173] [main/DEBUG] [mixin/]: Instancing new MixinPlatformAgentMinecraftForge for SecureJarResource(justzoom)
[06Aug2025 14:44:44.173] [main/DEBUG] [mixin/]: MixinPlatformAgentMinecraftForge rejected container SecureJarResource(justzoom)
[06Aug2025 14:44:44.174] [main/DEBUG] [mixin/]: Instancing new MixinPlatformAgentDefault for SecureJarResource(justzoom)
[06Aug2025 14:44:44.174] [main/DEBUG] [mixin/]: MixinPlatformAgentDefault accepted container SecureJarResource(justzoom)
[06Aug2025 14:44:44.174] [main/DEBUG] [mixin/]: Processing prepare() for PlatformAgent[MixinPlatformAgentDefault:SecureJarResource(justzoom)]
[06Aug2025 14:44:44.174] [main/DEBUG] [mixin/]: Registering mixin config: justzoom.mixins.json
[06Aug2025 14:44:44.175] [main/DEBUG] [mixin/]: Registering mixin config: justzoom.forge.mixins.json
[06Aug2025 14:44:44.177] [main/DEBUG] [mixin/]: Adding mixin platform agents for container SecureJarResource(addonslib)
[06Aug2025 14:44:44.178] [main/DEBUG] [mixin/]: Instancing new MixinPlatformAgentMinecraftForge for SecureJarResource(addonslib)
[06Aug2025 14:44:44.178] [main/DEBUG] [mixin/]: MixinPlatformAgentMinecraftForge rejected container SecureJarResource(addonslib)
[06Aug2025 14:44:44.178] [main/DEBUG] [mixin/]: Instancing new MixinPlatformAgentDefault for SecureJarResource(addonslib)
[06Aug2025 14:44:44.178] [main/DEBUG] [mixin/]: MixinPlatformAgentDefault accepted container SecureJarResource(addonslib)
[06Aug2025 14:44:44.178] [main/DEBUG] [mixin/]: Processing prepare() for PlatformAgent[MixinPlatformAgentDefault:SecureJarResource(addonslib)]
[06Aug2025 14:44:44.178] [main/DEBUG] [mixin/]: Adding mixin platform agents for container SecureJarResource(expandability)
[06Aug2025 14:44:44.178] [main/DEBUG] [mixin/]: Instancing new MixinPlatformAgentMinecraftForge for SecureJarResource(expandability)
[06Aug2025 14:44:44.178] [main/DEBUG] [mixin/]: MixinPlatformAgentMinecraftForge rejected container SecureJarResource(expandability)
[06Aug2025 14:44:44.178] [main/DEBUG] [mixin/]: Instancing new MixinPlatformAgentDefault for SecureJarResource(expandability)
[06Aug2025 14:44:44.178] [main/DEBUG] [mixin/]: MixinPlatformAgentDefault accepted container SecureJarResource(expandability)
[06Aug2025 14:44:44.178] [main/DEBUG] [mixin/]: Processing prepare() for PlatformAgent[MixinPlatformAgentDefault:SecureJarResource(expandability)]
[06Aug2025 14:44:44.178] [main/DEBUG] [mixin/]: Registering mixin config: expandability.mixins.json
[06Aug2025 14:44:44.180] [main/DEBUG] [mixin/]: Registering mixin config: expandability-common.mixins.json
[06Aug2025 14:44:44.182] [main/DEBUG] [mixin/]: Adding mixin platform agents for container SecureJarResource(mclib)
[06Aug2025 14:44:44.182] [main/DEBUG] [mixin/]: Instancing new MixinPlatformAgentMinecraftForge for SecureJarResource(mclib)
[06Aug2025 14:44:44.182] [main/DEBUG] [mixin/]: MixinPlatformAgentMinecraftForge rejected container SecureJarResource(mclib)
[06Aug2025 14:44:44.182] [main/DEBUG] [mixin/]: Instancing new MixinPlatformAgentDefault for SecureJarResource(mclib)
[06Aug2025 14:44:44.182] [main/DEBUG] [mixin/]: MixinPlatformAgentDefault accepted container SecureJarResource(mclib)
[06Aug2025 14:44:44.182] [main/DEBUG] [mixin/]: Processing prepare() for PlatformAgent[MixinPlatformAgentDefault:SecureJarResource(mclib)]
[06Aug2025 14:44:44.182] [main/DEBUG] [mixin/]: Adding mixin platform agents for container SecureJarResource(org.quiltmc.parsers.json)
[06Aug2025 14:44:44.182] [main/DEBUG] [mixin/]: Instancing new MixinPlatformAgentMinecraftForge for SecureJarResource(org.quiltmc.parsers.json)
[06Aug2025 14:44:44.182] [main/DEBUG] [mixin/]: MixinPlatformAgentMinecraftForge rejected container SecureJarResource(org.quiltmc.parsers.json)
[06Aug2025 14:44:44.182] [main/DEBUG] [mixin/]: Instancing new MixinPlatformAgentDefault for SecureJarResource(org.quiltmc.parsers.json)
[06Aug2025 14:44:44.182] [main/DEBUG] [mixin/]: MixinPlatformAgentDefault accepted container SecureJarResource(org.quiltmc.parsers.json)
[06Aug2025 14:44:44.182] [main/DEBUG] [mixin/]: Processing prepare() for PlatformAgent[MixinPlatformAgentDefault:SecureJarResource(org.quiltmc.parsers.json)]
[06Aug2025 14:44:44.182] [main/DEBUG] [mixin/]: Adding mixin platform agents for container SecureJarResource(Registrate.MC1._20)
[06Aug2025 14:44:44.182] [main/DEBUG] [mixin/]: Instancing new MixinPlatformAgentMinecraftForge for SecureJarResource(Registrate.MC1._20)
[06Aug2025 14:44:44.182] [main/DEBUG] [mixin/]: MixinPlatformAgentMinecraftForge rejected container SecureJarResource(Registrate.MC1._20)
[06Aug2025 14:44:44.182] [main/DEBUG] [mixin/]: Instancing new MixinPlatformAgentDefault for SecureJarResource(Registrate.MC1._20)
[06Aug2025 14:44:44.182] [main/DEBUG] [mixin/]: MixinPlatformAgentDefault accepted container SecureJarResource(Registrate.MC1._20)
[06Aug2025 14:44:44.182] [main/DEBUG] [mixin/]: Processing prepare() for PlatformAgent[MixinPlatformAgentDefault:SecureJarResource(Registrate.MC1._20)]
[06Aug2025 14:44:44.182] [main/DEBUG] [mixin/]: Adding mixin platform agents for container SecureJarResource(com.twelvemonkeys.imageio.webp)
[06Aug2025 14:44:44.182] [main/DEBUG] [mixin/]: Instancing new MixinPlatformAgentMinecraftForge for SecureJarResource(com.twelvemonkeys.imageio.webp)
[06Aug2025 14:44:44.182] [main/DEBUG] [mixin/]: MixinPlatformAgentMinecraftForge rejected container SecureJarResource(com.twelvemonkeys.imageio.webp)
[06Aug2025 14:44:44.182] [main/DEBUG] [mixin/]: Instancing new MixinPlatformAgentDefault for SecureJarResource(com.twelvemonkeys.imageio.webp)
[06Aug2025 14:44:44.182] [main/DEBUG] [mixin/]: MixinPlatformAgentDefault accepted container SecureJarResource(com.twelvemonkeys.imageio.webp)
[06Aug2025 14:44:44.182] [main/DEBUG] [mixin/]: Processing prepare() for PlatformAgent[MixinPlatformAgentDefault:SecureJarResource(com.twelvemonkeys.imageio.webp)]
[06Aug2025 14:44:44.182] [main/DEBUG] [mixin/]: Adding mixin platform agents for container SecureJarResource(com.twelvemonkeys.common.lang)
[06Aug2025 14:44:44.182] [main/DEBUG] [mixin/]: Instancing new MixinPlatformAgentMinecraftForge for SecureJarResource(com.twelvemonkeys.common.lang)
[06Aug2025 14:44:44.183] [main/DEBUG] [mixin/]: MixinPlatformAgentMinecraftForge rejected container SecureJarResource(com.twelvemonkeys.common.lang)
[06Aug2025 14:44:44.183] [main/DEBUG] [mixin/]: Instancing new MixinPlatformAgentDefault for SecureJarResource(com.twelvemonkeys.common.lang)
[06Aug2025 14:44:44.183] [main/DEBUG] [mixin/]: MixinPlatformAgentDefault accepted container SecureJarResource(com.twelvemonkeys.common.lang)
[06Aug2025 14:44:44.183] [main/DEBUG] [mixin/]: Processing prepare() for PlatformAgent[MixinPlatformAgentDefault:SecureJarResource(com.twelvemonkeys.common.lang)]
[06Aug2025 14:44:44.183] [main/DEBUG] [mixin/]: Adding mixin platform agents for container SecureJarResource(com.twelvemonkeys.imageio.metadata)
[06Aug2025 14:44:44.183] [main/DEBUG] [mixin/]: Instancing new MixinPlatformAgentMinecraftForge for SecureJarResource(com.twelvemonkeys.imageio.metadata)
[06Aug2025 14:44:44.183] [main/DEBUG] [mixin/]: MixinPlatformAgentMinecraftForge rejected container SecureJarResource(com.twelvemonkeys.imageio.metadata)
[06Aug2025 14:44:44.183] [main/DEBUG] [mixin/]: Instancing new MixinPlatformAgentDefault for SecureJarResource(com.twelvemonkeys.imageio.metadata)
[06Aug2025 14:44:44.183] [main/DEBUG] [mixin/]: MixinPlatformAgentDefault accepted container SecureJarResource(com.twelvemonkeys.imageio.metadata)
[06Aug2025 14:44:44.183] [main/DEBUG] [mixin/]: Processing prepare() for PlatformAgent[MixinPlatformAgentDefault:SecureJarResource(com.twelvemonkeys.imageio.metadata)]
[06Aug2025 14:44:44.183] [main/DEBUG] [mixin/]: Adding mixin platform agents for container SecureJarResource(yabn)
[06Aug2025 14:44:44.183] [main/DEBUG] [mixin/]: Instancing new MixinPlatformAgentMinecraftForge for SecureJarResource(yabn)
[06Aug2025 14:44:44.183] [main/DEBUG] [mixin/]: MixinPlatformAgentMinecraftForge rejected container SecureJarResource(yabn)
[06Aug2025 14:44:44.183] [main/DEBUG] [mixin/]: Instancing new MixinPlatformAgentDefault for SecureJarResource(yabn)
[06Aug2025 14:44:44.183] [main/DEBUG] [mixin/]: MixinPlatformAgentDefault accepted container SecureJarResource(yabn)
[06Aug2025 14:44:44.183] [main/DEBUG] [mixin/]: Processing prepare() for PlatformAgent[MixinPlatformAgentDefault:SecureJarResource(yabn)]
[06Aug2025 14:44:44.183] [main/DEBUG] [mixin/]: Adding mixin platform agents for container SecureJarResource(org.quiltmc.parsers.gson)
[06Aug2025 14:44:44.183] [main/DEBUG] [mixin/]: Instancing new MixinPlatformAgentMinecraftForge for SecureJarResource(org.quiltmc.parsers.gson)
[06Aug2025 14:44:44.183] [main/DEBUG] [mixin/]: MixinPlatformAgentMinecraftForge rejected container SecureJarResource(org.quiltmc.parsers.gson)
[06Aug2025 14:44:44.183] [main/DEBUG] [mixin/]: Instancing new MixinPlatformAgentDefault for SecureJarResource(org.quiltmc.parsers.gson)
[06Aug2025 14:44:44.183] [main/DEBUG] [mixin/]: MixinPlatformAgentDefault accepted container SecureJarResource(org.quiltmc.parsers.gson)
[06Aug2025 14:44:44.183] [main/DEBUG] [mixin/]: Processing prepare() for PlatformAgent[MixinPlatformAgentDefault:SecureJarResource(org.quiltmc.parsers.gson)]
[06Aug2025 14:44:44.183] [main/DEBUG] [mixin/]: Adding mixin platform agents for container SecureJarResource(Reflect)
[06Aug2025 14:44:44.183] [main/DEBUG] [mixin/]: Instancing new MixinPlatformAgentMinecraftForge for SecureJarResource(Reflect)
[06Aug2025 14:44:44.183] [main/DEBUG] [mixin/]: MixinPlatformAgentMinecraftForge rejected container SecureJarResource(Reflect)
[06Aug2025 14:44:44.183] [main/DEBUG] [mixin/]: Instancing new MixinPlatformAgentDefault for SecureJarResource(Reflect)
[06Aug2025 14:44:44.183] [main/DEBUG] [mixin/]: MixinPlatformAgentDefault accepted container SecureJarResource(Reflect)
[06Aug2025 14:44:44.183] [main/DEBUG] [mixin/]: Processing prepare() for PlatformAgent[MixinPlatformAgentDefault:SecureJarResource(Reflect)]
[06Aug2025 14:44:44.183] [main/DEBUG] [mixin/]: Adding mixin platform agents for container SecureJarResource(endec)
[06Aug2025 14:44:44.183] [main/DEBUG] [mixin/]: Instancing new MixinPlatformAgentMinecraftForge for SecureJarResource(endec)
[06Aug2025 14:44:44.183] [main/DEBUG] [mixin/]: MixinPlatformAgentMinecraftForge rejected container SecureJarResource(endec)
[06Aug2025 14:44:44.183] [main/DEBUG] [mixin/]: Instancing new MixinPlatformAgentDefault for SecureJarResource(endec)
[06Aug2025 14:44:44.183] [main/DEBUG] [mixin/]: MixinPlatformAgentDefault accepted container SecureJarResource(endec)
[06Aug2025 14:44:44.183] [main/DEBUG] [mixin/]: Processing prepare() for PlatformAgent[MixinPlatformAgentDefault:SecureJarResource(endec)]
[06Aug2025 14:44:44.183] [main/DEBUG] [mixin/]: Adding mixin platform agents for container SecureJarResource(bytecodecs)
[06Aug2025 14:44:44.183] [main/DEBUG] [mixin/]: Instancing new MixinPlatformAgentMinecraftForge for SecureJarResource(bytecodecs)
[06Aug2025 14:44:44.183] [main/DEBUG] [mixin/]: MixinPlatformAgentMinecraftForge rejected container SecureJarResource(bytecodecs)
[06Aug2025 14:44:44.183] [main/DEBUG] [mixin/]: Instancing new MixinPlatformAgentDefault for SecureJarResource(bytecodecs)
[06Aug2025 14:44:44.183] [main/DEBUG] [mixin/]: MixinPlatformAgentDefault accepted container SecureJarResource(bytecodecs)
[06Aug2025 14:44:44.183] [main/DEBUG] [mixin/]: Processing prepare() for PlatformAgent[MixinPlatformAgentDefault:SecureJarResource(bytecodecs)]
[06Aug2025 14:44:44.183] [main/DEBUG] [mixin/]: Adding mixin platform agents for container SecureJarResource(com.twelvemonkeys.common.image)
[06Aug2025 14:44:44.184] [main/DEBUG] [mixin/]: Instancing new MixinPlatformAgentMinecraftForge for SecureJarResource(com.twelvemonkeys.common.image)
[06Aug2025 14:44:44.184] [main/DEBUG] [mixin/]: MixinPlatformAgentMinecraftForge rejected container SecureJarResource(com.twelvemonkeys.common.image)
[06Aug2025 14:44:44.184] [main/DEBUG] [mixin/]: Instancing new MixinPlatformAgentDefault for SecureJarResource(com.twelvemonkeys.common.image)
[06Aug2025 14:44:44.184] [main/DEBUG] [mixin/]: MixinPlatformAgentDefault accepted container SecureJarResource(com.twelvemonkeys.common.image)
[06Aug2025 14:44:44.184] [main/DEBUG] [mixin/]: Processing prepare() for PlatformAgent[MixinPlatformAgentDefault:SecureJarResource(com.twelvemonkeys.common.image)]
[06Aug2025 14:44:44.184] [main/DEBUG] [mixin/]: Adding mixin platform agents for container SecureJarResource(com.twelvemonkeys.imageio.core)
[06Aug2025 14:44:44.184] [main/DEBUG] [mixin/]: Instancing new MixinPlatformAgentMinecraftForge for SecureJarResource(com.twelvemonkeys.imageio.core)
[06Aug2025 14:44:44.184] [main/DEBUG] [mixin/]: MixinPlatformAgentMinecraftForge rejected container SecureJarResource(com.twelvemonkeys.imageio.core)
[06Aug2025 14:44:44.184] [main/DEBUG] [mixin/]: Instancing new MixinPlatformAgentDefault for SecureJarResource(com.twelvemonkeys.imageio.core)
[06Aug2025 14:44:44.184] [main/DEBUG] [mixin/]: MixinPlatformAgentDefault accepted container SecureJarResource(com.twelvemonkeys.imageio.core)
[06Aug2025 14:44:44.184] [main/DEBUG] [mixin/]: Processing prepare() for PlatformAgent[MixinPlatformAgentDefault:SecureJarResource(com.twelvemonkeys.imageio.core)]
[06Aug2025 14:44:44.184] [main/DEBUG] [mixin/]: Adding mixin platform agents for container SecureJarResource(netty_endec)
[06Aug2025 14:44:44.184] [main/DEBUG] [mixin/]: Instancing new MixinPlatformAgentMinecraftForge for SecureJarResource(netty_endec)
[06Aug2025 14:44:44.184] [main/DEBUG] [mixin/]: MixinPlatformAgentMinecraftForge rejected container SecureJarResource(netty_endec)
[06Aug2025 14:44:44.184] [main/DEBUG] [mixin/]: Instancing new MixinPlatformAgentDefault for SecureJarResource(netty_endec)
[06Aug2025 14:44:44.184] [main/DEBUG] [mixin/]: MixinPlatformAgentDefault accepted container SecureJarResource(netty_endec)
[06Aug2025 14:44:44.184] [main/DEBUG] [mixin/]: Processing prepare() for PlatformAgent[MixinPlatformAgentDefault:SecureJarResource(netty_endec)]
[06Aug2025 14:44:44.184] [main/DEBUG] [mixin/]: Adding mixin platform agents for container SecureJarResource(com.twelvemonkeys.common.io)
[06Aug2025 14:44:44.184] [main/DEBUG] [mixin/]: Instancing new MixinPlatformAgentMinecraftForge for SecureJarResource(com.twelvemonkeys.common.io)
[06Aug2025 14:44:44.184] [main/DEBUG] [mixin/]: MixinPlatformAgentMinecraftForge rejected container SecureJarResource(com.twelvemonkeys.common.io)
[06Aug2025 14:44:44.184] [main/DEBUG] [mixin/]: Instancing new MixinPlatformAgentDefault for SecureJarResource(com.twelvemonkeys.common.io)
[06Aug2025 14:44:44.184] [main/DEBUG] [mixin/]: MixinPlatformAgentDefault accepted container SecureJarResource(com.twelvemonkeys.common.io)
[06Aug2025 14:44:44.184] [main/DEBUG] [mixin/]: Processing prepare() for PlatformAgent[MixinPlatformAgentDefault:SecureJarResource(com.twelvemonkeys.common.io)]
[06Aug2025 14:44:44.184] [main/DEBUG] [mixin/]: Adding mixin platform agents for container SecureJarResource(MixinExtras)
[06Aug2025 14:44:44.184] [main/DEBUG] [mixin/]: Instancing new MixinPlatformAgentMinecraftForge for SecureJarResource(MixinExtras)
[06Aug2025 14:44:44.184] [main/DEBUG] [mixin/]: MixinPlatformAgentMinecraftForge rejected container SecureJarResource(MixinExtras)
[06Aug2025 14:44:44.184] [main/DEBUG] [mixin/]: Instancing new MixinPlatformAgentDefault for SecureJarResource(MixinExtras)
[06Aug2025 14:44:44.184] [main/DEBUG] [mixin/]: MixinPlatformAgentDefault accepted container SecureJarResource(MixinExtras)
[06Aug2025 14:44:44.184] [main/DEBUG] [mixin/]: Processing prepare() for PlatformAgent[MixinPlatformAgentDefault:SecureJarResource(MixinExtras)]
[06Aug2025 14:44:44.184] [main/DEBUG] [mixin/]: Adding mixin platform agents for container SecureJarResource(gson_endec)
[06Aug2025 14:44:44.184] [main/DEBUG] [mixin/]: Instancing new MixinPlatformAgentMinecraftForge for SecureJarResource(gson_endec)
[06Aug2025 14:44:44.184] [main/DEBUG] [mixin/]: MixinPlatformAgentMinecraftForge rejected container SecureJarResource(gson_endec)
[06Aug2025 14:44:44.184] [main/DEBUG] [mixin/]: Instancing new MixinPlatformAgentDefault for SecureJarResource(gson_endec)
[06Aug2025 14:44:44.184] [main/DEBUG] [mixin/]: MixinPlatformAgentDefault accepted container SecureJarResource(gson_endec)
[06Aug2025 14:44:44.184] [main/DEBUG] [mixin/]: Processing prepare() for PlatformAgent[MixinPlatformAgentDefault:SecureJarResource(gson_endec)]
[06Aug2025 14:44:44.184] [main/DEBUG] [mixin/]: inject() running with 111 agents
[06Aug2025 14:44:44.184] [main/DEBUG] [mixin/]: Processing inject() for PlatformAgent[MixinPlatformAgentDefault:ModLauncher Root Container(ModLauncher:4f56a0a2)]
[06Aug2025 14:44:44.184] [main/DEBUG] [mixin/]: Processing inject() for PlatformAgent[MixinPlatformAgentDefault:SecureJarResource(hexerei)]
[06Aug2025 14:44:44.184] [main/DEBUG] [mixin/]: Processing inject() for PlatformAgent[MixinPlatformAgentDefault:SecureJarResource(kuma_api)]
[06Aug2025 14:44:44.185] [main/DEBUG] [mixin/]: Processing inject() for PlatformAgent[MixinPlatformAgentDefault:SecureJarResource(mcwbyg)]
[06Aug2025 14:44:44.185] [main/DEBUG] [mixin/]: Processing inject() for PlatformAgent[MixinPlatformAgentDefault:SecureJarResource(easyanvils)]
[06Aug2025 14:44:44.185] [main/DEBUG] [mixin/]: Processing inject() for PlatformAgent[MixinPlatformAgentDefault:SecureJarResource(geckolib)]
[06Aug2025 14:44:44.185] [main/DEBUG] [mixin/]: Processing inject() for PlatformAgent[MixinPlatformAgentDefault:SecureJarResource(dynamiclights)]
[06Aug2025 14:44:44.185] [main/DEBUG] [mixin/]: Processing inject() for PlatformAgent[MixinPlatformAgentDefault:SecureJarResource(incendium)]
[06Aug2025 14:44:44.185] [main/DEBUG] [mixin/]: Processing inject() for PlatformAgent[MixinPlatformAgentDefault:SecureJarResource(sophisticatedcore)]
[06Aug2025 14:44:44.185] [main/DEBUG] [mixin/]: Processing inject() for PlatformAgent[MixinPlatformAgentDefault:SecureJarResource(gpumemleakfix)]
[06Aug2025 14:44:44.185] [main/DEBUG] [mixin/]: Processing inject() for PlatformAgent[MixinPlatformAgentDefault:SecureJarResource(citadel)]
[06Aug2025 14:44:44.185] [main/DEBUG] [mixin/]: Processing inject() for PlatformAgent[MixinPlatformAgentDefault:SecureJarResource(alexsmobs)]
[06Aug2025 14:44:44.185] [main/DEBUG] [mixin/]: Processing inject() for PlatformAgent[MixinPlatformAgentDefault:SecureJarResource(fabric_data_attachment_api_v1)]
[06Aug2025 14:44:44.185] [main/DEBUG] [mixin/]: Processing inject() for PlatformAgent[MixinPlatformAgentDefault:SecureJarResource(mixinextras)]
[06Aug2025 14:44:44.185] [main/DEBUG] [mixin/]: Processing inject() for PlatformAgent[MixinPlatformAgentDefault:SecureJarResource(sophisticatedbackpacks)]
[06Aug2025 14:44:44.185] [main/DEBUG] [mixin/]: Processing inject() for PlatformAgent[MixinPlatformAgentDefault:SecureJarResource(balm)]
[06Aug2025 14:44:44.185] [main/DEBUG] [mixin/]: Processing inject() for PlatformAgent[MixinPlatformAgentDefault:SecureJarResource(fpsreducer)]
[06Aug2025 14:44:44.185] [main/DEBUG] [mixin/]: Processing inject() for PlatformAgent[MixinPlatformAgentDefault:SecureJarResource(carryon)]
[06Aug2025 14:44:44.185] [main/DEBUG] [mixin/]: Processing inject() for PlatformAgent[MixinPlatformAgentDefault:SecureJarResource(chat_heads)]
[06Aug2025 14:44:44.185] [main/DEBUG] [mixin/]: Processing inject() for PlatformAgent[MixinPlatformAgentDefault:SecureJarResource(cloth_config)]
[06Aug2025 14:44:44.185] [main/DEBUG] [mixin/]: Processing inject() for PlatformAgent[MixinPlatformAgentDefault:SecureJarResource(craftable_elytra_remastered)]
[06Aug2025 14:44:44.185] [main/DEBUG] [mixin/]: Processing inject() for PlatformAgent[MixinPlatformAgentDefault:SecureJarResource(emojiful)]
[06Aug2025 14:44:44.185] [main/DEBUG] [mixin/]: Processing inject() for PlatformAgent[MixinPlatformAgentDefault:SecureJarResource(konkrete)]
[06Aug2025 14:44:44.185] [main/DEBUG] [mixin/]: Processing inject() for PlatformAgent[MixinPlatformAgentDefault:SecureJarResource(embeddium)]
[06Aug2025 14:44:44.185] [main/DEBUG] [mixin/]: Processing inject() for PlatformAgent[MixinPlatformAgentDefault:SecureJarResource(athena)]
[06Aug2025 14:44:44.185] [main/DEBUG] [mixin/]: Processing inject() for PlatformAgent[MixinPlatformAgentDefault:SecureJarResource(morebows)]
[06Aug2025 14:44:44.185] [main/DEBUG] [mixin/]: Processing inject() for PlatformAgent[MixinPlatformAgentDefault:SecureJarResource(resourcefulconfig)]
[06Aug2025 14:44:44.185] [main/DEBUG] [mixin/]: Processing inject() for PlatformAgent[MixinPlatformAgentDefault:SecureJarResource(wthit)]
[06Aug2025 14:44:44.185] [main/DEBUG] [mixin/]: Processing inject() for PlatformAgent[MixinPlatformAgentDefault:SecureJarResource(trapcraft)]
[06Aug2025 14:44:44.185] [main/DEBUG] [mixin/]: Processing inject() for PlatformAgent[MixinPlatformAgentDefault:SecureJarResource(curios)]
[06Aug2025 14:44:44.185] [main/DEBUG] [mixin/]: Processing inject() for PlatformAgent[MixinPlatformAgentDefault:SecureJarResource(collective)]
[06Aug2025 14:44:44.185] [main/DEBUG] [mixin/]: Processing inject() for PlatformAgent[MixinPlatformAgentDefault:SecureJarResource(cerbons_api)]
[06Aug2025 14:44:44.185] [main/DEBUG] [mixin/]: Processing inject() for PlatformAgent[MixinPlatformAgentDefault:SecureJarResource(mr_dungeons_andtaverns)]
[06Aug2025 14:44:44.185] [main/DEBUG] [mixin/]: Processing inject() for PlatformAgent[MixinPlatformAgentDefault:SecureJarResource(bettervillage)]
[06Aug2025 14:44:44.185] [main/DEBUG] [mixin/]: Processing inject() for PlatformAgent[MixinPlatformAgentDefault:SecureJarResource(tombstone)]
[06Aug2025 14:44:44.185] [main/DEBUG] [mixin/]: Processing inject() for PlatformAgent[MixinPlatformAgentDefault:SecureJarResource(fabric_entity_events_v1)]
[06Aug2025 14:44:44.185] [main/DEBUG] [mixin/]: Processing inject() for PlatformAgent[MixinPlatformAgentDefault:SecureJarResource(resourcefullib)]
[06Aug2025 14:44:44.185] [main/DEBUG] [mixin/]: Processing inject() for PlatformAgent[MixinPlatformAgentDefault:SecureJarResource(accessories)]
[06Aug2025 14:44:44.185] [main/DEBUG] [mixin/]: Processing inject() for PlatformAgent[MixinPlatformAgentDefault:SecureJarResource(deeperdarker)]
[06Aug2025 14:44:44.186] [main/DEBUG] [mixin/]: Processing inject() for PlatformAgent[MixinPlatformAgentDefault:SecureJarResource(architectury)]
[06Aug2025 14:44:44.186] [main/DEBUG] [mixin/]: Processing inject() for PlatformAgent[MixinPlatformAgentDefault:SecureJarResource(cupboard)]
[06Aug2025 14:44:44.186] [main/DEBUG] [mixin/]: Processing inject() for PlatformAgent[MixinPlatformAgentDefault:SecureJarResource(flib)]
[06Aug2025 14:44:44.186] [main/DEBUG] [mixin/]: Processing inject() for PlatformAgent[MixinPlatformAgentDefault:SecureJarResource(mace_backport)]
[06Aug2025 14:44:44.186] [main/DEBUG] [mixin/]: Processing inject() for PlatformAgent[MixinPlatformAgentDefault:SecureJarResource(the_bumblezone)]
[06Aug2025 14:44:44.186] [main/DEBUG] [mixin/]: Processing inject() for PlatformAgent[MixinPlatformAgentDefault:SecureJarResource(framework)]
[06Aug2025 14:44:44.186] [main/DEBUG] [mixin/]: Processing inject() for PlatformAgent[MixinPlatformAgentDefault:SecureJarResource(inventorymanagement)]
[06Aug2025 14:44:44.186] [main/DEBUG] [mixin/]: Processing inject() for PlatformAgent[MixinPlatformAgentDefault:SecureJarResource(chas)]
[06Aug2025 14:44:44.186] [main/DEBUG] [mixin/]: Processing inject() for PlatformAgent[MixinPlatformAgentDefault:SecureJarResource(playerrevive)]
[06Aug2025 14:44:44.186] [main/DEBUG] [mixin/]: Processing inject() for PlatformAgent[MixinPlatformAgentDefault:SecureJarResource(darkmodeeverywhere)]
[06Aug2025 14:44:44.186] [main/DEBUG] [mixin/]: Processing inject() for PlatformAgent[MixinPlatformAgentDefault:SecureJarResource(easymagic)]
[06Aug2025 14:44:44.186] [main/DEBUG] [mixin/]: Processing inject() for PlatformAgent[MixinPlatformAgentDefault:SecureJarResource(jei)]
[06Aug2025 14:44:44.186] [main/DEBUG] [mixin/]: Processing inject() for PlatformAgent[MixinPlatformAgentDefault:SecureJarResource(libraryferret)]
[06Aug2025 14:44:44.186] [main/DEBUG] [mixin/]: Processing inject() for PlatformAgent[MixinPlatformAgentDefault:SecureJarResource(goblintraders)]
[06Aug2025 14:44:44.186] [main/DEBUG] [mixin/]: Processing inject() for PlatformAgent[MixinPlatformAgentDefault:SecureJarResource(waystones)]
[06Aug2025 14:44:44.186] [main/DEBUG] [mixin/]: Processing inject() for PlatformAgent[MixinPlatformAgentDefault:SecureJarResource(journeymap)]
[06Aug2025 14:44:44.186] [main/DEBUG] [mixin/]: Processing inject() for PlatformAgent[MixinPlatformAgentDefault:SecureJarResource(comforts)]
[06Aug2025 14:44:44.186] [main/DEBUG] [mixin/]: Processing inject() for PlatformAgent[MixinPlatformAgentDefault:SecureJarResource(artifacts)]
[06Aug2025 14:44:44.186] [main/DEBUG] [mixin/]: Processing inject() for PlatformAgent[MixinPlatformAgentDefault:SecureJarResource(badpackets)]
[06Aug2025 14:44:44.186] [main/DEBUG] [mixin/]: Processing inject() for PlatformAgent[MixinPlatformAgentDefault:SecureJarResource(dungeoncrawl)]
[06Aug2025 14:44:44.186] [main/DEBUG] [mixin/]: Processing inject() for PlatformAgent[MixinPlatformAgentDefault:SecureJarResource(orcz)]
[06Aug2025 14:44:44.186] [main/DEBUG] [mixin/]: Processing inject() for PlatformAgent[MixinPlatformAgentDefault:SecureJarResource(bosses_of_mass_destruction)]
[06Aug2025 14:44:44.186] [main/DEBUG] [mixin/]: Processing inject() for PlatformAgent[MixinPlatformAgentDefault:SecureJarResource(terralith)]
[06Aug2025 14:44:44.186] [main/DEBUG] [mixin/]: Processing inject() for PlatformAgent[MixinPlatformAgentDefault:SecureJarResource(memoryleakfix)]
[06Aug2025 14:44:44.186] [main/DEBUG] [mixin/]: Processing inject() for PlatformAgent[MixinPlatformAgentDefault:SecureJarResource(mythicmounts)]
[06Aug2025 14:44:44.186] [main/DEBUG] [mixin/]: Processing inject() for PlatformAgent[MixinPlatformAgentDefault:SecureJarResource(puzzlesaccessapi)]
[06Aug2025 14:44:44.186] [main/DEBUG] [mixin/]: Processing inject() for PlatformAgent[MixinPlatformAgentDefault:SecureJarResource(dungeons_arise_seven_seas)]
[06Aug2025 14:44:44.186] [main/DEBUG] [mixin/]: Processing inject() for PlatformAgent[MixinPlatformAgentDefault:SecureJarResource(forge)]
[06Aug2025 14:44:44.186] [main/DEBUG] [mixin/]: Processing inject() for PlatformAgent[MixinPlatformAgentDefault:SecureJarResource(tlskincape)]
[06Aug2025 14:44:44.186] [main/DEBUG] [mixin/]: Processing inject() for PlatformAgent[MixinPlatformAgentDefault:SecureJarResource(better_fishing_rods)]
[06Aug2025 14:44:44.186] [main/DEBUG] [mixin/]: Processing inject() for PlatformAgent[MixinPlatformAgentDefault:SecureJarResource(friendsandfoes)]
[06Aug2025 14:44:44.187] [main/DEBUG] [mixin/]: Processing inject() for PlatformAgent[MixinPlatformAgentDefault:SecureJarResource(dungeons_arise)]
[06Aug2025 14:44:44.187] [main/DEBUG] [mixin/]: Processing inject() for PlatformAgent[MixinPlatformAgentDefault:SecureJarResource(minecraft)]
[06Aug2025 14:44:44.187] [main/DEBUG] [mixin/]: Processing inject() for PlatformAgent[MixinPlatformAgentDefault:SecureJarResource(smoothchunk)]
[06Aug2025 14:44:44.187] [main/DEBUG] [mixin/]: Processing inject() for PlatformAgent[MixinPlatformAgentDefault:SecureJarResource(voicechat)]
[06Aug2025 14:44:44.187] [main/DEBUG] [mixin/]: Processing inject() for PlatformAgent[MixinPlatformAgentDefault:SecureJarResource(sound_physics_remastered)]
[06Aug2025 14:44:44.187] [main/DEBUG] [mixin/]: Processing inject() for PlatformAgent[MixinPlatformAgentDefault:SecureJarResource(simplyswords)]
[06Aug2025 14:44:44.187] [main/DEBUG] [mixin/]: Processing inject() for PlatformAgent[MixinPlatformAgentDefault:SecureJarResource(terrablender)]
[06Aug2025 14:44:44.187] [main/DEBUG] [mixin/]: Processing inject() for PlatformAgent[MixinPlatformAgentDefault:SecureJarResource(fabric_api_base)]
[06Aug2025 14:44:44.187] [main/DEBUG] [mixin/]: Processing inject() for PlatformAgent[MixinPlatformAgentDefault:SecureJarResource(creativecore)]
[06Aug2025 14:44:44.187] [main/DEBUG] [mixin/]: Processing inject() for PlatformAgent[MixinPlatformAgentDefault:SecureJarResource(ohthetreesyoullgrow)]
[06Aug2025 14:44:44.187] [main/DEBUG] [mixin/]: Processing inject() for PlatformAgent[MixinPlatformAgentDefault:SecureJarResource(spectrelib)]
[06Aug2025 14:44:44.187] [main/DEBUG] [mixin/]: Processing inject() for PlatformAgent[MixinPlatformAgentDefault:SecureJarResource(corgilib)]
[06Aug2025 14:44:44.187] [main/DEBUG] [mixin/]: Processing inject() for PlatformAgent[MixinPlatformAgentDefault:SecureJarResource(biomeswevegone)]
[06Aug2025 14:44:44.187] [main/DEBUG] [mixin/]: Processing inject() for PlatformAgent[MixinPlatformAgentDefault:SecureJarResource(securitycraft)]
[06Aug2025 14:44:44.187] [main/DEBUG] [mixin/]: Processing inject() for PlatformAgent[MixinPlatformAgentDefault:SecureJarResource(entityculling)]
[06Aug2025 14:44:44.187] [main/DEBUG] [mixin/]: Processing inject() for PlatformAgent[MixinPlatformAgentDefault:SecureJarResource(immediatelyfast)]
[06Aug2025 14:44:44.187] [main/DEBUG] [mixin/]: Processing inject() for PlatformAgent[MixinPlatformAgentDefault:SecureJarResource(creeperoverhaul)]
[06Aug2025 14:44:44.187] [main/DEBUG] [mixin/]: Processing inject() for PlatformAgent[MixinPlatformAgentDefault:SecureJarResource(ferritecore)]
[06Aug2025 14:44:44.187] [main/DEBUG] [mixin/]: Processing inject() for PlatformAgent[MixinPlatformAgentDefault:SecureJarResource(fabric_object_builder_api_v1)]
[06Aug2025 14:44:44.187] [main/DEBUG] [mixin/]: Processing inject() for PlatformAgent[MixinPlatformAgentDefault:SecureJarResource(yet_another_config_lib_v3)]
[06Aug2025 14:44:44.187] [main/DEBUG] [mixin/]: Processing inject() for PlatformAgent[MixinPlatformAgentDefault:SecureJarResource(puzzleslib)]
[06Aug2025 14:44:44.187] [main/DEBUG] [mixin/]: Processing inject() for PlatformAgent[MixinPlatformAgentDefault:SecureJarResource(justzoom)]
[06Aug2025 14:44:44.187] [main/DEBUG] [mixin/]: Processing inject() for PlatformAgent[MixinPlatformAgentDefault:SecureJarResource(addonslib)]
[06Aug2025 14:44:44.187] [main/DEBUG] [mixin/]: Processing inject() for PlatformAgent[MixinPlatformAgentDefault:SecureJarResource(expandability)]
[06Aug2025 14:44:44.187] [main/DEBUG] [mixin/]: Processing inject() for PlatformAgent[MixinPlatformAgentDefault:SecureJarResource(mclib)]
[06Aug2025 14:44:44.187] [main/DEBUG] [mixin/]: Processing inject() for PlatformAgent[MixinPlatformAgentDefault:SecureJarResource(org.quiltmc.parsers.json)]
[06Aug2025 14:44:44.187] [main/DEBUG] [mixin/]: Processing inject() for PlatformAgent[MixinPlatformAgentDefault:SecureJarResource(Registrate.MC1._20)]
[06Aug2025 14:44:44.187] [main/DEBUG] [mixin/]: Processing inject() for PlatformAgent[MixinPlatformAgentDefault:SecureJarResource(com.twelvemonkeys.imageio.webp)]
[06Aug2025 14:44:44.187] [main/DEBUG] [mixin/]: Processing inject() for PlatformAgent[MixinPlatformAgentDefault:SecureJarResource(com.twelvemonkeys.common.lang)]
[06Aug2025 14:44:44.187] [main/DEBUG] [mixin/]: Processing inject() for PlatformAgent[MixinPlatformAgentDefault:SecureJarResource(com.twelvemonkeys.imageio.metadata)]
[06Aug2025 14:44:44.187] [main/DEBUG] [mixin/]: Processing inject() for PlatformAgent[MixinPlatformAgentDefault:SecureJarResource(yabn)]
[06Aug2025 14:44:44.187] [main/DEBUG] [mixin/]: Processing inject() for PlatformAgent[MixinPlatformAgentDefault:SecureJarResource(org.quiltmc.parsers.gson)]
[06Aug2025 14:44:44.187] [main/DEBUG] [mixin/]: Processing inject() for PlatformAgent[MixinPlatformAgentDefault:SecureJarResource(Reflect)]
[06Aug2025 14:44:44.187] [main/DEBUG] [mixin/]: Processing inject() for PlatformAgent[MixinPlatformAgentDefault:SecureJarResource(endec)]
[06Aug2025 14:44:44.188] [main/DEBUG] [mixin/]: Processing inject() for PlatformAgent[MixinPlatformAgentDefault:SecureJarResource(bytecodecs)]
[06Aug2025 14:44:44.188] [main/DEBUG] [mixin/]: Processing inject() for PlatformAgent[MixinPlatformAgentDefault:SecureJarResource(com.twelvemonkeys.common.image)]
[06Aug2025 14:44:44.188] [main/DEBUG] [mixin/]: Processing inject() for PlatformAgent[MixinPlatformAgentDefault:SecureJarResource(com.twelvemonkeys.imageio.core)]
[06Aug2025 14:44:44.188] [main/DEBUG] [mixin/]: Processing inject() for PlatformAgent[MixinPlatformAgentDefault:SecureJarResource(netty_endec)]
[06Aug2025 14:44:44.188] [main/DEBUG] [mixin/]: Processing inject() for PlatformAgent[MixinPlatformAgentDefault:SecureJarResource(com.twelvemonkeys.common.io)]
[06Aug2025 14:44:44.188] [main/DEBUG] [mixin/]: Processing inject() for PlatformAgent[MixinPlatformAgentDefault:SecureJarResource(MixinExtras)]
[06Aug2025 14:44:44.188] [main/DEBUG] [mixin/]: Processing inject() for PlatformAgent[MixinPlatformAgentDefault:SecureJarResource(gson_endec)]
[06Aug2025 14:44:44.219] [main/DEBUG] [mixin/]: Preparing mixins for MixinEnvironment[PREINIT]
[06Aug2025 14:44:44.229] [main/INFO] [mixin/]: Successfully loaded Mixin Connector [org.tlauncher.MixinConnector]
[06Aug2025 14:44:44.230] [main/INFO] [mixin/]: Successfully loaded Mixin Connector [com.sonicether.soundphysics.MixinConnector]
[06Aug2025 14:44:44.232] [main/DEBUG] [mixin/]: Compatibility level JAVA_16 specified by tlskincape-mixins.json is higher than the maximum level supported by this version of mixin (JAVA_13).
[06Aug2025 14:44:44.235] [main/INFO] [cpw.mods.modlauncher.LaunchServiceHandler/MODLAUNCHER]: Launching target 'forgeserver' with arguments [nogui]
[06Aug2025 14:44:44.237] [main/DEBUG] [mixin/]: Preparing mixins for MixinEnvironment[DEFAULT]
[06Aug2025 14:44:44.237] [main/DEBUG] [mixin/]: Selecting config hexerei.mixins.json
[06Aug2025 14:44:44.242] [main/DEBUG] [mixin/]: Selecting config kuma_api.mixins.json
[06Aug2025 14:44:44.244] [main/DEBUG] [mixin/]: Selecting config kuma_api.forge.mixins.json
[06Aug2025 14:44:44.246] [main/DEBUG] [mixin/]: Selecting config easyanvils.common.mixins.json
[06Aug2025 14:44:44.250] [main/DEBUG] [mixin/]: Selecting config easyanvils.forge.mixins.json
[06Aug2025 14:44:44.252] [main/DEBUG] [mixin/]: Selecting config geckolib.mixins.json
[06Aug2025 14:44:44.254] [main/DEBUG] [mixin/]: Selecting config gpumemleakfix.mixins.json
[06Aug2025 14:44:44.257] [main/DEBUG] [mixin/]: Selecting config citadel.mixins.json
[06Aug2025 14:44:44.259] [main/DEBUG] [mixin/]: Selecting config fabric-data-attachment-api-v1.mixins.json
[06Aug2025 14:44:44.262] [main/DEBUG] [mixin/]: Selecting config fabric-data-attachment-api-v1.client.mixins.json
[06Aug2025 14:44:44.264] [main/DEBUG] [mixin/]: Selecting config mixinextras.init.mixins.json
[06Aug2025 14:44:44.298] [main/DEBUG] [MixinExtras|Service/]: com.llamalad7.mixinextras.service.MixinExtrasServiceImpl(version=0.4.1) is taking over from null
[06Aug2025 14:44:44.334] [main/DEBUG] [mixin/]: Registering new injector for @Inject with org.spongepowered.asm.mixin.injection.struct.CallbackInjectionInfo
[06Aug2025 14:44:44.337] [main/DEBUG] [mixin/]: Registering new injector for @ModifyArg with org.spongepowered.asm.mixin.injection.struct.ModifyArgInjectionInfo
[06Aug2025 14:44:44.338] [main/DEBUG] [mixin/]: Registering new injector for @ModifyArgs with org.spongepowered.asm.mixin.injection.struct.ModifyArgsInjectionInfo
[06Aug2025 14:44:44.341] [main/DEBUG] [mixin/]: Registering new injector for @Redirect with org.spongepowered.asm.mixin.injection.struct.RedirectInjectionInfo
[06Aug2025 14:44:44.342] [main/DEBUG] [mixin/]: Registering new injector for @ModifyVariable with org.spongepowered.asm.mixin.injection.struct.ModifyVariableInjectionInfo
[06Aug2025 14:44:44.343] [main/DEBUG] [mixin/]: Registering new injector for @ModifyConstant with org.spongepowered.asm.mixin.injection.struct.ModifyConstantInjectionInfo
[06Aug2025 14:44:44.354] [main/DEBUG] [mixin/]: Selecting config balm.mixins.json
[06Aug2025 14:44:44.356] [main/DEBUG] [mixin/]: Selecting config fpsreducer.mixins.json
[06Aug2025 14:44:44.359] [main/INFO] [fpsreducer/]: OptiFine was NOT detected.
[06Aug2025 14:44:44.361] [main/INFO] [fpsreducer/]: OptiFabric was NOT detected.
[06Aug2025 14:44:44.362] [main/DEBUG] [mixin/]: Selecting config carryon.mixins.json
[06Aug2025 14:44:44.364] [main/DEBUG] [mixin/]: Selecting config carryon.forge.mixins.json
[06Aug2025 14:44:44.366] [main/DEBUG] [mixin/]: Selecting config chat_heads.mixins.json
[06Aug2025 14:44:44.369] [main/DEBUG] [mixin/]: Selecting config chat_heads.forge.mixins.json
[06Aug2025 14:44:44.372] [main/DEBUG] [mixin/]: Selecting config emojiful.mixins.json
[06Aug2025 14:44:44.374] [main/DEBUG] [mixin/]: Selecting config konkrete.mixin.json
[06Aug2025 14:44:44.375] [main/DEBUG] [mixin/]: Selecting config embeddium.mixins.json
[06Aug2025 14:44:44.384] [main/INFO] [Embeddium/]: Loaded configuration file for Embeddium: 140 options available, 0 override(s) found
[06Aug2025 14:44:44.391] [main/DEBUG] [mixin/]: Selecting config athena.mixins.json
[06Aug2025 14:44:44.393] [main/DEBUG] [mixin/]: Selecting config athena-forge.mixins.json
[06Aug2025 14:44:44.395] [main/DEBUG] [mixin/]: Selecting config wthit.mixins.json
[06Aug2025 14:44:44.397] [main/DEBUG] [mixin/]: Selecting config cclayer.mixins.json
[06Aug2025 14:44:44.400] [main/DEBUG] [mixin/]: Selecting config cclayer_curios.mixins.json
[06Aug2025 14:44:44.402] [main/DEBUG] [mixin/]: Selecting config collective_forge.mixins.json
[06Aug2025 14:44:44.404] [main/DEBUG] [mixin/]: Selecting config cerbons_api.mixins.json
[06Aug2025 14:44:44.406] [main/WARN] [mixin/]: Reference map 'CerbonsAPI-Forge-1.20.1-forge-refmap.json' for cerbons_api.mixins.json could not be read. If this is a development environment you can ignore this message
[06Aug2025 14:44:44.407] [main/DEBUG] [mixin/]: Selecting config cerbons_api-common.mixins.json
[06Aug2025 14:44:44.409] [main/DEBUG] [mixin/]: Selecting config bettervillage.mixins.json
[06Aug2025 14:44:44.411] [main/DEBUG] [mixin/]: Selecting config tombstone.mixins.json
[06Aug2025 14:44:44.413] [main/DEBUG] [mixin/]: Selecting config fabric-entity-events-v1.mixins.json
[06Aug2025 14:44:44.416] [main/DEBUG] [mixin/]: Selecting config fabric-entity-events-v1.client.mixins.json
[06Aug2025 14:44:44.418] [main/DEBUG] [mixin/]: Selecting config accessories-common.mixins.json
[06Aug2025 14:44:44.421] [main/DEBUG] [mixin/]: Selecting config accessories-neoforge.mixins.json
[06Aug2025 14:44:44.423] [main/DEBUG] [mixin/]: Selecting config mixins.deeperdarker.json
[06Aug2025 14:44:44.425] [main/DEBUG] [mixin/]: Selecting config architectury.mixins.json
[06Aug2025 14:44:44.428] [main/DEBUG] [mixin/]: Selecting config architectury-common.mixins.json
[06Aug2025 14:44:44.430] [main/DEBUG] [mixin/]: Selecting config cupboard.mixins.json
[06Aug2025 14:44:44.433] [main/DEBUG] [mixin/]: Selecting config the_bumblezone-common.mixins.json
[06Aug2025 14:44:44.437] [main/DEBUG] [mixin/]: Selecting config the_bumblezone-forge.mixins.json
[06Aug2025 14:44:44.439] [main/DEBUG] [mixin/]: Selecting config inventorymanagement.mixins.json
[06Aug2025 14:44:44.442] [main/WARN] [mixin/]: Reference map 'inventory_management.refmap.json' for inventorymanagement.mixins.json could not be read. If this is a development environment you can ignore this message
[06Aug2025 14:44:44.443] [main/DEBUG] [mixin/]: Selecting config chas-common.mixins.json
[06Aug2025 14:44:44.445] [main/WARN] [mixin/]: Reference map 'CHA-S-common-refmap.json' for chas-common.mixins.json could not be read. If this is a development environment you can ignore this message
[06Aug2025 14:44:44.446] [main/DEBUG] [mixin/]: Selecting config chas.mixins.json
[06Aug2025 14:44:44.448] [main/DEBUG] [mixin/]: Selecting config playerrevive.mixins.json
[06Aug2025 14:44:44.450] [main/DEBUG] [mixin/]: Selecting config darkmodeeverywhere.mixins.json
[06Aug2025 14:44:44.452] [main/DEBUG] [mixin/]: Selecting config easymagic.common.mixins.json
[06Aug2025 14:44:44.456] [main/DEBUG] [mixin/]: Selecting config goblintraders.common.mixins.json
[06Aug2025 14:44:44.458] [main/DEBUG] [mixin/]: Selecting config waystones.mixins.json
[06Aug2025 14:44:44.460] [main/DEBUG] [mixin/]: Selecting config journeymap.mixins.json
[06Aug2025 14:44:44.462] [main/DEBUG] [mixin/]: Selecting config comforts.mixins.json
[06Aug2025 14:44:44.464] [main/DEBUG] [mixin/]: Selecting config mixins.artifacts.common.json
[06Aug2025 14:44:44.467] [main/DEBUG] [mixin/]: Selecting config mixins.artifacts.forge.json
[06Aug2025 14:44:44.469] [main/DEBUG] [mixin/]: Selecting config badpackets.mixins.json
[06Aug2025 14:44:44.471] [main/DEBUG] [mixin/]: Selecting config mixins.bosses_of_mass_destruction.json
[06Aug2025 14:44:44.473] [main/DEBUG] [mixin/]: Selecting config memoryleakfix.mixins.json
[06Aug2025 14:44:44.504] [main/DEBUG] [MixinExtras|Service/]: ca.fxco.memoryleakfix.mixinextras.service.MixinExtrasServiceImpl(version=0.3.2) is conceding to com.llamalad7.mixinextras.service.MixinExtrasServiceImpl(version=0.4.1)
[06Aug2025 14:44:44.511] [main/DEBUG] [mixin/]: Selecting config puzzlesaccessapi.common.mixins.json
[06Aug2025 14:44:44.514] [main/WARN] [mixin/]: Reference map 'puzzlesaccessapi.common.refmap.json' for puzzlesaccessapi.common.mixins.json could not be read. If this is a development environment you can ignore this message
[06Aug2025 14:44:44.515] [main/DEBUG] [mixin/]: Selecting config puzzlesaccessapi.forge.mixins.json
[06Aug2025 14:44:44.517] [main/DEBUG] [mixin/]: Selecting config friendsandfoes-common.mixins.json
[06Aug2025 14:44:44.523] [main/DEBUG] [mixin/]: Selecting config friendsandfoes-forge.mixins.json
[06Aug2025 14:44:44.525] [main/DEBUG] [mixin/]: Selecting config smoothchunk.mixins.json
[06Aug2025 14:44:44.527] [main/DEBUG] [mixin/]: Selecting config simplyswords-common.mixins.json
[06Aug2025 14:44:44.530] [main/DEBUG] [mixin/]: Selecting config simplyswords.mixins.json
[06Aug2025 14:44:44.533] [main/WARN] [mixin/]: Reference map 'simplyswords-forge-refmap.json' for simplyswords.mixins.json could not be read. If this is a development environment you can ignore this message
[06Aug2025 14:44:44.534] [main/DEBUG] [mixin/]: Selecting config terrablender.mixins.json
[06Aug2025 14:44:44.539] [main/DEBUG] [mixin/]: Selecting config terrablender_forge.mixins.json
[06Aug2025 14:44:44.542] [main/DEBUG] [mixin/]: Selecting config fabric-api-base.init.mixins.json
[06Aug2025 14:44:44.556] [main/DEBUG] [mixin/]: Selecting config creativecore.mixins.json
[06Aug2025 14:44:44.558] [main/DEBUG] [mixin/]: Selecting config creativecore.forge.mixins.json
[06Aug2025 14:44:44.560] [main/DEBUG] [mixin/]: Selecting config ohthetreesyoullgrow.mixins.json
[06Aug2025 14:44:44.562] [main/DEBUG] [mixin/]: Selecting config corgilib-common.mixins.json
[06Aug2025 14:44:44.564] [main/DEBUG] [mixin/]: Selecting config biomeswevegone-common.mixins.json
[06Aug2025 14:44:44.566] [main/DEBUG] [mixin/]: Selecting config biomeswevegone.mixins.json
[06Aug2025 14:44:44.568] [main/DEBUG] [mixin/]: Selecting config securitycraft.mixins.json
[06Aug2025 14:44:44.570] [main/DEBUG] [mixin/]: Selecting config entityculling.mixins.json
[06Aug2025 14:44:44.572] [main/DEBUG] [mixin/]: Selecting config immediatelyfast-forge.mixins.json
[06Aug2025 14:44:44.593] [main/DEBUG] [mixin/]: Selecting config immediatelyfast-common.mixins.json
[06Aug2025 14:44:44.596] [main/DEBUG] [mixin/]: Selecting config creeperoverhaul-common.mixins.json
[06Aug2025 14:44:44.597] [main/DEBUG] [mixin/]: Selecting config ferritecore.predicates.mixin.json
[06Aug2025 14:44:44.614] [main/DEBUG] [mixin/]: Selecting config ferritecore.fastmap.mixin.json
[06Aug2025 14:44:44.618] [main/DEBUG] [mixin/]: Selecting config ferritecore.mrl.mixin.json
[06Aug2025 14:44:44.620] [main/DEBUG] [mixin/]: Selecting config ferritecore.dedupmultipart.mixin.json
[06Aug2025 14:44:44.623] [main/DEBUG] [mixin/]: Selecting config ferritecore.blockstatecache.mixin.json
[06Aug2025 14:44:44.626] [main/DEBUG] [mixin/]: Selecting config ferritecore.dedupbakedquad.mixin.json
[06Aug2025 14:44:44.629] [main/DEBUG] [mixin/]: Selecting config ferritecore.threaddetec.mixin.json
[06Aug2025 14:44:44.632] [main/DEBUG] [mixin/]: Selecting config ferritecore.modelsides.mixin.json
[06Aug2025 14:44:44.635] [main/DEBUG] [mixin/]: Selecting config fabric-object-builder-v1.mixins.json
[06Aug2025 14:44:44.637] [main/DEBUG] [mixin/]: Selecting config yacl.mixins.json
[06Aug2025 14:44:44.639] [main/DEBUG] [mixin/]: Selecting config puzzleslib.common.mixins.json
[06Aug2025 14:44:44.666] [main/INFO] [Puzzles Lib/]: Loading 93 mods:
	- accessories 1.0.0-beta46+1.20.1
		|-- fabric_api_base 0.4.31+ef105b4977
		|-- fabric_data_attachment_api_v1 1.0.0+30ef839e77
		|-- fabric_entity_events_v1 1.6.0+6274ab9d77
		\-- fabric_object_builder_api_v1 11.1.3+2174fc8477
	- addonslib 1.20.1-1.4
	- alexsmobs 1.22.9
	- architectury 9.2.14
	- artifacts 9.5.16
		\-- expandability 9.0.4
	- badpackets 0.4.3
	- balm 7.3.31
		\-- kuma_api 20.1.10
	- better_fishing_rods 1.0.0
	- bettervillage 3.3.1
	- biomeswevegone 1.5.11
	- bosses_of_mass_destruction 1.1.2
	- carryon 2.1.2.7
		\-- mixinextras 0.2.0-beta.6
	- cerbons_api 1.1.0
	- chas 1.20
	- chat_heads 0.13.18
	- citadel 2.6.1
	- cloth_config 11.1.136
	- collective 8.3
	- comforts 6.4.0+1.20.1
		\-- spectrelib 0.13.15+1.20.1
	- corgilib 4.0.3.4
	- craftable_elytra_remastered 2.2
	- creativecore 2.12.32
	- creeperoverhaul 3.0.2
	- cupboard 1.20.1-2.7
	- curios 7.4.0+1.20.1
		\-- cclayer 0.beta.18
	- darkmodeeverywhere 1.20.1-1.2.4
	- deeperdarker 1.3.3
	- dungeoncrawl 2.3.15
	- dungeons_arise 2.1.58-1.20.x
	- dungeons_arise_seven_seas 1.0.2
	- dynamiclights 1.8.6+mod
	- easyanvils 8.0.2
	- easymagic 8.0.1
	- embeddium 0.3.31+mc1.20.1
		\-- rubidium 0.7.1
	- emojiful 4.2.0
	- entityculling 1.7.4
	- ferritecore 6.0.1
	- flib 0.0.15
	- forge 47.3.7
	- fpsreducer 1.20-2.5
	- framework 0.7.15
	- friendsandfoes 3.0.9
	- geckolib 4.7.1.3
	- goblintraders 1.9.3
	- gpumemleakfix 1.20.1-1.8
	- hexerei 1.20.1-0.4.2.3
	- immediatelyfast 1.5.0+1.20.4
	- incendium 5.3.5
	- inventorymanagement 1.0.3
	- jei 15.20.0.112
	- journeymap 5.10.3
	- justzoom 2.1.1
	- konkrete 1.8.0
	- libraryferret 4.0.0
	- mace_backport 8.1.7.2
	- mcwbyg 1.20.1-1.2.1
	- memoryleakfix 1.1.4
	- minecraft 1.20.1
	- morebows 1.0.13
	- mr_dungeons_andtaverns 3.0.3.f
	- mythicmounts 20.1-7.4.2-forge
	- ohthetreesyoullgrow 1.3.13
	- orcz 0.82
	- playerrevive 2.0.31
	- puzzleslib 8.1.32
		\-- puzzlesaccessapi 20.1.1
	- resourcefulconfig 2.1.3
	- resourcefullib 2.1.29
	- securitycraft 1.10.0.1
	- simplyswords 1.56.0-1.20.1
	- smoothchunk 1.20.1-4.1
	- sophisticatedbackpacks 3.23.19.1251
	- sophisticatedcore 1.2.69.1005
	- sound_physics_remastered 1.20.1-1.4.13
	- terrablender 3.0.1.10
	- terralith 2.5.4
	- the_bumblezone 7.8.0+1.20.1-forge
		\-- athena 3.1.1
	- tlskincape 1.32
	- tombstone 8.9.6
	- trapcraft 2.10.2
	- voicechat 1.20.1-2.5.30
	- waystones 14.1.13
	- wthit 8.16.3
		\-- waila 8.16.3
	- yet_another_config_lib_v3 3.6.6+1.20.1-forge
[06Aug2025 14:44:44.669] [main/DEBUG] [mixin/]: Selecting config puzzleslib.forge.mixins.json
[06Aug2025 14:44:44.672] [main/DEBUG] [mixin/]: Selecting config justzoom.mixins.json
[06Aug2025 14:44:44.676] [main/DEBUG] [mixin/]: Selecting config justzoom.forge.mixins.json
[06Aug2025 14:44:44.678] [main/DEBUG] [mixin/]: Selecting config expandability.mixins.json
[06Aug2025 14:44:44.679] [main/DEBUG] [mixin/]: Selecting config expandability-common.mixins.json
[06Aug2025 14:44:44.688] [main/DEBUG] [mixin/]: Selecting config tlskincape-mixins.json
[06Aug2025 14:44:44.696] [main/DEBUG] [mixin/]: Selecting config sound_physics_remastered.mixins.json
[06Aug2025 14:44:44.701] [main/DEBUG] [mixin/]: Preparing hexerei.mixins.json (14)
[06Aug2025 14:44:44.735] [main/DEBUG] [mixin/]: Preparing kuma_api.mixins.json (1)
[06Aug2025 14:44:44.736] [main/DEBUG] [mixin/]: Preparing kuma_api.forge.mixins.json (0)
[06Aug2025 14:44:44.736] [main/DEBUG] [mixin/]: Preparing easyanvils.common.mixins.json (5)
[06Aug2025 14:44:44.765] [main/DEBUG] [mixin/]: Preparing easyanvils.forge.mixins.json (0)
[06Aug2025 14:44:44.765] [main/DEBUG] [mixin/]: Preparing geckolib.mixins.json (1)
[06Aug2025 14:44:44.765] [main/DEBUG] [mixin/]: Preparing gpumemleakfix.mixins.json (1)
[06Aug2025 14:44:44.765] [main/DEBUG] [mixin/]: Preparing citadel.mixins.json (15)
[06Aug2025 14:44:44.867] [main/DEBUG] [mixin/]: Preparing fabric-data-attachment-api-v1.mixins.json (8)
[06Aug2025 14:44:44.929] [main/DEBUG] [mixin/]: Preparing fabric-data-attachment-api-v1.client.mixins.json (1)
[06Aug2025 14:44:44.929] [main/DEBUG] [mixin/]: Preparing mixinextras.init.mixins.json (0)
[06Aug2025 14:44:44.929] [main/DEBUG] [mixin/]: Preparing balm.mixins.json (16)
[06Aug2025 14:44:44.947] [main/DEBUG] [mixin/]: Preparing fpsreducer.mixins.json (2)
[06Aug2025 14:44:44.947] [main/DEBUG] [mixin/]: Preparing carryon.mixins.json (5)
[06Aug2025 14:44:44.965] [main/DEBUG] [mixin/]: Preparing carryon.forge.mixins.json (0)
[06Aug2025 14:44:44.965] [main/DEBUG] [mixin/]: Preparing chat_heads.mixins.json (14)
[06Aug2025 14:44:44.965] [main/DEBUG] [mixin/]: Preparing chat_heads.forge.mixins.json (4)
[06Aug2025 14:44:44.965] [main/DEBUG] [mixin/]: Preparing emojiful.mixins.json (1)
[06Aug2025 14:44:44.965] [main/DEBUG] [mixin/]: Preparing konkrete.mixin.json (5)
[06Aug2025 14:44:44.965] [main/DEBUG] [mixin/]: Preparing embeddium.mixins.json (0)
[06Aug2025 14:44:44.965] [main/DEBUG] [mixin/]: Preparing athena.mixins.json (1)
[06Aug2025 14:44:44.965] [main/DEBUG] [mixin/]: Preparing athena-forge.mixins.json (1)
[06Aug2025 14:44:44.965] [main/DEBUG] [mixin/]: Preparing wthit.mixins.json (21)
[06Aug2025 14:44:44.997] [main/DEBUG] [mixin/]: Preparing cclayer.mixins.json (12)
[06Aug2025 14:44:45.018] [main/DEBUG] [net.minecraftforge.coremod.transformer.CoreModBaseTransformer/COREMOD]: Transforming net/minecraft/world/item/ItemStack
[06Aug2025 14:44:45.054] [main/WARN] [mixin/]: Error loading class: com/aetherteam/aether/inventory/menu/AccessoriesMenu (java.lang.ClassNotFoundException: com.aetherteam.aether.inventory.menu.AccessoriesMenu)
[06Aug2025 14:44:45.054] [main/DEBUG] [mixin/]: Skipping virtual target com.aetherteam.aether.inventory.menu.AccessoriesMenu for cclayer.mixins.json:compat.AetherAccessoriesMenuMixin
[06Aug2025 14:44:45.058] [main/DEBUG] [mixin/]: Preparing cclayer_curios.mixins.json (2)
[06Aug2025 14:44:45.064] [main/DEBUG] [mixin/]: Preparing collective_forge.mixins.json (5)
[06Aug2025 14:44:45.071] [main/DEBUG] [mixin/]: Preparing cerbons_api.mixins.json (0)
[06Aug2025 14:44:45.071] [main/DEBUG] [mixin/]: Preparing cerbons_api-common.mixins.json (8)
[06Aug2025 14:44:45.086] [main/DEBUG] [mixin/]: Preparing bettervillage.mixins.json (2)
[06Aug2025 14:44:45.090] [main/DEBUG] [mixin/]: Preparing tombstone.mixins.json (27)
[06Aug2025 14:44:45.159] [main/DEBUG] [net.minecraftforge.coremod.transformer.CoreModBaseTransformer/COREMOD]: Transforming net/minecraft/world/entity/npc/Villager
[06Aug2025 14:44:45.468] [main/DEBUG] [mixin/]: Preparing fabric-entity-events-v1.mixins.json (9)
[06Aug2025 14:44:45.475] [main/DEBUG] [net.minecraftforge.coremod.transformer.CoreModBaseTransformer/COREMOD]: Transforming net/minecraft/world/entity/animal/frog/Tadpole
[06Aug2025 14:44:45.551] [main/DEBUG] [mixin/]: Preparing fabric-entity-events-v1.client.mixins.json (1)
[06Aug2025 14:44:45.551] [main/DEBUG] [mixin/]: Preparing accessories-common.mixins.json (29)
[06Aug2025 14:44:45.581] [main/ERROR] [net.minecraftforge.fml.loading.RuntimeDistCleaner/DISTXFORM]: Attempted to load class net/minecraft/client/renderer/LevelRenderer for invalid dist DEDICATED_SERVER
[06Aug2025 14:44:45.581] [main/WARN] [mixin/]: Error loading class: net/minecraft/client/renderer/LevelRenderer (java.lang.RuntimeException: Attempted to load class net/minecraft/client/renderer/LevelRenderer for invalid dist DEDICATED_SERVER)
[06Aug2025 14:44:45.582] [main/WARN] [mixin/]: @Mixin target net.minecraft.client.renderer.LevelRenderer was not found accessories-common.mixins.json:LevelRendererAccessor
[06Aug2025 14:44:45.596] [main/DEBUG] [mixin/]: Preparing accessories-neoforge.mixins.json (2)
[06Aug2025 14:44:45.597] [main/DEBUG] [mixin/]: Preparing mixins.deeperdarker.json (8)
[06Aug2025 14:44:45.625] [main/WARN] [mixin/]: Error loading class: net/minecraft/client/renderer/entity/PhantomRenderer (java.lang.ClassNotFoundException: net.minecraft.client.renderer.entity.PhantomRenderer)
[06Aug2025 14:44:45.625] [main/WARN] [mixin/]: @Mixin target net.minecraft.client.renderer.entity.PhantomRenderer was not found mixins.deeperdarker.json:PhantomRendererMixin
[06Aug2025 14:44:45.658] [main/DEBUG] [mixin/]: Preparing architectury.mixins.json (9)
[06Aug2025 14:44:45.666] [main/DEBUG] [mixin/]: Preparing architectury-common.mixins.json (10)
[06Aug2025 14:44:45.673] [main/DEBUG] [net.minecraftforge.coremod.transformer.CoreModBaseTransformer/COREMOD]: Transforming net/minecraft/world/item/BucketItem
[06Aug2025 14:44:45.680] [main/DEBUG] [net.minecraftforge.coremod.transformer.CoreModBaseTransformer/COREMOD]: Transforming net/minecraft/world/entity/EntityType
[06Aug2025 14:44:45.763] [main/DEBUG] [net.minecraftforge.coremod.transformer.CoreModBaseTransformer/COREMOD]: Transforming net/minecraft/world/level/block/LiquidBlock
[06Aug2025 14:44:45.768] [main/DEBUG] [mixin/]: Preparing cupboard.mixins.json (5)
[06Aug2025 14:44:45.777] [main/DEBUG] [mixin/]: Preparing the_bumblezone-common.mixins.json (99)
[06Aug2025 14:44:45.832] [main/DEBUG] [net.minecraftforge.coremod.transformer.CoreModBaseTransformer/COREMOD]: Transforming net/minecraft/world/effect/MobEffectInstance
[06Aug2025 14:44:45.863] [main/DEBUG] [net.minecraftforge.coremod.transformer.CoreModBaseTransformer/COREMOD]: Transforming net/minecraft/world/level/NaturalSpawner
[06Aug2025 14:44:45.958] [main/DEBUG] [net.minecraftforge.coremod.transformer.CoreModBaseTransformer/COREMOD]: Transforming net/minecraft/world/level/levelgen/structure/templatesystem/StructureTemplate
[06Aug2025 14:44:46.082] [main/DEBUG] [mixin/]: Preparing the_bumblezone-forge.mixins.json (17)
[06Aug2025 14:44:46.094] [main/DEBUG] [mixin/]: Preparing inventorymanagement.mixins.json (1)
[06Aug2025 14:44:46.094] [main/DEBUG] [mixin/]: Preparing chas-common.mixins.json (0)
[06Aug2025 14:44:46.094] [main/DEBUG] [mixin/]: Preparing chas.mixins.json (0)
[06Aug2025 14:44:46.094] [main/DEBUG] [mixin/]: Preparing playerrevive.mixins.json (5)
[06Aug2025 14:44:46.096] [main/DEBUG] [mixin/]: Preparing darkmodeeverywhere.mixins.json (3)
[06Aug2025 14:44:46.096] [main/DEBUG] [mixin/]: Preparing easymagic.common.mixins.json (5)
[06Aug2025 14:44:46.098] [main/DEBUG] [mixin/]: Preparing goblintraders.common.mixins.json (5)
[06Aug2025 14:44:46.101] [main/DEBUG] [mixin/]: Preparing waystones.mixins.json (3)
[06Aug2025 14:44:46.103] [main/DEBUG] [mixin/]: Preparing journeymap.mixins.json (3)
[06Aug2025 14:44:46.104] [main/DEBUG] [mixin/]: Preparing comforts.mixins.json (3)
[06Aug2025 14:44:46.106] [main/DEBUG] [mixin/]: Preparing mixins.artifacts.common.json (21)
[06Aug2025 14:44:46.112] [main/DEBUG] [mixin/]: Preparing mixins.artifacts.forge.json (3)
[06Aug2025 14:44:46.113] [main/DEBUG] [mixin/]: Preparing badpackets.mixins.json (4)
[06Aug2025 14:44:46.115] [main/DEBUG] [mixin/]: Preparing mixins.bosses_of_mass_destruction.json (6)
[06Aug2025 14:44:46.121] [main/DEBUG] [mixin/]: Preparing memoryleakfix.mixins.json (7)
[06Aug2025 14:44:46.126] [main/DEBUG] [net.minecraftforge.coremod.transformer.CoreModBaseTransformer/COREMOD]: Transforming net/minecraft/world/level/biome/Biome
[06Aug2025 14:44:46.131] [main/DEBUG] [mixin/]: Preparing puzzlesaccessapi.common.mixins.json (0)
[06Aug2025 14:44:46.131] [main/DEBUG] [mixin/]: Preparing puzzlesaccessapi.forge.mixins.json (0)
[06Aug2025 14:44:46.131] [main/DEBUG] [mixin/]: Preparing friendsandfoes-common.mixins.json (47)
[06Aug2025 14:44:46.160] [main/DEBUG] [net.minecraftforge.coremod.transformer.CoreModBaseTransformer/COREMOD]: Transforming net/minecraft/world/level/levelgen/PatrolSpawner
[06Aug2025 14:44:46.176] [main/DEBUG] [net.minecraftforge.coremod.transformer.CoreModBaseTransformer/COREMOD]: Transforming net/minecraft/world/entity/raid/Raid
[06Aug2025 14:44:46.263] [main/DEBUG] [mixin/]: Preparing friendsandfoes-forge.mixins.json (1)
[06Aug2025 14:44:46.264] [main/DEBUG] [mixin/]: Preparing smoothchunk.mixins.json (5)
[06Aug2025 14:44:46.277] [main/DEBUG] [mixin/]: Preparing simplyswords-common.mixins.json (2)
[06Aug2025 14:44:46.284] [main/DEBUG] [mixin/]: Preparing simplyswords.mixins.json (0)
[06Aug2025 14:44:46.284] [main/DEBUG] [mixin/]: Preparing terrablender.mixins.json (7)
[06Aug2025 14:44:46.293] [main/DEBUG] [mixin/]: Preparing terrablender_forge.mixins.json (0)
[06Aug2025 14:44:46.294] [main/DEBUG] [mixin/]: Preparing fabric-api-base.init.mixins.json (0)
[06Aug2025 14:44:46.295] [main/DEBUG] [mixin/]: Preparing creativecore.mixins.json (8)
[06Aug2025 14:44:46.303] [main/DEBUG] [mixin/]: Preparing creativecore.forge.mixins.json (3)
[06Aug2025 14:44:46.306] [main/DEBUG] [mixin/]: Preparing ohthetreesyoullgrow.mixins.json (4)
[06Aug2025 14:44:46.307] [main/DEBUG] [mixin/]: Preparing corgilib-common.mixins.json (8)
[06Aug2025 14:44:46.314] [main/DEBUG] [mixin/]: Preparing biomeswevegone-common.mixins.json (4)
[06Aug2025 14:44:46.325] [main/DEBUG] [mixin/]: Preparing biomeswevegone.mixins.json (0)
[06Aug2025 14:44:46.328] [main/DEBUG] [mixin/]: Preparing securitycraft.mixins.json (23)
[06Aug2025 14:44:46.353] [main/DEBUG] [mixin/]: Preparing entityculling.mixins.json (6)
[06Aug2025 14:44:46.354] [main/DEBUG] [mixin/]: Preparing immediatelyfast-forge.mixins.json (5)
[06Aug2025 14:44:46.354] [main/DEBUG] [mixin/]: Preparing immediatelyfast-common.mixins.json (33)
[06Aug2025 14:44:46.354] [main/DEBUG] [mixin/]: Preparing creeperoverhaul-common.mixins.json (1)
[06Aug2025 14:44:46.356] [main/DEBUG] [mixin/]: Preparing ferritecore.predicates.mixin.json (3)
[06Aug2025 14:44:46.356] [main/DEBUG] [mixin/]: Preparing ferritecore.fastmap.mixin.json (1)
[06Aug2025 14:44:46.360] [main/DEBUG] [mixin/]: Preparing ferritecore.mrl.mixin.json (2)
[06Aug2025 14:44:46.361] [main/DEBUG] [mixin/]: Preparing ferritecore.dedupmultipart.mixin.json (2)
[06Aug2025 14:44:46.361] [main/DEBUG] [mixin/]: Preparing ferritecore.blockstatecache.mixin.json (8)
[06Aug2025 14:44:46.372] [main/DEBUG] [mixin/]: Preparing ferritecore.dedupbakedquad.mixin.json (2)
[06Aug2025 14:44:46.372] [main/DEBUG] [mixin/]: Preparing ferritecore.threaddetec.mixin.json (1)
[06Aug2025 14:44:46.373] [main/DEBUG] [mixin/]: Preparing ferritecore.modelsides.mixin.json (1)
[06Aug2025 14:44:46.373] [main/DEBUG] [mixin/]: Preparing fabric-object-builder-v1.mixins.json (5)
[06Aug2025 14:44:46.380] [main/DEBUG] [mixin/]: Preparing yacl.mixins.json (5)
[06Aug2025 14:44:46.380] [main/DEBUG] [mixin/]: Preparing puzzleslib.common.mixins.json (7)
[06Aug2025 14:44:46.383] [main/DEBUG] [mixin/]: Preparing puzzleslib.forge.mixins.json (13)
[06Aug2025 14:44:46.398] [main/DEBUG] [mixin/]: Preparing justzoom.mixins.json (5)
[06Aug2025 14:44:46.399] [main/DEBUG] [mixin/]: Preparing justzoom.forge.mixins.json (0)
[06Aug2025 14:44:46.399] [main/DEBUG] [mixin/]: Preparing expandability.mixins.json (4)
[06Aug2025 14:44:46.399] [main/DEBUG] [mixin/]: Preparing expandability-common.mixins.json (9)
[06Aug2025 14:44:46.402] [main/DEBUG] [mixin/]: Preparing tlskincape-mixins.json (4)
[06Aug2025 14:44:46.405] [main/ERROR] [net.minecraftforge.fml.loading.RuntimeDistCleaner/DISTXFORM]: Attempted to load class net/minecraft/client/player/AbstractClientPlayer for invalid dist DEDICATED_SERVER
[06Aug2025 14:44:46.405] [main/WARN] [mixin/]: Error loading class: net/minecraft/client/player/AbstractClientPlayer (java.lang.RuntimeException: Attempted to load class net/minecraft/client/player/AbstractClientPlayer for invalid dist DEDICATED_SERVER)
[06Aug2025 14:44:46.406] [main/WARN] [mixin/]: @Mixin target net.minecraft.client.player.AbstractClientPlayer was not found tlskincape-mixins.json:MixinAbstractPlayer
[06Aug2025 14:44:46.408] [main/ERROR] [net.minecraftforge.fml.loading.RuntimeDistCleaner/DISTXFORM]: Attempted to load class net/minecraft/client/gui/screens/TitleScreen for invalid dist DEDICATED_SERVER
[06Aug2025 14:44:46.409] [main/WARN] [mixin/]: Error loading class: net/minecraft/client/gui/screens/TitleScreen (java.lang.RuntimeException: Attempted to load class net/minecraft/client/gui/screens/TitleScreen for invalid dist DEDICATED_SERVER)
[06Aug2025 14:44:46.409] [main/WARN] [mixin/]: @Mixin target net.minecraft.client.gui.screens.TitleScreen was not found tlskincape-mixins.json:MixinMainMenu
[06Aug2025 14:44:46.410] [main/WARN] [mixin/]: Error loading class: net/minecraft/client/model/PlayerModel (java.lang.ClassNotFoundException: net.minecraft.client.model.PlayerModel)
[06Aug2025 14:44:46.411] [main/WARN] [mixin/]: @Mixin target net.minecraft.client.model.PlayerModel was not found tlskincape-mixins.json:MixinPlayerModel
[06Aug2025 14:44:46.411] [main/DEBUG] [mixin/]: Preparing sound_physics_remastered.mixins.json (11)
[06Aug2025 14:44:46.419] [main/INFO] [memoryleakfix/]: [MemoryLeakFix] Will be applying 1 memory leak fixes!
[06Aug2025 14:44:46.419] [main/INFO] [memoryleakfix/]: [MemoryLeakFix] Currently enabled memory leak fixes: [biomeTemperatureLeak]
[06Aug2025 14:44:46.557] [main/DEBUG] [mixin/]: Inner class com/faboslav/friendsandfoes/common/mixin/LightningRodBlockMixin$1 in com/faboslav/friendsandfoes/common/mixin/LightningRodBlockMixin on net/minecraft/world/level/block/LightningRodBlock gets unique name net/minecraft/world/level/block/LightningRodBlock$Anonymous$53db636a212742489a89c7ae2bc4b7d6
[06Aug2025 14:44:46.599] [main/DEBUG] [mixin/]: Prepared 414 mixins in 2.361 sec (5.7ms avg) (0ms load, 0ms transform, 0ms plugin)
[06Aug2025 14:44:46.610] [main/INFO] [MixinExtras|Service/]: Initializing MixinExtras via com.llamalad7.mixinextras.service.MixinExtrasServiceImpl(version=0.4.1).
[06Aug2025 14:44:46.611] [main/DEBUG] [mixin/]: Registering new injector for @SugarWrapper with com.llamalad7.mixinextras.sugar.impl.SugarWrapperInjectionInfo
[06Aug2025 14:44:46.612] [main/DEBUG] [mixin/]: Registering new injector for @FactoryRedirectWrapper with com.llamalad7.mixinextras.wrapper.factory.FactoryRedirectWrapperInjectionInfo
[06Aug2025 14:44:46.616] [main/DEBUG] [mixin/]: Mixing MinecraftServerMixin from citadel.mixins.json into net.minecraft.server.MinecraftServer
[06Aug2025 14:44:46.626] [main/DEBUG] [mixin/]: Mixing MinecraftServerMixin from balm.mixins.json into net.minecraft.server.MinecraftServer
[06Aug2025 14:44:46.627] [main/DEBUG] [mixin/]: Renaming synthetic method lambda$reloadResources$0(Ljava/lang/Void;)V to md49d408$lambda$reloadResources$0$0 in balm.mixins.json:MinecraftServerMixin
[06Aug2025 14:44:46.708] [main/DEBUG] [mixin/]: Mixing DedicatedServerMixin from tombstone.mixins.json into net.minecraft.server.dedicated.DedicatedServer
[06Aug2025 14:44:46.736] [main/DEBUG] [io.netty.util.internal.logging.InternalLoggerFactory/]: Using SLF4J as the default logging framework
[06Aug2025 14:44:46.739] [main/DEBUG] [io.netty.util.ResourceLeakDetector/]: -Dio.netty.leakDetection.level: simple
[06Aug2025 14:44:46.739] [main/DEBUG] [io.netty.util.ResourceLeakDetector/]: -Dio.netty.leakDetection.targetRecords: 4
[06Aug2025 14:44:46.920] [main/DEBUG] [oshi.util.FileUtil/]: No oshi.properties file found from ClassLoader cpw.mods.modlauncher.TransformingClassLoader@2519026b
[06Aug2025 14:44:46.921] [main/DEBUG] [oshi.util.FileUtil/]: No oshi.properties file found from ClassLoader jdk.internal.loader.ClassLoaders$AppClassLoader@76ed5528
[06Aug2025 14:44:46.981] [main/DEBUG] [oshi.util.FileUtil/]: Reading file /proc/self/auxv
[06Aug2025 14:44:46.981] [main/DEBUG] [oshi.util.FileUtil/]: Reading file /proc/self/auxv
[06Aug2025 14:44:46.988] [main/DEBUG] [oshi.util.FileUtil/]: Reading file /proc/stat
[06Aug2025 14:44:46.996] [main/DEBUG] [oshi.util.FileUtil/]: Reading file /sys/devices/system/cpu/cpu0/topology/core_id
[06Aug2025 14:44:46.996] [main/DEBUG] [oshi.util.FileUtil/]: Reading file /sys/devices/system/cpu/cpu0/topology/core_id
[06Aug2025 14:44:46.996] [main/DEBUG] [oshi.util.FileUtil/]: Reading file /sys/devices/system/cpu/cpu0/topology/physical_package_id
[06Aug2025 14:44:46.996] [main/DEBUG] [oshi.util.FileUtil/]: Reading file /sys/devices/system/cpu/cpu0/topology/physical_package_id
[06Aug2025 14:44:46.996] [main/DEBUG] [oshi.util.FileUtil/]: Reading file /sys/devices/system/cpu/cpu0/cpu_capacity
[06Aug2025 14:44:46.998] [main/DEBUG] [oshi.util.FileUtil/]: Reading file /sys/devices/system/cpu/cpu1/topology/core_id
[06Aug2025 14:44:46.998] [main/DEBUG] [oshi.util.FileUtil/]: Reading file /sys/devices/system/cpu/cpu1/topology/core_id
[06Aug2025 14:44:46.998] [main/DEBUG] [oshi.util.FileUtil/]: Reading file /sys/devices/system/cpu/cpu1/topology/physical_package_id
[06Aug2025 14:44:46.998] [main/DEBUG] [oshi.util.FileUtil/]: Reading file /sys/devices/system/cpu/cpu1/topology/physical_package_id
[06Aug2025 14:44:46.998] [main/DEBUG] [oshi.util.FileUtil/]: Reading file /sys/devices/system/cpu/cpu1/cpu_capacity
[06Aug2025 14:44:46.998] [main/DEBUG] [oshi.util.FileUtil/]: Reading file /sys/devices/system/cpu/cpu2/topology/core_id
[06Aug2025 14:44:46.998] [main/DEBUG] [oshi.util.FileUtil/]: Reading file /sys/devices/system/cpu/cpu2/topology/core_id
[06Aug2025 14:44:46.998] [main/DEBUG] [oshi.util.FileUtil/]: Reading file /sys/devices/system/cpu/cpu2/topology/physical_package_id
[06Aug2025 14:44:46.999] [main/DEBUG] [oshi.util.FileUtil/]: Reading file /sys/devices/system/cpu/cpu2/topology/physical_package_id
[06Aug2025 14:44:46.999] [main/DEBUG] [oshi.util.FileUtil/]: Reading file /sys/devices/system/cpu/cpu2/cpu_capacity
[06Aug2025 14:44:46.999] [main/DEBUG] [oshi.util.FileUtil/]: Reading file /sys/devices/system/cpu/cpu3/topology/core_id
[06Aug2025 14:44:46.999] [main/DEBUG] [oshi.util.FileUtil/]: Reading file /sys/devices/system/cpu/cpu3/topology/core_id
[06Aug2025 14:44:46.999] [main/DEBUG] [oshi.util.FileUtil/]: Reading file /sys/devices/system/cpu/cpu3/topology/physical_package_id
[06Aug2025 14:44:46.999] [main/DEBUG] [oshi.util.FileUtil/]: Reading file /sys/devices/system/cpu/cpu3/topology/physical_package_id
[06Aug2025 14:44:46.999] [main/DEBUG] [oshi.util.FileUtil/]: Reading file /sys/devices/system/cpu/cpu3/cpu_capacity
[06Aug2025 14:44:47.001] [main/DEBUG] [oshi.util.FileUtil/]: Reading file /proc/cpuinfo
[06Aug2025 14:44:47.010] [main/DEBUG] [oshi.util.FileUtil/]: Reading file /proc/self/auxv
[06Aug2025 14:44:47.013] [main/DEBUG] [oshi.util.FileUtil/]: No oshi.architecture.properties file found from ClassLoader cpw.mods.modlauncher.TransformingClassLoader@2519026b
[06Aug2025 14:44:47.013] [main/DEBUG] [oshi.util.FileUtil/]: No oshi.architecture.properties file found from ClassLoader jdk.internal.loader.ClassLoaders$AppClassLoader@76ed5528
[06Aug2025 14:44:47.028] [main/DEBUG] [oshi.util.FileUtil/]: Reading file /proc/meminfo
[06Aug2025 14:44:47.028] [main/DEBUG] [oshi.util.FileUtil/]: Reading file /proc/meminfo
[06Aug2025 14:44:47.066] [main/DEBUG] [mixin/]: Mixing MixinBuiltInRegistries from terrablender.mixins.json into net.minecraft.core.registries.BuiltInRegistries
[06Aug2025 14:44:47.067] [main/DEBUG] [mixin/]: Renaming synthetic method lambda$registerSimple$0(Lnet/minecraft/core/registries/BuiltInRegistries$RegistryBootstrap;Lnet/minecraft/core/Registry;)Ljava/lang/Object; to md49d408$lambda$registerSimple$0$0 in terrablender.mixins.json:MixinBuiltInRegistries
[06Aug2025 14:44:47.141] [main/DEBUG] [mixin/]: Mixing inject.MixinGameEvent from architectury-common.mixins.json into net.minecraft.world.level.gameevent.GameEvent
[06Aug2025 14:44:47.150] [main/DEBUG] [mixin/]: Mixing SoundEventMixin from sound_physics_remastered.mixins.json into net.minecraft.sounds.SoundEvent
[06Aug2025 14:44:47.168] [main/DEBUG] [mixin/]: Mixing accessor.ForgeRegistryForgeAccessor from puzzleslib.forge.mixins.json into net.minecraftforge.registries.ForgeRegistry
[06Aug2025 14:44:47.190] [main/DEBUG] [mixin/]: Mixing inject.MixinBlock from architectury-common.mixins.json into net.minecraft.world.level.block.Block
[06Aug2025 14:44:47.190] [main/DEBUG] [mixin/]: Mixing accessor.BlockAccessor from puzzleslib.common.mixins.json into net.minecraft.world.level.block.Block
[06Aug2025 14:44:47.190] [main/DEBUG] [mixin/]: Mixing LightningRodBlockBlockMixin from friendsandfoes-common.mixins.json into net.minecraft.world.level.block.Block
[06Aug2025 14:44:47.203] [main/DEBUG] [mixin/]: Mixing AbstractBlockAccessor from fabric-object-builder-v1.mixins.json into net.minecraft.world.level.block.state.BlockBehaviour
[06Aug2025 14:44:47.203] [main/DEBUG] [mixin/]: fabric-object-builder-v1.mixins.json:AbstractBlockAccessor: Class version 61 required is higher than the class version supported by the current version of Mixin (JAVA_16 supports class version 60)
[06Aug2025 14:44:47.204] [main/DEBUG] [mixin/]: Mixing LightningRodAbstractBlockMixin from friendsandfoes-common.mixins.json into net.minecraft.world.level.block.state.BlockBehaviour
[06Aug2025 14:44:47.213] [main/DEBUG] [mixin/]: Mixing BlockStateBaseMixin from ferritecore.blockstatecache.mixin.json into net.minecraft.world.level.block.state.BlockBehaviour$BlockStateBase
[06Aug2025 14:44:47.215] [main/DEBUG] [mixin/]: Mixing fluidcollision.BlockStateBaseMixin from expandability-common.mixins.json into net.minecraft.world.level.block.state.BlockBehaviour$BlockStateBase
[06Aug2025 14:44:47.229] [main/DEBUG] [mixin/]: Mixing FastMapStateHolderMixin from ferritecore.fastmap.mixin.json into net.minecraft.world.level.block.state.StateHolder
[06Aug2025 14:44:47.258] [main/DEBUG] [mixin/]: Mixing EntityLoadMixin from cupboard.mixins.json into net.minecraft.world.entity.Entity
[06Aug2025 14:44:47.268] [main/DEBUG] [mixin/]: Mixing AttachmentTargetsMixin from fabric-data-attachment-api-v1.mixins.json into net.minecraft.world.entity.Entity
[06Aug2025 14:44:47.283] [main/DEBUG] [mixin/]: Mixing EntityMixin from fabric-data-attachment-api-v1.mixins.json into net.minecraft.world.entity.Entity
[06Aug2025 14:44:47.284] [main/DEBUG] [mixin/]: Mixing EntityMixin from balm.mixins.json into net.minecraft.world.entity.Entity
[06Aug2025 14:44:47.286] [main/DEBUG] [mixin/]: Mixing EntityMixin from carryon.mixins.json into net.minecraft.world.entity.Entity
[06Aug2025 14:44:47.301] [main/DEBUG] [mixin/]: Mixing EntityAccess from wthit.mixins.json into net.minecraft.world.entity.Entity
[06Aug2025 14:44:47.301] [main/DEBUG] [mixin/]: wthit.mixins.json:EntityAccess: Class version 61 required is higher than the class version supported by the current version of Mixin (JAVA_16 supports class version 60)
[06Aug2025 14:44:47.301] [main/DEBUG] [mixin/]: Mixing AccessorEntity from cclayer_curios.mixins.json into net.minecraft.world.entity.Entity
[06Aug2025 14:44:47.301] [main/DEBUG] [mixin/]: Mixing multipart_entities.EntityMixin from cerbons_api-common.mixins.json into net.minecraft.world.entity.Entity
[06Aug2025 14:44:47.304] [main/DEBUG] [mixin/]: Mixing EntityMixin from tombstone.mixins.json into net.minecraft.world.entity.Entity
[06Aug2025 14:44:47.313] [main/DEBUG] [mixin/]: Mixing EntityMixin from fabric-entity-events-v1.mixins.json into net.minecraft.world.entity.Entity
[06Aug2025 14:44:47.313] [main/DEBUG] [mixin/]: fabric-entity-events-v1.mixins.json:EntityMixin: Class version 61 required is higher than the class version supported by the current version of Mixin (JAVA_16 supports class version 60)
[06Aug2025 14:44:47.316] [main/DEBUG] [mixin/]: Mixing entities.EntityAccessor from the_bumblezone-common.mixins.json into net.minecraft.world.entity.Entity
[06Aug2025 14:44:47.316] [main/DEBUG] [mixin/]: Mixing item.umbrella.EntityMixin from mixins.artifacts.common.json into net.minecraft.world.entity.Entity
[06Aug2025 14:44:47.319] [main/DEBUG] [mixin/]: Mixing item.wearable.aquadashers.EntityMixin from mixins.artifacts.common.json into net.minecraft.world.entity.Entity
[06Aug2025 14:44:47.337] [main/DEBUG] [mixin/]: Mixing MixinEntity from corgilib-common.mixins.json into net.minecraft.world.entity.Entity
[06Aug2025 14:44:47.339] [main/DEBUG] [mixin/]: Mixing swimming.EntityMixin from expandability.mixins.json into net.minecraft.world.entity.Entity
[06Aug2025 14:44:47.344] [main/DEBUG] [mixin/]: Mixing swimming.EntityMixin from expandability-common.mixins.json into net.minecraft.world.entity.Entity
[06Aug2025 14:44:47.365] [main/DEBUG] [mixin/]: Mixing EntityMixin from sound_physics_remastered.mixins.json into net.minecraft.world.entity.Entity
[06Aug2025 14:44:47.368] [main/DEBUG] [mixin/]: Mixing entities.EntityMixin from the_bumblezone-common.mixins.json into net.minecraft.world.entity.Entity
[06Aug2025 14:44:47.398] [main/DEBUG] [mixin/]: Mixing entity.EntityMixin from the_bumblezone-forge.mixins.json into net.minecraft.world.entity.Entity
[06Aug2025 14:44:47.586] [main/DEBUG] [mixin/]: Mixing entities.LaterLivingEntityMixin from the_bumblezone-common.mixins.json into net.minecraft.world.entity.LivingEntity
[06Aug2025 14:44:47.589] [main/DEBUG] [mixin/]: Mixing LivingEntityMixin from citadel.mixins.json into net.minecraft.world.entity.LivingEntity
[06Aug2025 14:44:47.595] [main/DEBUG] [mixin/]: Mixing LivingEntityMixin from tombstone.mixins.json into net.minecraft.world.entity.LivingEntity
[06Aug2025 14:44:47.606] [main/DEBUG] [mixin/]: Mixing LivingEntityMixin from fabric-entity-events-v1.mixins.json into net.minecraft.world.entity.LivingEntity
[06Aug2025 14:44:47.607] [main/DEBUG] [mixin/]: fabric-entity-events-v1.mixins.json:LivingEntityMixin: Class version 61 required is higher than the class version supported by the current version of Mixin (JAVA_16 supports class version 60)
[06Aug2025 14:44:47.626] [main/DEBUG] [mixin/]: Mixing elytra.LivingEntityMixin from fabric-entity-events-v1.mixins.json into net.minecraft.world.entity.LivingEntity
[06Aug2025 14:44:47.626] [main/DEBUG] [mixin/]: fabric-entity-events-v1.mixins.json:elytra.LivingEntityMixin: Class version 61 required is higher than the class version supported by the current version of Mixin (JAVA_16 supports class version 60)
[06Aug2025 14:44:47.630] [main/DEBUG] [mixin/]: Mixing LivingEntityAccessor from accessories-common.mixins.json into net.minecraft.world.entity.LivingEntity
[06Aug2025 14:44:47.630] [main/DEBUG] [mixin/]: Mixing LivingEntityMixin from accessories-common.mixins.json into net.minecraft.world.entity.LivingEntity
[06Aug2025 14:44:47.642] [main/DEBUG] [mixin/]: Mixing entities.LivingEntityAccessor from the_bumblezone-common.mixins.json into net.minecraft.world.entity.LivingEntity
[06Aug2025 14:44:47.643] [main/DEBUG] [mixin/]: Mixing accessors.LivingEntityAccessor from mixins.artifacts.common.json into net.minecraft.world.entity.LivingEntity
[06Aug2025 14:44:47.643] [main/DEBUG] [mixin/]: Mixing item.hurtsound.LivingEntityMixin from mixins.artifacts.common.json into net.minecraft.world.entity.LivingEntity
[06Aug2025 14:44:47.645] [main/DEBUG] [mixin/]: Mixing item.wearable.chorustotem.LivingEntityMixin from mixins.artifacts.common.json into net.minecraft.world.entity.LivingEntity
[06Aug2025 14:44:47.669] [main/DEBUG] [mixin/]: Mixing item.wearable.snowshoes.LivingEntityMixin from mixins.artifacts.forge.json into net.minecraft.world.entity.LivingEntity
[06Aug2025 14:44:47.672] [main/DEBUG] [mixin/]: Mixing LivingEntityMixin from mixins.bosses_of_mass_destruction.json into net.minecraft.world.entity.LivingEntity
[06Aug2025 14:44:47.673] [main/DEBUG] [mixin/]: Mixing BlazeLivingEntityMixin from friendsandfoes-common.mixins.json into net.minecraft.world.entity.LivingEntity
[06Aug2025 14:44:47.674] [main/DEBUG] [mixin/]: Mixing LivingEntityMixin from friendsandfoes-common.mixins.json into net.minecraft.world.entity.LivingEntity
[06Aug2025 14:44:47.693] [main/DEBUG] [mixin/]: Mixing LivingEntityMixin from simplyswords-common.mixins.json into net.minecraft.world.entity.LivingEntity
[06Aug2025 14:44:47.723] [main/DEBUG] [mixin/]: Mixing swimming.LivingEntityMixin from expandability.mixins.json into net.minecraft.world.entity.LivingEntity
[06Aug2025 14:44:47.726] [main/DEBUG] [mixin/]: Mixing swimming.LivingEntityMixin from expandability-common.mixins.json into net.minecraft.world.entity.LivingEntity
[06Aug2025 14:44:47.731] [main/DEBUG] [mixin/]: Mixing entities.LivingEntityMixin from the_bumblezone-common.mixins.json into net.minecraft.world.entity.LivingEntity
[06Aug2025 14:44:47.946] [main/DEBUG] [mixin/]: Mixing LevelMixin from citadel.mixins.json into net.minecraft.world.level.Level
[06Aug2025 14:44:47.949] [main/DEBUG] [mixin/]: Mixing AttachmentTargetsMixin from fabric-data-attachment-api-v1.mixins.json into net.minecraft.world.level.Level
[06Aug2025 14:44:47.957] [main/DEBUG] [mixin/]: Mixing world.LevelMixin from the_bumblezone-common.mixins.json into net.minecraft.world.level.Level
[06Aug2025 14:44:47.990] [main/DEBUG] [mixin/]: Mixing ServerAddEntityMixin from cupboard.mixins.json into net.minecraft.server.level.ServerLevel
[06Aug2025 14:44:47.999] [main/DEBUG] [mixin/]: Mixing ServerLevelMixin from citadel.mixins.json into net.minecraft.server.level.ServerLevel
[06Aug2025 14:44:48.001] [main/DEBUG] [mixin/]: Mixing ServerWorldMixin from fabric-data-attachment-api-v1.mixins.json into net.minecraft.server.level.ServerLevel
[06Aug2025 14:44:48.001] [main/DEBUG] [mixin/]: Renaming synthetic method lambda$createAttachmentsPersistentState$1(Lnet/minecraft/server/level/ServerLevel;)Lnet/fabricmc/fabric/impl/attachment/AttachmentPersistentState; to md49d408$lambda$createAttachmentsPersistentState$1$0 in fabric-data-attachment-api-v1.mixins.json:ServerWorldMixin
[06Aug2025 14:44:48.001] [main/DEBUG] [mixin/]: Renaming synthetic method lambda$createAttachmentsPersistentState$0(Lnet/minecraft/server/level/ServerLevel;Lnet/minecraft/nbt/CompoundTag;)Lnet/fabricmc/fabric/impl/attachment/AttachmentPersistentState; to md49d408$lambda$createAttachmentsPersistentState$0$1 in fabric-data-attachment-api-v1.mixins.json:ServerWorldMixin
[06Aug2025 14:44:48.004] [main/DEBUG] [mixin/]: Mixing world.ServerWorldMixin from the_bumblezone-common.mixins.json into net.minecraft.server.level.ServerLevel
[06Aug2025 14:44:48.009] [main/DEBUG] [mixin/]: Mixing MixinServerSleepStatus from comforts.mixins.json into net.minecraft.server.level.ServerLevel
[06Aug2025 14:44:48.012] [main/DEBUG] [mixin/]: Mixing ExplosionMixin from mixins.bosses_of_mass_destruction.json into net.minecraft.server.level.ServerLevel
[06Aug2025 14:44:48.014] [main/DEBUG] [mixin/]: Mixing ServerWorldAccessor from friendsandfoes-common.mixins.json into net.minecraft.server.level.ServerLevel
[06Aug2025 14:44:48.014] [main/DEBUG] [mixin/]: Mixing ServerWorldMixin from friendsandfoes-common.mixins.json into net.minecraft.server.level.ServerLevel
[06Aug2025 14:44:48.015] [main/DEBUG] [mixin/]: Discarding sythetic bridge method synthetic in m_6325_ because existing method in friendsandfoes-common.mixins.json:ServerWorldMixin is compatible
[06Aug2025 14:44:48.015] [main/DEBUG] [mixin/]: Renaming synthetic method lambda$friendsandfoes_getLightningRodPos$2(Lnet/minecraft/core/BlockPos;)Lnet/minecraft/core/BlockPos; to md49d408$lambda$friendsandfoes_getLightningRodPos$2$2 in friendsandfoes-common.mixins.json:ServerWorldMixin
[06Aug2025 14:44:48.016] [main/DEBUG] [mixin/]: Renaming synthetic method lambda$friendsandfoes_getLightningRodPos$1(Lnet/minecraft/core/BlockPos;)Z to md49d408$lambda$friendsandfoes_getLightningRodPos$1$3 in friendsandfoes-common.mixins.json:ServerWorldMixin
[06Aug2025 14:44:48.017] [main/DEBUG] [mixin/]: Renaming synthetic method lambda$friendsandfoes_getLightningRodPos$0(Lnet/minecraft/core/Holder;)Z to md49d408$lambda$friendsandfoes_getLightningRodPos$0$4 in friendsandfoes-common.mixins.json:ServerWorldMixin
[06Aug2025 14:44:48.033] [main/DEBUG] [mixin/]: Mixing MixinServerLevel from ohthetreesyoullgrow.mixins.json into net.minecraft.server.level.ServerLevel
[06Aug2025 14:44:48.034] [main/DEBUG] [mixin/]: Discarding sythetic bridge method synthetic in m_6325_ because existing method in ohthetreesyoullgrow.mixins.json:MixinServerLevel is compatible
[06Aug2025 14:44:48.034] [main/DEBUG] [mixin/]: Renaming synthetic method lambda$tickScheduledRandomTicks$0(Lnet/minecraft/world/level/chunk/LevelChunk;Lnet/minecraft/core/BlockPos;)V to md49d408$lambda$tickScheduledRandomTicks$0$5 in ohthetreesyoullgrow.mixins.json:MixinServerLevel
[06Aug2025 14:44:48.036] [main/DEBUG] [mixin/]: Mixing MixinServerLevel from corgilib-common.mixins.json into net.minecraft.server.level.ServerLevel
[06Aug2025 14:44:48.036] [main/DEBUG] [mixin/]: Discarding sythetic bridge method synthetic in m_6325_ because existing method in corgilib-common.mixins.json:MixinServerLevel is compatible
[06Aug2025 14:44:48.036] [main/DEBUG] [mixin/]: Renaming synthetic method lambda$tickScheduledRandomTicks$0(Lnet/minecraft/world/level/chunk/LevelChunk;Lnet/minecraft/core/BlockPos;)V to md49d408$lambda$tickScheduledRandomTicks$0$6 in corgilib-common.mixins.json:MixinServerLevel
[06Aug2025 14:44:48.117] [main/DEBUG] [mixin/]: Mixing entities.ItemEntityAccessor from the_bumblezone-common.mixins.json into net.minecraft.world.entity.item.ItemEntity
[06Aug2025 14:44:48.123] [main/DEBUG] [mixin/]: Mixing PlayerMixin from carryon.mixins.json into net.minecraft.world.entity.player.Player
[06Aug2025 14:44:48.126] [main/DEBUG] [mixin/]: Mixing PlayerEntityMixin from fabric-entity-events-v1.mixins.json into net.minecraft.world.entity.player.Player
[06Aug2025 14:44:48.127] [main/DEBUG] [mixin/]: fabric-entity-events-v1.mixins.json:PlayerEntityMixin: Class version 61 required is higher than the class version supported by the current version of Mixin (JAVA_16 supports class version 60)
[06Aug2025 14:44:48.128] [main/DEBUG] [mixin/]: Mixing elytra.PlayerEntityMixin from fabric-entity-events-v1.mixins.json into net.minecraft.world.entity.player.Player
[06Aug2025 14:44:48.128] [main/DEBUG] [mixin/]: fabric-entity-events-v1.mixins.json:elytra.PlayerEntityMixin: Class version 61 required is higher than the class version supported by the current version of Mixin (JAVA_16 supports class version 60)
[06Aug2025 14:44:48.131] [main/DEBUG] [mixin/]: Mixing entities.PlayerMixin from the_bumblezone-common.mixins.json into net.minecraft.world.entity.player.Player
[06Aug2025 14:44:48.132] [main/DEBUG] [mixin/]: Mixing entities.PlayerTimeInAirMixin from the_bumblezone-common.mixins.json into net.minecraft.world.entity.player.Player
[06Aug2025 14:44:48.139] [main/DEBUG] [mixin/]: Mixing items.HoneyShieldPlayerMixin from the_bumblezone-common.mixins.json into net.minecraft.world.entity.player.Player
[06Aug2025 14:44:48.143] [main/DEBUG] [mixin/]: Mixing items.PlayerDamageShieldInvoker from the_bumblezone-common.mixins.json into net.minecraft.world.entity.player.Player
[06Aug2025 14:44:48.143] [main/DEBUG] [mixin/]: Mixing PlayerMixin from playerrevive.mixins.json into net.minecraft.world.entity.player.Player
[06Aug2025 14:44:48.149] [main/DEBUG] [mixin/]: Mixing accessor.PlayerAccessor from easymagic.common.mixins.json into net.minecraft.world.entity.player.Player
[06Aug2025 14:44:48.149] [main/DEBUG] [mixin/]: Mixing AccessorPlayer from comforts.mixins.json into net.minecraft.world.entity.player.Player
[06Aug2025 14:44:48.150] [main/DEBUG] [mixin/]: Mixing PlayerEntityMixin from friendsandfoes-common.mixins.json into net.minecraft.world.entity.player.Player
[06Aug2025 14:44:48.178] [main/DEBUG] [mixin/]: Mixing swimming.PlayerMixin from expandability-common.mixins.json into net.minecraft.world.entity.player.Player
[06Aug2025 14:44:48.180] [main/DEBUG] [mixin/]: Mixing MixinPlayer from tlskincape-mixins.json into net.minecraft.world.entity.player.Player
[06Aug2025 14:44:48.180] [main/DEBUG] [mixin/]: tlskincape-mixins.json:MixinPlayer: Class version 61 required is higher than the class version supported by the current version of Mixin (JAVA_16 supports class version 60)
[06Aug2025 14:44:48.243] [main/DEBUG] [mixin/]: Mixing inject.MixinFluid from architectury-common.mixins.json into net.minecraft.world.level.material.Fluid
[06Aug2025 14:44:48.248] [main/DEBUG] [mixin/]: Mixing ItemMixin from tombstone.mixins.json into net.minecraft.world.item.Item
[06Aug2025 14:44:48.249] [main/DEBUG] [mixin/]: Renaming synthetic method lambda$methodIsFoil$1(Lnet/minecraft/world/item/ItemStack;Lovh/corail/tombstone/api/capability/ISoulConsumer;)Ljava/lang/Boolean; to md49d408$lambda$methodIsFoil$1$0 in tombstone.mixins.json:ItemMixin
[06Aug2025 14:44:48.249] [main/DEBUG] [mixin/]: Renaming synthetic method lambda$methodGetName$0(Lnet/minecraft/world/item/ItemStack;Lovh/corail/tombstone/api/capability/ISoulConsumer;)Ljava/lang/Boolean; to md49d408$lambda$methodGetName$0$1 in tombstone.mixins.json:ItemMixin
[06Aug2025 14:44:48.261] [main/DEBUG] [mixin/]: Mixing inject.MixinItem from architectury-common.mixins.json into net.minecraft.world.item.Item
[06Aug2025 14:44:48.286] [main/DEBUG] [net.minecraftforge.coremod.transformer.CoreModBaseTransformer/COREMOD]: Transforming net/minecraft/world/entity/EntityType
[06Aug2025 14:44:48.332] [main/DEBUG] [mixin/]: Mixing inject.MixinEntityType from architectury-common.mixins.json into net.minecraft.world.entity.EntityType
[06Aug2025 14:44:48.333] [main/DEBUG] [mixin/]: Mixing entities.EntityTypeMixin from the_bumblezone-common.mixins.json into net.minecraft.world.entity.EntityType
[06Aug2025 14:44:48.347] [main/DEBUG] [mixin/]: Mixing EnchantmentMixin from goblintraders.common.mixins.json into net.minecraft.world.item.enchantment.Enchantment
[06Aug2025 14:44:48.363] [main/DEBUG] [mixin/]: Mixing ChunkStatusMixin from biomeswevegone-common.mixins.json into net.minecraft.world.level.chunk.ChunkStatus
[06Aug2025 14:44:48.388] [main/DEBUG] [mixin/]: Mixing PointOfInterestTypesMixin from friendsandfoes-common.mixins.json into net.minecraft.world.entity.ai.village.poi.PoiTypes
[06Aug2025 14:44:48.438] [main/DEBUG] [mixin/]: Mixing block.FireBlockInvoker from the_bumblezone-forge.mixins.json into net.minecraft.world.level.block.FireBlock
[06Aug2025 14:44:48.439] [main/DEBUG] [mixin/]: Mixing FireBlockAccessor from friendsandfoes-forge.mixins.json into net.minecraft.world.level.block.FireBlock
[06Aug2025 14:44:48.439] [main/DEBUG] [mixin/]: Mixing accessor.FireBlockForgeAccessor from puzzleslib.forge.mixins.json into net.minecraft.world.level.block.FireBlock
[06Aug2025 14:44:48.439] [main/DEBUG] [mixin/]: Mixing block.FireBlockMixin from the_bumblezone-forge.mixins.json into net.minecraft.world.level.block.FireBlock
[06Aug2025 14:44:48.439] [main/DEBUG] [mixin/]: Renaming synthetic method lambda$thebumblezone_fireHoneyCocoonLootDrop$0(Lnet/minecraft/server/level/ServerLevel;Lnet/minecraft/core/BlockPos;Lnet/minecraft/world/item/ItemStack;)V to md49d408$lambda$thebumblezone_fireHoneyCocoonLootDrop$0$0 in the_bumblezone-forge.mixins.json:block.FireBlockMixin
[06Aug2025 14:44:48.467] [main/DEBUG] [mixin/]: Mixing multipart_entities.ShapesMixin from cerbons_api-common.mixins.json into net.minecraft.world.phys.shapes.Shapes
[06Aug2025 14:44:48.469] [main/DEBUG] [mixin/]: Mixing ShapesMixin from creativecore.mixins.json into net.minecraft.world.phys.shapes.Shapes
[06Aug2025 14:44:48.544] [main/DEBUG] [mixin/]: Mixing DiscreteVSAccess from ferritecore.blockstatecache.mixin.json into net.minecraft.world.phys.shapes.DiscreteVoxelShape
[06Aug2025 14:44:48.547] [main/DEBUG] [mixin/]: Mixing BitSetDVSAccess from ferritecore.blockstatecache.mixin.json into net.minecraft.world.phys.shapes.BitSetDiscreteVoxelShape
[06Aug2025 14:44:48.549] [main/DEBUG] [mixin/]: Mixing multipart_entities.VoxelShapeMixin from cerbons_api-common.mixins.json into net.minecraft.world.phys.shapes.VoxelShape
[06Aug2025 14:44:48.550] [main/DEBUG] [mixin/]: Mixing VoxelShapeAccessor from creativecore.mixins.json into net.minecraft.world.phys.shapes.VoxelShape
[06Aug2025 14:44:48.550] [main/DEBUG] [mixin/]: Mixing VoxelShapeAccess from ferritecore.blockstatecache.mixin.json into net.minecraft.world.phys.shapes.VoxelShape
[06Aug2025 14:44:48.552] [main/DEBUG] [mixin/]: Unexpected: Registered method setShape(Lnet/minecraft/world/phys/shapes/DiscreteVoxelShape;)V in net.minecraft.world.phys.shapes.VoxelShape was not merged
[06Aug2025 14:44:48.554] [main/DEBUG] [mixin/]: Mixing multipart_entities.InvokerArrayVoxelShape from cerbons_api-common.mixins.json into net.minecraft.world.phys.shapes.ArrayVoxelShape
[06Aug2025 14:44:48.555] [main/DEBUG] [mixin/]: Renaming @Invoker method init(Lnet/minecraft/world/phys/shapes/DiscreteVoxelShape;Lit/unimi/dsi/fastutil/doubles/DoubleList;Lit/unimi/dsi/fastutil/doubles/DoubleList;Lit/unimi/dsi/fastutil/doubles/DoubleList;)Lnet/minecraft/world/phys/shapes/ArrayVoxelShape; to init_$md$49d408$0 in cerbons_api-common.mixins.json:multipart_entities.InvokerArrayVoxelShape
[06Aug2025 14:44:48.555] [main/DEBUG] [mixin/]: Mixing ArrayVSAccess from ferritecore.blockstatecache.mixin.json into net.minecraft.world.phys.shapes.ArrayVoxelShape
[06Aug2025 14:44:48.558] [main/DEBUG] [mixin/]: Mixing SliceShapeAccess from ferritecore.blockstatecache.mixin.json into net.minecraft.world.phys.shapes.SliceShape
[06Aug2025 14:44:48.696] [main/DEBUG] [net.minecraftforge.coremod.transformer.CoreModBaseTransformer/COREMOD]: Transforming net/minecraft/world/level/block/LiquidBlock
[06Aug2025 14:44:48.697] [main/DEBUG] [mixin/]: Mixing inject.MixinLiquidBlock from architectury-common.mixins.json into net.minecraft.world.level.block.LiquidBlock
[06Aug2025 14:44:48.706] [main/DEBUG] [mixin/]: Mixing ShearableBlocksMixin from wthit.mixins.json into net.minecraft.world.level.block.LeavesBlock
[06Aug2025 14:44:48.706] [main/DEBUG] [mixin/]: wthit.mixins.json:ShearableBlocksMixin: Class version 61 required is higher than the class version supported by the current version of Mixin (JAVA_16 supports class version 60)
[06Aug2025 14:44:48.710] [main/DEBUG] [mixin/]: Mixing ShearableBlocksMixin from wthit.mixins.json into net.minecraft.world.level.block.CherryLeavesBlock
[06Aug2025 14:44:48.710] [main/DEBUG] [mixin/]: wthit.mixins.json:ShearableBlocksMixin: Class version 61 required is higher than the class version supported by the current version of Mixin (JAVA_16 supports class version 60)
[06Aug2025 14:44:48.712] [main/DEBUG] [mixin/]: Mixing ShearableBlocksMixin from wthit.mixins.json into net.minecraft.world.level.block.MangroveLeavesBlock
[06Aug2025 14:44:48.712] [main/DEBUG] [mixin/]: wthit.mixins.json:ShearableBlocksMixin: Class version 61 required is higher than the class version supported by the current version of Mixin (JAVA_16 supports class version 60)
[06Aug2025 14:44:48.716] [main/DEBUG] [mixin/]: Mixing blocks.DispenserBlockInvoker from the_bumblezone-common.mixins.json into net.minecraft.world.level.block.DispenserBlock
[06Aug2025 14:44:48.719] [main/DEBUG] [mixin/]: Mixing NoteBlockAccess from wthit.mixins.json into net.minecraft.world.level.block.NoteBlock
[06Aug2025 14:44:48.719] [main/DEBUG] [mixin/]: wthit.mixins.json:NoteBlockAccess: Class version 61 required is higher than the class version supported by the current version of Mixin (JAVA_16 supports class version 60)
[06Aug2025 14:44:48.724] [main/DEBUG] [mixin/]: Mixing DetectorRailBlockMixin from fabric-object-builder-v1.mixins.json into net.minecraft.world.level.block.DetectorRailBlock
[06Aug2025 14:44:48.725] [main/DEBUG] [mixin/]: fabric-object-builder-v1.mixins.json:DetectorRailBlockMixin: Class version 61 required is higher than the class version supported by the current version of Mixin (JAVA_16 supports class version 60)
[06Aug2025 14:44:48.725] [main/DEBUG] [mixin/]: Renaming synthetic method lambda$getCustomComparatorOutput$0(Lnet/minecraft/world/entity/Entity;)Z to md49d408$lambda$getCustomComparatorOutput$0$0 in fabric-object-builder-v1.mixins.json:DetectorRailBlockMixin
[06Aug2025 14:44:48.737] [main/DEBUG] [mixin/]: Mixing blocks.PistonBaseBlockMixin from the_bumblezone-common.mixins.json into net.minecraft.world.level.block.piston.PistonBaseBlock
[06Aug2025 14:44:48.743] [main/DEBUG] [mixin/]: Mixing ShearableBlocksMixin from wthit.mixins.json into net.minecraft.world.level.block.WebBlock
[06Aug2025 14:44:48.744] [main/DEBUG] [mixin/]: wthit.mixins.json:ShearableBlocksMixin: Class version 61 required is higher than the class version supported by the current version of Mixin (JAVA_16 supports class version 60)
[06Aug2025 14:44:48.745] [main/DEBUG] [mixin/]: Mixing ShearableBlocksMixin from wthit.mixins.json into net.minecraft.world.level.block.TallGrassBlock
[06Aug2025 14:44:48.746] [main/DEBUG] [mixin/]: wthit.mixins.json:ShearableBlocksMixin: Class version 61 required is higher than the class version supported by the current version of Mixin (JAVA_16 supports class version 60)
[06Aug2025 14:44:48.747] [main/DEBUG] [mixin/]: Mixing ShearableBlocksMixin from wthit.mixins.json into net.minecraft.world.level.block.DeadBushBlock
[06Aug2025 14:44:48.748] [main/DEBUG] [mixin/]: wthit.mixins.json:ShearableBlocksMixin: Class version 61 required is higher than the class version supported by the current version of Mixin (JAVA_16 supports class version 60)
[06Aug2025 14:44:48.749] [main/DEBUG] [mixin/]: Mixing ShearableBlocksMixin from wthit.mixins.json into net.minecraft.world.level.block.SeagrassBlock
[06Aug2025 14:44:48.749] [main/DEBUG] [mixin/]: wthit.mixins.json:ShearableBlocksMixin: Class version 61 required is higher than the class version supported by the current version of Mixin (JAVA_16 supports class version 60)
[06Aug2025 14:44:48.756] [main/DEBUG] [mixin/]: Mixing ChiseledBookShelfBlockAccess from wthit.mixins.json into net.minecraft.world.level.block.ChiseledBookShelfBlock
[06Aug2025 14:44:48.756] [main/DEBUG] [mixin/]: wthit.mixins.json:ChiseledBookShelfBlockAccess: Class version 61 required is higher than the class version supported by the current version of Mixin (JAVA_16 supports class version 60)
[06Aug2025 14:44:48.756] [main/DEBUG] [mixin/]: Renaming @Invoker method wthit_getRelativeHitCoordinatesForBlockFace(Lnet/minecraft/world/phys/BlockHitResult;Lnet/minecraft/core/Direction;)Ljava/util/Optional; to wthit_getRelativeHitCoordinatesForBlockFace_$md$49d408$0 in wthit.mixins.json:ChiseledBookShelfBlockAccess
[06Aug2025 14:44:48.757] [main/DEBUG] [mixin/]: Renaming @Invoker method wthit_getHitSlot(Lnet/minecraft/world/phys/Vec2;)I to wthit_getHitSlot_$md$49d408$1 in wthit.mixins.json:ChiseledBookShelfBlockAccess
[06Aug2025 14:44:48.761] [main/DEBUG] [net.minecraftforge.coremod.transformer.CoreModBaseTransformer/COREMOD]: Transforming net/minecraft/world/level/block/StairBlock
[06Aug2025 14:44:48.766] [main/DEBUG] [mixin/]: Mixing ChestBlockMixin from tombstone.mixins.json into net.minecraft.world.level.block.ChestBlock
[06Aug2025 14:44:48.779] [main/DEBUG] [mixin/]: Mixing CropBlockMixin from balm.mixins.json into net.minecraft.world.level.block.CropBlock
[06Aug2025 14:44:48.797] [main/DEBUG] [mixin/]: Mixing IceBlockMixin from mixins.bosses_of_mass_destruction.json into net.minecraft.world.level.block.IceBlock
[06Aug2025 14:44:48.802] [main/DEBUG] [net.minecraftforge.coremod.transformer.CoreModBaseTransformer/COREMOD]: Transforming net/minecraft/world/level/levelgen/structure/Structure
[06Aug2025 14:44:48.814] [main/DEBUG] [mixin/]: Mixing CarvedPumpkinBlockMixin from friendsandfoes-common.mixins.json into net.minecraft.world.level.block.CarvedPumpkinBlock
[06Aug2025 14:44:48.814] [main/DEBUG] [mixin/]: Renaming synthetic method lambda$static$1(Lnet/minecraft/world/level/block/state/BlockState;)Z to md49d408$lambda$static$1$0 in friendsandfoes-common.mixins.json:CarvedPumpkinBlockMixin
[06Aug2025 14:44:48.815] [main/DEBUG] [mixin/]: Renaming synthetic method lambda$static$0(Lnet/minecraft/world/level/block/state/BlockState;)Z to md49d408$lambda$static$0$1 in friendsandfoes-common.mixins.json:CarvedPumpkinBlockMixin
[06Aug2025 14:44:48.867] [main/DEBUG] [mixin/]: Mixing StemBlockMixin from balm.mixins.json into net.minecraft.world.level.block.StemBlock
[06Aug2025 14:44:48.872] [main/DEBUG] [mixin/]: Mixing ShearableBlocksMixin from wthit.mixins.json into net.minecraft.world.level.block.VineBlock
[06Aug2025 14:44:48.872] [main/DEBUG] [mixin/]: wthit.mixins.json:ShearableBlocksMixin: Class version 61 required is higher than the class version supported by the current version of Mixin (JAVA_16 supports class version 60)
[06Aug2025 14:44:48.873] [main/DEBUG] [mixin/]: Mixing blocks.VineBlockAccessor from the_bumblezone-common.mixins.json into net.minecraft.world.level.block.VineBlock
[06Aug2025 14:44:48.878] [main/DEBUG] [mixin/]: Mixing blocks.WaterlilyBlockMixin from the_bumblezone-common.mixins.json into net.minecraft.world.level.block.WaterlilyBlock
[06Aug2025 14:44:48.883] [main/DEBUG] [mixin/]: Mixing EnchantmentTableBlockMixin from easymagic.common.mixins.json into net.minecraft.world.level.block.EnchantmentTableBlock
[06Aug2025 14:44:48.914] [main/DEBUG] [net.minecraftforge.coremod.transformer.CoreModBaseTransformer/COREMOD]: Transforming net/minecraft/world/level/block/FlowerPotBlock
[06Aug2025 14:44:48.926] [main/DEBUG] [mixin/]: Mixing AnvilBlockMixin from easyanvils.common.mixins.json into net.minecraft.world.level.block.AnvilBlock
[06Aug2025 14:44:48.980] [main/DEBUG] [mixin/]: Mixing reinforced.BubbleColumnBlockMixin from securitycraft.mixins.json into net.minecraft.world.level.block.BubbleColumnBlock
[06Aug2025 14:44:48.992] [main/DEBUG] [mixin/]: Mixing swimming.BubbleColumnBlockMixin from expandability-common.mixins.json into net.minecraft.world.level.block.BubbleColumnBlock
[06Aug2025 14:44:48.993] [main/DEBUG] [mixin/]: Mixing blocks.BubbleColumnBlockMixin from the_bumblezone-common.mixins.json into net.minecraft.world.level.block.BubbleColumnBlock
[06Aug2025 14:44:49.015] [main/DEBUG] [mixin/]: Mixing MixinStructureBlock from corgilib-common.mixins.json into net.minecraft.world.level.block.StructureBlock
[06Aug2025 14:44:49.028] [main/DEBUG] [mixin/]: Mixing blocks.BeehiveMixin from the_bumblezone-common.mixins.json into net.minecraft.world.level.block.BeehiveBlock
[06Aug2025 14:44:49.035] [main/DEBUG] [mixin/]: Mixing AbstractCandleBlockMixin from hexerei.mixins.json into net.minecraft.world.level.block.AbstractCandleBlock
[06Aug2025 14:44:49.045] [main/DEBUG] [mixin/]: Mixing PowderSnowBlockMixin from accessories-common.mixins.json into net.minecraft.world.level.block.PowderSnowBlock
[06Aug2025 14:44:49.056] [main/DEBUG] [mixin/]: Mixing LightningRodBlockMixin from friendsandfoes-common.mixins.json into net.minecraft.world.level.block.LightningRodBlock
[06Aug2025 14:44:49.078] [main/DEBUG] [mixin/]: Mixing LightningRodBlockOxidizableMixin from friendsandfoes-common.mixins.json into net.minecraft.world.level.block.LightningRodBlock
[06Aug2025 14:44:49.079] [main/DEBUG] [mixin/]: Renaming synthetic method lambda$getDegradationResult$0(Lnet/minecraft/world/level/block/state/BlockState;Lnet/minecraft/world/level/block/Block;)Lnet/minecraft/world/level/block/state/BlockState; to md49d408$lambda$getDegradationResult$0$0 in friendsandfoes-common.mixins.json:LightningRodBlockOxidizableMixin
[06Aug2025 14:44:49.080] [main/DEBUG] [mixin/]: Mixing LightningRodBlockDegradableMixin from friendsandfoes-common.mixins.json into net.minecraft.world.level.block.LightningRodBlock
[06Aug2025 14:44:49.101] [main/DEBUG] [mixin/]: Mixing blocks.PointedDripstoneBlockMixin from the_bumblezone-common.mixins.json into net.minecraft.world.level.block.PointedDripstoneBlock
[06Aug2025 14:44:49.116] [main/DEBUG] [mixin/]: Mixing blocks.BigDripleafBlockMixin from the_bumblezone-common.mixins.json into net.minecraft.world.level.block.BigDripleafBlock
[06Aug2025 14:44:49.123] [main/DEBUG] [mixin/]: Mixing blocks.BigDripleafStemBlockMixin from the_bumblezone-common.mixins.json into net.minecraft.world.level.block.BigDripleafStemBlock
[06Aug2025 14:44:49.127] [main/DEBUG] [mixin/]: Mixing blocks.SmallDripleafBlockMixin from the_bumblezone-common.mixins.json into net.minecraft.world.level.block.SmallDripleafBlock
[06Aug2025 14:44:49.134] [main/DEBUG] [mixin/]: Mixing blocks.FrogspawnBlockMixin from the_bumblezone-common.mixins.json into net.minecraft.world.level.block.FrogspawnBlock
[06Aug2025 14:44:49.144] [main/DEBUG] [mixin/]: Mixing AbstractBlockSettingsAccessor from fabric-object-builder-v1.mixins.json into net.minecraft.world.level.block.state.BlockBehaviour$Properties
[06Aug2025 14:44:49.144] [main/DEBUG] [mixin/]: fabric-object-builder-v1.mixins.json:AbstractBlockSettingsAccessor: Class version 61 required is higher than the class version supported by the current version of Mixin (JAVA_16 supports class version 60)
[06Aug2025 14:44:49.182] [main/DEBUG] [mixin/]: Mixing blocks.WaterEquivalenceMixin from the_bumblezone-common.mixins.json into net.minecraft.world.level.material.WaterFluid
[06Aug2025 14:44:49.187] [main/DEBUG] [mixin/]: Mixing blocks.FlowingFluidAccessor from the_bumblezone-common.mixins.json into net.minecraft.world.level.material.FlowingFluid
[06Aug2025 14:44:49.267] [main/DEBUG] [mixin/]: Mixing MixinFallingBlockEntity from architectury.mixins.json into net.minecraft.world.entity.item.FallingBlockEntity
[06Aug2025 14:44:49.270] [main/DEBUG] [mixin/]: Mixing blocks.FallingBlockEntityAccessor from the_bumblezone-common.mixins.json into net.minecraft.world.entity.item.FallingBlockEntity
[06Aug2025 14:44:49.281] [main/DEBUG] [mixin/]: Mixing AttachmentTargetsMixin from fabric-data-attachment-api-v1.mixins.json into net.minecraft.world.level.block.entity.BlockEntity
[06Aug2025 14:44:49.289] [main/DEBUG] [mixin/]: Mixing BlockEntityMixin from fabric-data-attachment-api-v1.mixins.json into net.minecraft.world.level.block.entity.BlockEntity
[06Aug2025 14:44:49.290] [main/DEBUG] [mixin/]: Mixing blocks.BlockEntityAccessor from the_bumblezone-common.mixins.json into net.minecraft.world.level.block.entity.BlockEntity
[06Aug2025 14:44:49.290] [main/DEBUG] [mixin/]: Mixing BlockEntityMixin from collective_forge.mixins.json into net.minecraft.world.level.block.entity.BlockEntity
[06Aug2025 14:44:49.324] [main/DEBUG] [mixin/]: Mixing BrushableBlockEntityMixin from tombstone.mixins.json into net.minecraft.world.level.block.entity.BrushableBlockEntity
[06Aug2025 14:44:49.370] [main/DEBUG] [mixin/]: Mixing RandomizableContainerBlockEntityAccess from wthit.mixins.json into net.minecraft.world.level.block.entity.RandomizableContainerBlockEntity
[06Aug2025 14:44:49.370] [main/DEBUG] [mixin/]: wthit.mixins.json:RandomizableContainerBlockEntityAccess: Class version 61 required is higher than the class version supported by the current version of Mixin (JAVA_16 supports class version 60)
[06Aug2025 14:44:49.372] [main/DEBUG] [mixin/]: Mixing BaseContainerBlockEntityAccess from wthit.mixins.json into net.minecraft.world.level.block.entity.BaseContainerBlockEntity
[06Aug2025 14:44:49.372] [main/DEBUG] [mixin/]: wthit.mixins.json:BaseContainerBlockEntityAccess: Class version 61 required is higher than the class version supported by the current version of Mixin (JAVA_16 supports class version 60)
[06Aug2025 14:44:49.375] [main/DEBUG] [mixin/]: Mixing blocks.DefaultDispenseItemBehaviorInvoker from the_bumblezone-common.mixins.json into net.minecraft.core.dispenser.DefaultDispenseItemBehavior
[06Aug2025 14:44:49.435] [main/DEBUG] [mixin/]: Mixing blocks.PistonMovingBlockEntityMixin from the_bumblezone-common.mixins.json into net.minecraft.world.level.block.piston.PistonMovingBlockEntity
[06Aug2025 14:44:49.475] [main/DEBUG] [mixin/]: Mixing ChiseledBookShelfBlockEntityAccess from wthit.mixins.json into net.minecraft.world.level.block.entity.ChiseledBookShelfBlockEntity
[06Aug2025 14:44:49.475] [main/DEBUG] [mixin/]: wthit.mixins.json:ChiseledBookShelfBlockEntityAccess: Class version 61 required is higher than the class version supported by the current version of Mixin (JAVA_16 supports class version 60)
[06Aug2025 14:44:49.475] [main/DEBUG] [mixin/]: Mixing ChiseledBookShelfBlockEntityMixin from easymagic.common.mixins.json into net.minecraft.world.level.block.entity.ChiseledBookShelfBlockEntity
[06Aug2025 14:44:49.558] [main/DEBUG] [mixin/]: Mixing AbstractContainerMenuAccessor from cclayer_curios.mixins.json into net.minecraft.world.inventory.AbstractContainerMenu
[06Aug2025 14:44:49.558] [main/DEBUG] [mixin/]: Mixing accessor.AbstractContainerMenuAccessor from puzzleslib.common.mixins.json into net.minecraft.world.inventory.AbstractContainerMenu
[06Aug2025 14:44:49.564] [main/DEBUG] [mixin/]: Mixing ContainerMenuMixin from mixins.deeperdarker.json into net.minecraft.world.inventory.CraftingMenu
[06Aug2025 14:44:49.585] [main/DEBUG] [mixin/]: Mixing AbstractFurnaceBlockEntityAccess from wthit.mixins.json into net.minecraft.world.level.block.entity.AbstractFurnaceBlockEntity
[06Aug2025 14:44:49.585] [main/DEBUG] [mixin/]: wthit.mixins.json:AbstractFurnaceBlockEntityAccess: Class version 61 required is higher than the class version supported by the current version of Mixin (JAVA_16 supports class version 60)
[06Aug2025 14:44:49.621] [main/DEBUG] [mixin/]: Mixing multipart_entities.AABBMixin from cerbons_api-common.mixins.json into net.minecraft.world.phys.AABB
[06Aug2025 14:44:49.631] [main/DEBUG] [mixin/]: Mixing entities.AbstractArrowMixin from the_bumblezone-common.mixins.json into net.minecraft.world.entity.projectile.AbstractArrow
[06Aug2025 14:44:49.645] [main/DEBUG] [mixin/]: Mixing multipart_entities.ProjectileMixin from cerbons_api-common.mixins.json into net.minecraft.world.entity.projectile.Projectile
[06Aug2025 14:44:49.671] [main/DEBUG] [mixin/]: Mixing MobMixin from tombstone.mixins.json into net.minecraft.world.entity.Mob
[06Aug2025 14:44:49.672] [main/DEBUG] [mixin/]: Renaming synthetic method lambda$methodSetTarget$2(Lnet/minecraft/world/entity/LivingEntity;Ljava/util/UUID;)Ljava/lang/Boolean; to md49d408$lambda$methodSetTarget$2$0 in tombstone.mixins.json:MobMixin
[06Aug2025 14:44:49.672] [main/DEBUG] [mixin/]: Renaming synthetic method lambda$methodCanBeLeashed$1(Lnet/minecraft/world/entity/player/Player;Ljava/util/UUID;)Ljava/lang/Boolean; to md49d408$lambda$methodCanBeLeashed$1$1 in tombstone.mixins.json:MobMixin
[06Aug2025 14:44:49.673] [main/DEBUG] [mixin/]: Renaming synthetic method lambda$methodTick$0(Lnet/minecraft/world/entity/Mob;Lovh/corail/tombstone/api/capability/ISpellCaster;)V to md49d408$lambda$methodTick$0$2 in tombstone.mixins.json:MobMixin
[06Aug2025 14:44:49.686] [main/DEBUG] [mixin/]: Mixing MobEntityMixin from fabric-entity-events-v1.mixins.json into net.minecraft.world.entity.Mob
[06Aug2025 14:44:49.686] [main/DEBUG] [mixin/]: fabric-entity-events-v1.mixins.json:MobEntityMixin: Class version 61 required is higher than the class version supported by the current version of Mixin (JAVA_16 supports class version 60)
[06Aug2025 14:44:49.687] [main/DEBUG] [mixin/]: Mixing entities.MobAccessor from the_bumblezone-common.mixins.json into net.minecraft.world.entity.Mob
[06Aug2025 14:44:49.687] [main/DEBUG] [mixin/]: Mixing items.HoneyShieldMobMixin from the_bumblezone-common.mixins.json into net.minecraft.world.entity.Mob
[06Aug2025 14:44:49.691] [main/DEBUG] [mixin/]: Mixing accessors.MobAccessor from mixins.artifacts.common.json into net.minecraft.world.entity.Mob
[06Aug2025 14:44:49.726] [main/DEBUG] [mixin/]: Mixing IronGolemMixin from creeperoverhaul-common.mixins.json into net.minecraft.world.entity.animal.IronGolem
[06Aug2025 14:44:49.751] [main/DEBUG] [mixin/]: Mixing MonsterMixin from tombstone.mixins.json into net.minecraft.world.entity.monster.Monster
[06Aug2025 14:44:49.752] [main/DEBUG] [mixin/]: Mixing IllusionerHostileEntityMixin from friendsandfoes-common.mixins.json into net.minecraft.world.entity.monster.Monster
[06Aug2025 14:44:49.794] [main/DEBUG] [mixin/]: Mixing ContainerMenuMixin from mixins.deeperdarker.json into net.minecraft.world.inventory.EnchantmentMenu
[06Aug2025 14:44:49.795] [main/DEBUG] [mixin/]: Mixing accessor.EnchantmentMenuAccessor from easymagic.common.mixins.json into net.minecraft.world.inventory.EnchantmentMenu
[06Aug2025 14:44:49.811] [main/DEBUG] [net.minecraftforge.coremod.transformer.CoreModBaseTransformer/COREMOD]: Transforming net/minecraft/world/item/ItemStack
[06Aug2025 14:44:49.812] [main/DEBUG] [mixin/]: Mixing ItemStackMixin from cclayer.mixins.json into net.minecraft.world.item.ItemStack
[06Aug2025 14:44:49.814] [main/DEBUG] [mixin/]: Mixing ItemStackMixin from tombstone.mixins.json into net.minecraft.world.item.ItemStack
[06Aug2025 14:44:49.815] [main/DEBUG] [mixin/]: Mixing ItemStackMixin from mixins.deeperdarker.json into net.minecraft.world.item.ItemStack
[06Aug2025 14:44:49.874] [main/DEBUG] [mixin/]: Mixing ContainerMenuMixin from mixins.deeperdarker.json into net.minecraft.world.inventory.ChestMenu
[06Aug2025 14:44:49.886] [main/DEBUG] [mixin/]: Mixing BeaconBlockEntityAccess from wthit.mixins.json into net.minecraft.world.level.block.entity.BeaconBlockEntity
[06Aug2025 14:44:49.887] [main/DEBUG] [mixin/]: wthit.mixins.json:BeaconBlockEntityAccess: Class version 61 required is higher than the class version supported by the current version of Mixin (JAVA_16 supports class version 60)
[06Aug2025 14:44:49.945] [main/DEBUG] [mixin/]: Mixing accessor.AnvilMenuAccessor from easyanvils.common.mixins.json into net.minecraft.world.inventory.AnvilMenu
[06Aug2025 14:44:49.947] [main/DEBUG] [mixin/]: Mixing RepairContainerMixin from goblintraders.common.mixins.json into net.minecraft.world.inventory.AnvilMenu
[06Aug2025 14:44:49.957] [main/DEBUG] [mixin/]: Mixing accessor.ItemCombinerMenuAccessor from easyanvils.common.mixins.json into net.minecraft.world.inventory.ItemCombinerMenu
[06Aug2025 14:44:49.958] [main/DEBUG] [mixin/]: Mixing ContainerMenuMixin from mixins.deeperdarker.json into net.minecraft.world.inventory.ItemCombinerMenu
[06Aug2025 14:44:50.066] [main/DEBUG] [mixin/]: Mixing entities.AnimalMixin from the_bumblezone-common.mixins.json into net.minecraft.world.entity.animal.Animal
[06Aug2025 14:44:50.067] [main/DEBUG] [mixin/]: Mixing ZombieHorseAnimalEntityMixin from friendsandfoes-common.mixins.json into net.minecraft.world.entity.animal.Animal
[06Aug2025 14:44:50.070] [main/DEBUG] [mixin/]: Mixing entities.AgeableMobAccessor from the_bumblezone-common.mixins.json into net.minecraft.world.entity.AgeableMob
[06Aug2025 14:44:50.070] [main/DEBUG] [mixin/]: Renaming @Accessor method bumblezone$getDATA_BABY_ID()Lnet/minecraft/network/syncher/EntityDataAccessor; to bumblezone$getDATA_BABY_ID_$md$49d408$0 in the_bumblezone-common.mixins.json:entities.AgeableMobAccessor
[06Aug2025 14:44:50.233] [main/DEBUG] [mixin/]: Mixing ContainerMenuMixin from mixins.deeperdarker.json into net.minecraft.world.inventory.LoomMenu
[06Aug2025 14:44:50.238] [main/DEBUG] [mixin/]: Mixing ContainerMenuMixin from mixins.deeperdarker.json into net.minecraft.world.inventory.CartographyTableMenu
[06Aug2025 14:44:50.241] [main/DEBUG] [mixin/]: Mixing ContainerMenuMixin from mixins.deeperdarker.json into net.minecraft.world.inventory.GrindstoneMenu
[06Aug2025 14:44:50.248] [main/DEBUG] [mixin/]: Mixing SmithingMenuMixin from citadel.mixins.json into net.minecraft.world.inventory.SmithingMenu
[06Aug2025 14:44:50.252] [main/DEBUG] [mixin/]: Mixing ContainerMenuMixin from mixins.deeperdarker.json into net.minecraft.world.inventory.StonecutterMenu
[06Aug2025 14:44:50.281] [main/DEBUG] [mixin/]: Mixing BeehiveBlockEntityAccess from wthit.mixins.json into net.minecraft.world.level.block.entity.BeehiveBlockEntity
[06Aug2025 14:44:50.281] [main/DEBUG] [mixin/]: wthit.mixins.json:BeehiveBlockEntityAccess: Class version 61 required is higher than the class version supported by the current version of Mixin (JAVA_16 supports class version 60)
[06Aug2025 14:44:50.281] [main/DEBUG] [mixin/]: Mixing blocks.BeehiveBlockEntityMixin from the_bumblezone-common.mixins.json into net.minecraft.world.level.block.entity.BeehiveBlockEntity
[06Aug2025 14:44:50.365] [main/DEBUG] [mixin/]: Mixing MixinLightningBolt from architectury-common.mixins.json into net.minecraft.world.entity.LightningBolt
[06Aug2025 14:44:50.366] [main/DEBUG] [mixin/]: Mixing LightningEntityMixin from friendsandfoes-common.mixins.json into net.minecraft.world.entity.LightningBolt
[06Aug2025 14:44:50.366] [main/DEBUG] [mixin/]: Renaming synthetic method lambda$friendsandfoes$cleanOxidationAround$0(Lnet/minecraft/world/level/Level;Lnet/minecraft/core/BlockPos;Lnet/minecraft/world/level/block/state/BlockState;)V to md49d408$lambda$friendsandfoes$cleanOxidationAround$0$0 in friendsandfoes-common.mixins.json:LightningEntityMixin
[06Aug2025 14:44:50.367] [main/DEBUG] [mixin/]: Mixing entities.LightningBoltMixin from the_bumblezone-common.mixins.json into net.minecraft.world.entity.LightningBolt
[06Aug2025 14:44:50.373] [main/DEBUG] [mixin/]: Generating mapped inner class net/minecraft/world/level/block/LightningRodBlock$Anonymous$53db636a212742489a89c7ae2bc4b7d6 (originally com/faboslav/friendsandfoes/common/mixin/LightningRodBlockMixin$1)
[06Aug2025 14:44:50.442] [main/DEBUG] [net.minecraftforge.coremod.transformer.CoreModBaseTransformer/COREMOD]: Transforming net/minecraft/world/entity/animal/frog/Tadpole
[06Aug2025 14:44:50.457] [main/DEBUG] [mixin/]: Mixing TadpoleEntityMixin from fabric-entity-events-v1.mixins.json into net.minecraft.world.entity.animal.frog.Tadpole
[06Aug2025 14:44:50.458] [main/DEBUG] [mixin/]: fabric-entity-events-v1.mixins.json:TadpoleEntityMixin: Class version 61 required is higher than the class version supported by the current version of Mixin (JAVA_16 supports class version 60)
[06Aug2025 14:44:50.474] [main/DEBUG] [mixin/]: Mixing accessor.BlockItemAccessor from puzzleslib.common.mixins.json into net.minecraft.world.item.BlockItem
[06Aug2025 14:44:50.475] [main/DEBUG] [mixin/]: Mixing blocks.WaterlogForPlacingBlockMixin from the_bumblezone-common.mixins.json into net.minecraft.world.item.BlockItem
[06Aug2025 14:44:50.482] [main/DEBUG] [mixin/]: Mixing blocks.WaterlogForPlacingBlockMixin from the_bumblezone-common.mixins.json into net.minecraft.world.item.StandingAndWallBlockItem
[06Aug2025 14:44:50.487] [main/DEBUG] [mixin/]: Mixing boat.BoatItemMixin from securitycraft.mixins.json into net.minecraft.world.item.BoatItem
[06Aug2025 14:44:50.495] [main/DEBUG] [mixin/]: Mixing reinforced.SwordAndShearsItemMixin from securitycraft.mixins.json into net.minecraft.world.item.SwordItem
[06Aug2025 14:44:50.505] [main/DEBUG] [mixin/]: Mixing HangingEntityItemMixin from mixins.deeperdarker.json into net.minecraft.world.item.HangingEntityItem
[06Aug2025 14:44:50.513] [main/DEBUG] [net.minecraftforge.coremod.transformer.CoreModBaseTransformer/COREMOD]: Transforming net/minecraft/world/item/BucketItem
[06Aug2025 14:44:50.513] [main/DEBUG] [mixin/]: Mixing inject.MixinBucketItem from architectury-common.mixins.json into net.minecraft.world.item.BucketItem
[06Aug2025 14:44:50.521] [main/DEBUG] [mixin/]: Mixing BundleItemMixin from tombstone.mixins.json into net.minecraft.world.item.BundleItem
[06Aug2025 14:44:50.521] [main/DEBUG] [mixin/]: Renaming synthetic method lambda$getEnchantmentLevel$0(Lnet/minecraft/world/item/ItemStack;Lovh/corail/tombstone/api/capability/ISoulConsumer;)Ljava/lang/Boolean; to md49d408$lambda$getEnchantmentLevel$0$0 in tombstone.mixins.json:BundleItemMixin
[06Aug2025 14:44:50.522] [main/DEBUG] [mixin/]: Mixing BundleItemAccessor from friendsandfoes-common.mixins.json into net.minecraft.world.item.BundleItem
[06Aug2025 14:44:50.522] [main/DEBUG] [mixin/]: Renaming @Invoker method callAddToBundle(Lnet/minecraft/world/item/ItemStack;Lnet/minecraft/world/item/ItemStack;)I to callAddToBundle_$md$49d408$1 in friendsandfoes-common.mixins.json:BundleItemAccessor
[06Aug2025 14:44:50.525] [main/DEBUG] [mixin/]: Mixing item.wearable.anglershat.FishingRodItemMixin from mixins.artifacts.common.json into net.minecraft.world.item.FishingRodItem
[06Aug2025 14:44:50.530] [main/DEBUG] [mixin/]: Mixing BoneMealItemMixin from collective_forge.mixins.json into net.minecraft.world.item.BoneMealItem
[06Aug2025 14:44:50.534] [main/DEBUG] [mixin/]: Mixing items.MapItemMixin from the_bumblezone-common.mixins.json into net.minecraft.world.item.MapItem
[06Aug2025 14:44:50.540] [main/DEBUG] [mixin/]: Mixing reinforced.SwordAndShearsItemMixin from securitycraft.mixins.json into net.minecraft.world.item.ShearsItem
[06Aug2025 14:44:50.543] [main/DEBUG] [mixin/]: Mixing PotionItemMixin from tombstone.mixins.json into net.minecraft.world.item.PotionItem
[06Aug2025 14:44:50.543] [main/DEBUG] [mixin/]: Renaming synthetic method lambda$methodFinishUsingItemReturn$1(Lnet/minecraft/world/entity/LivingEntity;Lovh/corail/tombstone/api/capability/ITBCapability;)V to md49d408$lambda$methodFinishUsingItemReturn$1$0 in tombstone.mixins.json:PotionItemMixin
[06Aug2025 14:44:50.543] [main/DEBUG] [mixin/]: Renaming synthetic method lambda$effectList$0(Lnet/minecraft/world/effect/MobEffectInstance;)Ljava/lang/Integer; to md49d408$lambda$effectList$0$1 in tombstone.mixins.json:PotionItemMixin
[06Aug2025 14:44:50.551] [main/DEBUG] [mixin/]: Mixing items.GlassBottleUseMixin from the_bumblezone-common.mixins.json into net.minecraft.world.item.BottleItem
[06Aug2025 14:44:50.558] [main/DEBUG] [mixin/]: Mixing EnderEyeUseMixin from mixins.bosses_of_mass_destruction.json into net.minecraft.world.item.EnderEyeItem
[06Aug2025 14:44:50.561] [main/DEBUG] [mixin/]: Mixing items.SpawnEggItemAccessor from the_bumblezone-common.mixins.json into net.minecraft.world.item.SpawnEggItem
[06Aug2025 14:44:50.561] [main/DEBUG] [mixin/]: Renaming @Accessor method bumblezone$getIdMap()Ljava/util/Map; to bumblezone$getIdMap_$md$49d408$0 in the_bumblezone-common.mixins.json:items.SpawnEggItemAccessor
[06Aug2025 14:44:50.561] [main/DEBUG] [mixin/]: Mixing SpawnEggItemMixin from goblintraders.common.mixins.json into net.minecraft.world.item.SpawnEggItem
[06Aug2025 14:44:50.561] [main/DEBUG] [mixin/]: Renaming @Accessor method goblinTradersGetEggMap()Ljava/util/Map; to goblinTradersGetEggMap_$md$49d408$1 in goblintraders.common.mixins.json:SpawnEggItemMixin
[06Aug2025 14:44:50.561] [main/DEBUG] [mixin/]: Mixing SpawnEggItemAccessor from friendsandfoes-common.mixins.json into net.minecraft.world.item.SpawnEggItem
[06Aug2025 14:44:50.561] [main/DEBUG] [mixin/]: Renaming @Accessor method variantsandventures$getSpawnEggs()Ljava/util/Map; to variantsandventures$getSpawnEggs_$md$49d408$2 in friendsandfoes-common.mixins.json:SpawnEggItemAccessor
[06Aug2025 14:44:50.566] [main/DEBUG] [mixin/]: Mixing reinforced.WritableAndWrittenBookItemMixin from securitycraft.mixins.json into net.minecraft.world.item.WritableBookItem
[06Aug2025 14:44:50.572] [main/DEBUG] [mixin/]: Mixing reinforced.WritableAndWrittenBookItemMixin from securitycraft.mixins.json into net.minecraft.world.item.WrittenBookItem
[06Aug2025 14:44:50.580] [main/DEBUG] [mixin/]: Mixing items.NameTagItemMixin from the_bumblezone-common.mixins.json into net.minecraft.world.item.NameTagItem
[06Aug2025 14:44:50.596] [main/DEBUG] [mixin/]: Mixing suspiciousmines.BrushItemMixin from securitycraft.mixins.json into net.minecraft.world.item.BrushItem
[06Aug2025 14:44:50.596] [main/DEBUG] [mixin/]: Renaming synthetic method lambda$securitycraft$checkForSuspiciousMine$1(Lnet/minecraft/world/entity/player/Player;)V to md49d408$lambda$securitycraft$checkForSuspiciousMine$1$0 in securitycraft.mixins.json:suspiciousmines.BrushItemMixin
[06Aug2025 14:44:50.596] [main/DEBUG] [mixin/]: Renaming synthetic method lambda$securitycraft$makeSuspiciousMinesBrushablePartTwo$0(Lnet/minecraft/world/entity/Entity;)Z to md49d408$lambda$securitycraft$makeSuspiciousMinesBrushablePartTwo$0$1 in securitycraft.mixins.json:suspiciousmines.BrushItemMixin
[06Aug2025 14:44:50.609] [main/DEBUG] [mixin/]: Mixing inject.MixinItemProperties from architectury-common.mixins.json into net.minecraft.world.item.Item$Properties
[06Aug2025 14:44:50.654] [main/DEBUG] [mixin/]: Mixing ServerPlayerEntityMixin from fabric-entity-events-v1.mixins.json into net.minecraft.server.level.ServerPlayer
[06Aug2025 14:44:50.654] [main/DEBUG] [mixin/]: fabric-entity-events-v1.mixins.json:ServerPlayerEntityMixin: Class version 61 required is higher than the class version supported by the current version of Mixin (JAVA_16 supports class version 60)
[06Aug2025 14:44:50.656] [main/DEBUG] [mixin/]: Mixing entities.ServerPlayerAccessor from the_bumblezone-common.mixins.json into net.minecraft.server.level.ServerPlayer
[06Aug2025 14:44:50.656] [main/DEBUG] [mixin/]: Mixing entities.ServerPlayerMixin from the_bumblezone-common.mixins.json into net.minecraft.server.level.ServerPlayer
[06Aug2025 14:44:50.656] [main/DEBUG] [mixin/]: Renaming synthetic method lambda$bumblezone$hookToRecipeCrafting$0(Lnet/minecraft/server/level/ServerPlayer;Lcom/telepathicgrunt/the_bumblezone/modules/PlayerDataModule;)V to md49d408$lambda$bumblezone$hookToRecipeCrafting$0$0 in the_bumblezone-common.mixins.json:entities.ServerPlayerMixin
[06Aug2025 14:44:50.662] [main/DEBUG] [mixin/]: Mixing ServerPlayerMixin from playerrevive.mixins.json into net.minecraft.server.level.ServerPlayer
[06Aug2025 14:44:50.663] [main/DEBUG] [mixin/]: Mixing ServerPlayerEntityMixin from simplyswords-common.mixins.json into net.minecraft.server.level.ServerPlayer
[06Aug2025 14:44:50.664] [main/DEBUG] [mixin/]: Renaming synthetic method lambda$simplyswords$tick$3(Lnet/minecraft/tags/TagKey;Lnet/minecraft/world/item/Item;)Z to md49d408$lambda$simplyswords$tick$3$1 in simplyswords-common.mixins.json:ServerPlayerEntityMixin
[06Aug2025 14:44:50.664] [main/DEBUG] [mixin/]: Renaming synthetic method lambda$simplyswords$tick$2(Lnet/minecraft/tags/TagKey;Lnet/minecraft/world/item/Item;)Z to md49d408$lambda$simplyswords$tick$2$2 in simplyswords-common.mixins.json:ServerPlayerEntityMixin
[06Aug2025 14:44:50.665] [main/DEBUG] [mixin/]: Renaming synthetic method lambda$simplyswords$tick$1(Lnet/minecraft/world/entity/player/Player;Lnet/minecraft/world/entity/Entity;)D to md49d408$lambda$simplyswords$tick$1$3 in simplyswords-common.mixins.json:ServerPlayerEntityMixin
[06Aug2025 14:44:50.665] [main/DEBUG] [mixin/]: Renaming synthetic method lambda$simplyswords$tick$0(Lnet/minecraft/world/entity/player/Player;Lnet/minecraft/world/entity/Entity;)Z to md49d408$lambda$simplyswords$tick$0$4 in simplyswords-common.mixins.json:ServerPlayerEntityMixin
[06Aug2025 14:44:50.680] [main/DEBUG] [mixin/]: Mixing ServerPlayerMixin from tombstone.mixins.json into net.minecraft.server.level.ServerPlayer
[06Aug2025 14:44:50.681] [main/DEBUG] [mixin/]: Mixing camera.ServerPlayerMixin from securitycraft.mixins.json into net.minecraft.server.level.ServerPlayer
[06Aug2025 14:44:50.719] [main/DEBUG] [mixin/]: Mixing logging.HangingEntityMixin from the_bumblezone-common.mixins.json into net.minecraft.world.entity.decoration.HangingEntity
[06Aug2025 14:44:50.719] [main/DEBUG] [mixin/]: Mixing AbstractDecorationEntityMixin from bettervillage.mixins.json into net.minecraft.world.entity.decoration.HangingEntity
[06Aug2025 14:44:50.962] [main/DEBUG] [mixin/]: Mixing NbtCompoundMixin from accessories-common.mixins.json into net.minecraft.nbt.CompoundTag
[06Aug2025 14:44:50.965] [main/WARN] [mixin/]: @Inject(@At("INVOKE")) Shift.BY=2 on accessories-common.mixins.json:NbtCompoundMixin::handler$zel000$adjustCheckForListVariants exceeds the maximum allowed value: 0. Increase the value of maxShiftBy to suppress this warning.
[06Aug2025 14:44:51.286] [main/DEBUG] [mixin/]: Mixing entities.ExperienceOrbAccessor from the_bumblezone-common.mixins.json into net.minecraft.world.entity.ExperienceOrb
[06Aug2025 14:44:51.286] [main/DEBUG] [mixin/]: Mixing entities.ExperienceOrbMixin from the_bumblezone-common.mixins.json into net.minecraft.world.entity.ExperienceOrb
[06Aug2025 14:44:51.286] [main/DEBUG] [mixin/]: Renaming synthetic method lambda$bumblezone$xpGoToClosestCrystalFlower$3(Lnet/minecraft/world/level/block/entity/BlockEntity;)V to md49d408$lambda$bumblezone$xpGoToClosestCrystalFlower$3$0 in the_bumblezone-common.mixins.json:entities.ExperienceOrbMixin
[06Aug2025 14:44:51.286] [main/DEBUG] [mixin/]: Renaming synthetic method lambda$bumblezone$xpGoToClosestCrystalFlower$2(Lnet/minecraft/world/level/block/entity/BlockEntity;Lnet/minecraft/world/level/block/entity/BlockEntity;)I to md49d408$lambda$bumblezone$xpGoToClosestCrystalFlower$2$1 in the_bumblezone-common.mixins.json:entities.ExperienceOrbMixin
[06Aug2025 14:44:51.286] [main/DEBUG] [mixin/]: Renaming synthetic method lambda$bumblezone$xpGoToClosestCrystalFlower$1(Lnet/minecraft/world/level/block/entity/BlockEntity;)Z to md49d408$lambda$bumblezone$xpGoToClosestCrystalFlower$1$2 in the_bumblezone-common.mixins.json:entities.ExperienceOrbMixin
[06Aug2025 14:44:51.286] [main/DEBUG] [mixin/]: Renaming synthetic method lambda$bumblezone$xpGoToClosestCrystalFlower$0(Lnet/minecraft/world/level/chunk/LevelChunk;)Ljava/util/stream/Stream; to md49d408$lambda$bumblezone$xpGoToClosestCrystalFlower$0$3 in the_bumblezone-common.mixins.json:entities.ExperienceOrbMixin
[06Aug2025 14:44:51.301] [main/DEBUG] [mixin/]: Mixing entities.BeeEntityInvoker from the_bumblezone-common.mixins.json into net.minecraft.world.entity.animal.Bee
[06Aug2025 14:44:51.301] [main/DEBUG] [mixin/]: Mixing BeeEntityAccessor from friendsandfoes-common.mixins.json into net.minecraft.world.entity.animal.Bee
[06Aug2025 14:44:51.301] [main/DEBUG] [mixin/]: Mixing BeeEntityMixin from friendsandfoes-common.mixins.json into net.minecraft.world.entity.animal.Bee
[06Aug2025 14:44:51.303] [main/DEBUG] [mixin/]: Mixing entities.BeeEntityMixin from the_bumblezone-common.mixins.json into net.minecraft.world.entity.animal.Bee
[06Aug2025 14:44:51.314] [main/DEBUG] [mixin/]: Mixing TemptGoalMixin from friendsandfoes-common.mixins.json into net.minecraft.world.entity.ai.goal.TemptGoal
[06Aug2025 14:44:51.314] [main/DEBUG] [mixin/]: Renaming synthetic method lambda$friendsandfoes_canStartWithReturn$0(Lcom/faboslav/friendsandfoes/common/entity/TuffGolemEntity;)Z to md49d408$lambda$friendsandfoes_canStartWithReturn$0$0 in friendsandfoes-common.mixins.json:TemptGoalMixin
[06Aug2025 14:44:51.322] [main/DEBUG] [mixin/]: Mixing entities.BeeHiveGoalMixin from the_bumblezone-common.mixins.json into net.minecraft.world.entity.animal.Bee$BeeGoToHiveGoal
[06Aug2025 14:44:51.323] [main/DEBUG] [mixin/]: Mixing BeeEntityMoveToHiveGoalMixin from friendsandfoes-common.mixins.json into net.minecraft.world.entity.animal.Bee$BeeGoToHiveGoal
[06Aug2025 14:44:51.324] [main/DEBUG] [mixin/]: Mixing entities.BeeGoToKnownFlowerGoalMixin from the_bumblezone-common.mixins.json into net.minecraft.world.entity.animal.Bee$BeeGoToKnownFlowerGoal
[06Aug2025 14:44:51.325] [main/DEBUG] [mixin/]: Mixing BeeEntityMoveToFlowerGoalMixin from friendsandfoes-common.mixins.json into net.minecraft.world.entity.animal.Bee$BeeGoToKnownFlowerGoal
[06Aug2025 14:44:51.327] [main/DEBUG] [mixin/]: Mixing entities.BeePathfindingMixin from the_bumblezone-common.mixins.json into net.minecraft.world.entity.animal.Bee$BeeWanderGoal
[06Aug2025 14:44:51.329] [main/DEBUG] [mixin/]: Mixing HurtByTargetGoalMixin from tombstone.mixins.json into net.minecraft.world.entity.ai.goal.target.HurtByTargetGoal
[06Aug2025 14:44:51.330] [main/DEBUG] [mixin/]: Mixing accessor.TargetGoalAccessor from tombstone.mixins.json into net.minecraft.world.entity.ai.goal.target.TargetGoal
[06Aug2025 14:44:51.335] [main/DEBUG] [mixin/]: Mixing BlazeEntityMixin from friendsandfoes-common.mixins.json into net.minecraft.world.entity.monster.Blaze
[06Aug2025 14:44:51.347] [main/DEBUG] [mixin/]: Mixing boat.BoatMixin from securitycraft.mixins.json into net.minecraft.world.entity.vehicle.Boat
[06Aug2025 14:44:51.355] [main/DEBUG] [mixin/]: Mixing entities.AbstractHorseMixin from the_bumblezone-common.mixins.json into net.minecraft.world.entity.animal.horse.AbstractHorse
[06Aug2025 14:44:51.356] [main/DEBUG] [mixin/]: Mixing ZombieHorseAbstractHorseEntityMixin from friendsandfoes-common.mixins.json into net.minecraft.world.entity.animal.horse.AbstractHorse
[06Aug2025 14:44:51.375] [main/DEBUG] [net.minecraftforge.coremod.transformer.CoreModBaseTransformer/COREMOD]: Transforming net/minecraft/world/entity/monster/Spider
[06Aug2025 14:44:51.400] [main/DEBUG] [mixin/]: Mixing ChickenEntityMixin from friendsandfoes-common.mixins.json into net.minecraft.world.entity.animal.Chicken
[06Aug2025 14:44:51.400] [main/DEBUG] [mixin/]: Renaming synthetic method lambda$friendsandfoes_addFleeGoal$0(Ljava/lang/Object;)Z to md49d408$lambda$friendsandfoes_addFleeGoal$0$0 in friendsandfoes-common.mixins.json:ChickenEntityMixin
[06Aug2025 14:44:51.422] [main/DEBUG] [net.minecraftforge.coremod.transformer.CoreModBaseTransformer/COREMOD]: Transforming net/minecraft/world/entity/monster/Zombie
[06Aug2025 14:44:51.482] [main/DEBUG] [net.minecraftforge.coremod.transformer.CoreModBaseTransformer/COREMOD]: Transforming net/minecraft/world/entity/monster/ZombieVillager
[06Aug2025 14:44:51.519] [main/DEBUG] [mixin/]: Mixing entities.ThrownTridentAccessor from the_bumblezone-common.mixins.json into net.minecraft.world.entity.projectile.ThrownTrident
[06Aug2025 14:44:51.540] [main/DEBUG] [mixin/]: Mixing EndermanMixin from accessories-common.mixins.json into net.minecraft.world.entity.monster.EnderMan
[06Aug2025 14:44:51.546] [main/DEBUG] [mixin/]: Mixing IllusionerSpellcastingIllagerEntityMixin from friendsandfoes-common.mixins.json into net.minecraft.world.entity.monster.SpellcasterIllager
[06Aug2025 14:44:51.548] [main/DEBUG] [mixin/]: Mixing IllusionerRaiderEntityMixin from friendsandfoes-common.mixins.json into net.minecraft.world.entity.raid.Raider
[06Aug2025 14:44:51.555] [main/DEBUG] [net.minecraftforge.coremod.transformer.CoreModBaseTransformer/COREMOD]: Transforming net/minecraft/world/entity/monster/Evoker$EvokerSummonSpellGoal
[06Aug2025 14:44:51.569] [main/DEBUG] [mixin/]: Mixing entities.FoxAccessor from the_bumblezone-common.mixins.json into net.minecraft.world.entity.animal.Fox
[06Aug2025 14:44:51.586] [main/DEBUG] [mixin/]: Mixing entities.ItemFrameMixin from the_bumblezone-common.mixins.json into net.minecraft.world.entity.decoration.ItemFrame
[06Aug2025 14:44:51.597] [main/DEBUG] [mixin/]: Mixing ContainerMenuMixin from mixins.deeperdarker.json into net.minecraft.world.inventory.HopperMenu
[06Aug2025 14:44:51.604] [main/DEBUG] [mixin/]: Mixing IllusionerEntityMixin from friendsandfoes-common.mixins.json into net.minecraft.world.entity.monster.Illusioner
[06Aug2025 14:44:51.620] [main/DEBUG] [mixin/]: Mixing BlindTargetGoalFactory from friendsandfoes-common.mixins.json into net.minecraft.world.entity.monster.Illusioner$IllusionerBlindnessSpellGoal
[06Aug2025 14:44:51.620] [main/DEBUG] [mixin/]: Renaming @Invoker method newBlindTargetGoal(Lnet/minecraft/world/entity/monster/Illusioner;)Lnet/minecraft/world/entity/monster/Illusioner$IllusionerBlindnessSpellGoal; to newBlindTargetGoal_$md$49d408$0 in friendsandfoes-common.mixins.json:BlindTargetGoalFactory
[06Aug2025 14:44:51.644] [main/DEBUG] [mixin/]: Mixing PaintingMixin from mixins.deeperdarker.json into net.minecraft.world.entity.decoration.Painting
[06Aug2025 14:44:51.657] [main/DEBUG] [mixin/]: Mixing PhantomMixin from mixins.deeperdarker.json into net.minecraft.world.entity.monster.Phantom
[06Aug2025 14:44:51.677] [main/DEBUG] [mixin/]: Mixing RabbitEntityMixin from friendsandfoes-common.mixins.json into net.minecraft.world.entity.animal.Rabbit
[06Aug2025 14:44:51.678] [main/DEBUG] [mixin/]: Renaming synthetic method lambda$friendsandfoes_addFleeGoal$0(Ljava/lang/Object;)Z to md49d408$lambda$friendsandfoes_addFleeGoal$0$0 in friendsandfoes-common.mixins.json:RabbitEntityMixin
[06Aug2025 14:44:51.687] [main/DEBUG] [mixin/]: Mixing EatBlockGoalMixin from biomeswevegone-common.mixins.json into net.minecraft.world.entity.ai.goal.EatBlockGoal
[06Aug2025 14:44:51.701] [main/DEBUG] [net.minecraftforge.coremod.transformer.CoreModBaseTransformer/COREMOD]: Transforming net/minecraft/world/entity/animal/horse/SkeletonTrapGoal
[06Aug2025 14:44:51.715] [main/DEBUG] [mixin/]: Mixing SnowballEntityMixin from friendsandfoes-common.mixins.json into net.minecraft.world.entity.projectile.Snowball
[06Aug2025 14:44:51.722] [main/DEBUG] [net.minecraftforge.coremod.transformer.CoreModBaseTransformer/COREMOD]: Transforming net/minecraft/world/entity/monster/Strider
[06Aug2025 14:44:51.782] [main/DEBUG] [mixin/]: Mixing AddCustomEntityPoseMixin from friendsandfoes-common.mixins.json into net.minecraft.world.entity.Pose
[06Aug2025 14:44:51.783] [main/DEBUG] [mixin/]: Renaming @Invoker method newEntityPose(Ljava/lang/String;I)Lnet/minecraft/world/entity/Pose; to newEntityPose_$md$49d408$0 in friendsandfoes-common.mixins.json:AddCustomEntityPoseMixin
[06Aug2025 14:44:51.799] [main/DEBUG] [mixin/]: Mixing VillagerHostilesSensorMixin from friendsandfoes-common.mixins.json into net.minecraft.world.entity.ai.sensing.VillagerHostilesSensor
[06Aug2025 14:44:51.812] [main/DEBUG] [mixin/]: Mixing WardenMixin from mixins.deeperdarker.json into net.minecraft.world.entity.monster.warden.Warden
[06Aug2025 14:44:51.822] [main/DEBUG] [mixin/]: Mixing AttachmentTargetsMixin from fabric-data-attachment-api-v1.mixins.json into net.minecraft.world.level.chunk.ChunkAccess
[06Aug2025 14:44:51.823] [main/DEBUG] [mixin/]: Mixing ChunkAccessMixin from smoothchunk.mixins.json into net.minecraft.world.level.chunk.ChunkAccess
[06Aug2025 14:44:51.824] [main/DEBUG] [mixin/]: Mixing chunk.MixinChunkAccess from ohthetreesyoullgrow.mixins.json into net.minecraft.world.level.chunk.ChunkAccess
[06Aug2025 14:44:51.824] [main/DEBUG] [mixin/]: Mixing chunk.MixinChunkAccess from corgilib-common.mixins.json into net.minecraft.world.level.chunk.ChunkAccess
[06Aug2025 14:44:51.825] [main/DEBUG] [mixin/]: Mixing ChunkAccessMixin from biomeswevegone-common.mixins.json into net.minecraft.world.level.chunk.ChunkAccess
[06Aug2025 14:44:51.828] [main/WARN] [mixin/]: Method overwrite conflict for scheduleRandomTick in corgilib-common.mixins.json:chunk.MixinChunkAccess, previously written by dev.corgitaco.ohthetreesyoullgrow.mixin.chunk.MixinChunkAccess. Skipping method.
[06Aug2025 14:44:51.829] [main/WARN] [mixin/]: Method overwrite conflict for getScheduledRandomTicks in corgilib-common.mixins.json:chunk.MixinChunkAccess, previously written by dev.corgitaco.ohthetreesyoullgrow.mixin.chunk.MixinChunkAccess. Skipping method.
[06Aug2025 14:44:51.830] [main/DEBUG] [mixin/]: Unexpected: Registered method scheduleRandomTick(Lnet/minecraft/core/BlockPos;)V in net.minecraft.world.level.chunk.ChunkAccess was not merged
[06Aug2025 14:44:51.830] [main/DEBUG] [mixin/]: Unexpected: Registered method getScheduledRandomTicks()Ljava/util/List; in net.minecraft.world.level.chunk.ChunkAccess was not merged
[06Aug2025 14:44:51.835] [main/DEBUG] [mixin/]: Mixing WorldChunkMixin from fabric-data-attachment-api-v1.mixins.json into net.minecraft.world.level.chunk.LevelChunk
[06Aug2025 14:44:51.836] [main/DEBUG] [mixin/]: Mixing chunk.MixinLevelChunk from ohthetreesyoullgrow.mixins.json into net.minecraft.world.level.chunk.LevelChunk
[06Aug2025 14:44:51.836] [main/DEBUG] [mixin/]: Mixing chunk.MixinLevelChunk from corgilib-common.mixins.json into net.minecraft.world.level.chunk.LevelChunk
[06Aug2025 14:44:51.836] [main/DEBUG] [mixin/]: Mixing logging.LevelChunkMixin from the_bumblezone-common.mixins.json into net.minecraft.world.level.chunk.LevelChunk
[06Aug2025 14:44:51.859] [main/DEBUG] [net.minecraftforge.coremod.transformer.CoreModBaseTransformer/COREMOD]: Transforming net/minecraft/world/entity/npc/Villager
[06Aug2025 14:44:51.912] [main/DEBUG] [mixin/]: Mixing accessor.VillagerAccessor from tombstone.mixins.json into net.minecraft.world.entity.npc.Villager
[06Aug2025 14:44:51.913] [main/DEBUG] [mixin/]: Mixing item.wearable.villagerhat.VillagerMixin from mixins.artifacts.common.json into net.minecraft.world.entity.npc.Villager
[06Aug2025 14:44:51.921] [main/DEBUG] [mixin/]: Mixing MerchantMenuMixin from goblintraders.common.mixins.json into net.minecraft.world.inventory.MerchantMenu
[06Aug2025 14:44:51.921] [main/DEBUG] [mixin/]: Renaming synthetic method lambda$goblinTraders$isMatching$0(Ljava/util/Map;Ljava/util/Map$Entry;)Z to md49d408$lambda$goblinTraders$isMatching$0$0 in goblintraders.common.mixins.json:MerchantMenuMixin
[06Aug2025 14:44:51.943] [main/DEBUG] [mixin/]: Mixing ZombieHorseEntityMixin from friendsandfoes-common.mixins.json into net.minecraft.world.entity.animal.horse.ZombieHorse
[06Aug2025 14:44:51.949] [main/DEBUG] [mixin/]: Mixing entities.FishingHookMixin from the_bumblezone-common.mixins.json into net.minecraft.world.entity.projectile.FishingHook
[06Aug2025 14:44:51.955] [main/DEBUG] [mixin/]: Mixing EquipmentSlotMixin from accessories-common.mixins.json into net.minecraft.world.entity.EquipmentSlot
[06Aug2025 14:44:51.955] [main/DEBUG] [mixin/]: Renaming @Invoker method invokeNew(Ljava/lang/String;ILnet/minecraft/world/entity/EquipmentSlot$Type;IILjava/lang/String;)Lnet/minecraft/world/entity/EquipmentSlot; to invokeNew_$md$49d408$0 in accessories-common.mixins.json:EquipmentSlotMixin
[06Aug2025 14:44:51.956] [main/DEBUG] [mixin/]: Mixing EquipmentSlotTypeMixin from accessories-common.mixins.json into net.minecraft.world.entity.EquipmentSlot$Type
[06Aug2025 14:44:51.957] [main/DEBUG] [mixin/]: Renaming @Invoker method invokeNew(Ljava/lang/String;I)Lnet/minecraft/world/entity/EquipmentSlot$Type; to invokeNew_$md$49d408$0 in accessories-common.mixins.json:EquipmentSlotTypeMixin
[06Aug2025 14:44:51.966] [main/DEBUG] [mixin/]: Mixing inject.MixinFoodPropertiesBuilder from architectury-common.mixins.json into net.minecraft.world.food.FoodProperties$Builder
[06Aug2025 14:44:51.968] [main/DEBUG] [net.minecraftforge.coremod.transformer.CoreModBaseTransformer/COREMOD]: Transforming net/minecraft/world/effect/MobEffectInstance
[06Aug2025 14:44:51.968] [main/DEBUG] [mixin/]: Mixing effects.MobEffectInstanceAccessor from the_bumblezone-common.mixins.json into net.minecraft.world.effect.MobEffectInstance
[06Aug2025 14:44:51.993] [main/DEBUG] [mixin/]: Mixing entities.ServerGamePacketListenerImplMixin from the_bumblezone-common.mixins.json into net.minecraft.server.network.ServerGamePacketListenerImpl
[06Aug2025 14:44:51.993] [main/DEBUG] [mixin/]: Mixing gameplay.ServerGamePacketListenerImplAccessor from the_bumblezone-common.mixins.json into net.minecraft.server.network.ServerGamePacketListenerImpl
[06Aug2025 14:44:51.993] [main/DEBUG] [mixin/]: Mixing item.umbrella.server.ServerGamePacketListenerImplMixin from mixins.artifacts.common.json into net.minecraft.server.network.ServerGamePacketListenerImpl
[06Aug2025 14:44:51.994] [main/DEBUG] [mixin/]: Mixing MixinServerGamePacketListenerImpl from badpackets.mixins.json into net.minecraft.server.network.ServerGamePacketListenerImpl
[06Aug2025 14:44:51.994] [main/DEBUG] [mixin/]: badpackets.mixins.json:MixinServerGamePacketListenerImpl: Class version 61 required is higher than the class version supported by the current version of Mixin (JAVA_16 supports class version 60)
[06Aug2025 14:44:51.995] [main/DEBUG] [mixin/]: Mixing passcode.ServerGamePacketListenerImplMixin from securitycraft.mixins.json into net.minecraft.server.network.ServerGamePacketListenerImpl
[06Aug2025 14:44:51.996] [main/DEBUG] [mixin/]: Mixing swimming.server.ServerGamePacketListenerImplMixin from expandability-common.mixins.json into net.minecraft.server.network.ServerGamePacketListenerImpl
[06Aug2025 14:44:52.012] [main/DEBUG] [mixin/]: Mixing containers.PotionBrewingAccessor from the_bumblezone-common.mixins.json into net.minecraft.world.item.alchemy.PotionBrewing
[06Aug2025 14:44:52.012] [main/DEBUG] [mixin/]: Renaming @Invoker method bumblezone$callAddMix(Lnet/minecraft/world/item/alchemy/Potion;Lnet/minecraft/world/item/Item;Lnet/minecraft/world/item/alchemy/Potion;)V to bumblezone$callAddMix_$md$49d408$0 in the_bumblezone-common.mixins.json:containers.PotionBrewingAccessor
[06Aug2025 14:44:52.013] [main/DEBUG] [mixin/]: Mixing BrewingRecipeRegistryMixin from friendsandfoes-common.mixins.json into net.minecraft.world.item.alchemy.PotionBrewing
[06Aug2025 14:44:52.013] [main/DEBUG] [mixin/]: Renaming @Invoker method invokeRegisterPotionRecipe(Lnet/minecraft/world/item/alchemy/Potion;Lnet/minecraft/world/item/Item;Lnet/minecraft/world/item/alchemy/Potion;)V to invokeRegisterPotionRecipe_$md$49d408$1 in friendsandfoes-common.mixins.json:BrewingRecipeRegistryMixin
[06Aug2025 14:44:52.013] [main/DEBUG] [mixin/]: Mixing accessor.PotionBrewingForgeAccessor from puzzleslib.forge.mixins.json into net.minecraft.world.item.alchemy.PotionBrewing
[06Aug2025 14:44:52.013] [main/DEBUG] [mixin/]: Renaming @Accessor method puzzleslib$getPotionMixes()Ljava/util/List; to puzzleslib$getPotionMixes_$md$49d408$2 in puzzleslib.forge.mixins.json:accessor.PotionBrewingForgeAccessor
[06Aug2025 14:44:52.013] [main/DEBUG] [mixin/]: Renaming @Accessor method puzzleslib$getContainerMixes()Ljava/util/List; to puzzleslib$getContainerMixes_$md$49d408$3 in puzzleslib.forge.mixins.json:accessor.PotionBrewingForgeAccessor
[06Aug2025 14:44:52.013] [main/DEBUG] [mixin/]: Renaming @Accessor method puzzleslib$getAllowedContainers()Ljava/util/List; to puzzleslib$getAllowedContainers_$md$49d408$4 in puzzleslib.forge.mixins.json:accessor.PotionBrewingForgeAccessor
[06Aug2025 14:44:52.064] [main/DEBUG] [mixin/]: Mixing ContainerMenuMixin from mixins.deeperdarker.json into net.minecraft.world.inventory.AbstractFurnaceMenu
[06Aug2025 14:44:52.072] [main/DEBUG] [mixin/]: Mixing ContainerMenuMixin from mixins.deeperdarker.json into net.minecraft.world.inventory.DispenserMenu
[06Aug2025 14:44:52.077] [main/DEBUG] [mixin/]: Mixing ContainerMenuMixin from mixins.deeperdarker.json into net.minecraft.world.inventory.BrewingStandMenu
[06Aug2025 14:44:52.078] [main/DEBUG] [mixin/]: Mixing potion.BrewingStandMenuMixin from securitycraft.mixins.json into net.minecraft.world.inventory.BrewingStandMenu
[06Aug2025 14:44:52.081] [main/DEBUG] [mixin/]: Mixing ContainerMenuMixin from mixins.deeperdarker.json into net.minecraft.world.inventory.BeaconMenu
[06Aug2025 14:44:52.085] [main/DEBUG] [mixin/]: Mixing world.StructureProcessorAccessor from the_bumblezone-common.mixins.json into net.minecraft.world.level.levelgen.structure.templatesystem.StructureProcessor
[06Aug2025 14:44:52.088] [main/DEBUG] [mixin/]: Mixing ContainerMenuMixin from mixins.deeperdarker.json into net.minecraft.world.inventory.ShulkerBoxMenu
[06Aug2025 14:44:52.110] [main/DEBUG] [mixin/]: Mixing ChunkGeneratorMixin from citadel.mixins.json into net.minecraft.world.level.chunk.ChunkGenerator
[06Aug2025 14:44:52.134] [main/DEBUG] [mixin/]: Mixing InventoryMixin from carryon.mixins.json into net.minecraft.world.entity.player.Inventory
[06Aug2025 14:44:52.134] [main/DEBUG] [mixin/]: Mixing InventoryMixin from accessories-common.mixins.json into net.minecraft.world.entity.player.Inventory
[06Aug2025 14:44:52.135] [main/DEBUG] [mixin/]: Renaming synthetic method lambda$extendContainsCheck$2(Lnet/minecraft/tags/TagKey;Lnet/minecraft/world/item/ItemStack;)Z to md49d408$lambda$extendContainsCheck$2$0 in accessories-common.mixins.json:InventoryMixin
[06Aug2025 14:44:52.135] [main/DEBUG] [mixin/]: Renaming synthetic method lambda$extendContainsCheck$1(Lnet/minecraft/world/item/ItemStack;Lnet/minecraft/world/item/ItemStack;)Z to md49d408$lambda$extendContainsCheck$1$1 in accessories-common.mixins.json:InventoryMixin
[06Aug2025 14:44:52.135] [main/DEBUG] [mixin/]: Renaming synthetic method lambda$clearAccessories$0(Lcom/llamalad7/mixinextras/sugar/ref/LocalIntRef;Ljava/util/function/Predicate;ILjava/lang/String;Lio/wispforest/accessories/api/AccessoriesContainer;)V to md49d408$lambda$clearAccessories$0$2 in accessories-common.mixins.json:InventoryMixin
[06Aug2025 14:44:52.148] [main/DEBUG] [mixin/]: Mixing accessor.SimpleContainerAccessor from puzzleslib.common.mixins.json into net.minecraft.world.SimpleContainer
[06Aug2025 14:44:52.150] [main/DEBUG] [mixin/]: Mixing accessor.SlotAccessor from easyanvils.common.mixins.json into net.minecraft.world.inventory.Slot
[06Aug2025 14:44:52.150] [main/DEBUG] [mixin/]: Mixing SlotAccessor from balm.mixins.json into net.minecraft.world.inventory.Slot
[06Aug2025 14:44:52.150] [main/DEBUG] [mixin/]: Mixing SlotAccessor from accessories-common.mixins.json into net.minecraft.world.inventory.Slot
[06Aug2025 14:44:52.161] [main/DEBUG] [mixin/]: Mixing MerchantResultSlotMixin from goblintraders.common.mixins.json into net.minecraft.world.inventory.MerchantResultSlot
[06Aug2025 14:44:52.172] [main/DEBUG] [mixin/]: Mixing accessor.ShapedRecipeAccessor from tombstone.mixins.json into net.minecraft.world.item.crafting.ShapedRecipe
[06Aug2025 14:44:52.173] [main/DEBUG] [mixin/]: Mixing containers.ShapedRecipeAccessor from the_bumblezone-common.mixins.json into net.minecraft.world.item.crafting.ShapedRecipe
[06Aug2025 14:44:52.173] [main/DEBUG] [mixin/]: Renaming @Invoker method bumblezone$callDissolvePattern([Ljava/lang/String;Ljava/util/Map;II)Lnet/minecraft/core/NonNullList; to bumblezone$callDissolvePattern_$md$49d408$0 in the_bumblezone-common.mixins.json:containers.ShapedRecipeAccessor
[06Aug2025 14:44:52.173] [main/DEBUG] [mixin/]: Renaming @Invoker method bumblezone$callPatternFromJson(Lcom/google/gson/JsonArray;)[Ljava/lang/String; to bumblezone$callPatternFromJson_$md$49d408$1 in the_bumblezone-common.mixins.json:containers.ShapedRecipeAccessor
[06Aug2025 14:44:52.173] [main/DEBUG] [mixin/]: Renaming @Invoker method bumblezone$callKeyFromJson(Lcom/google/gson/JsonObject;)Ljava/util/Map; to bumblezone$callKeyFromJson_$md$49d408$2 in the_bumblezone-common.mixins.json:containers.ShapedRecipeAccessor
[06Aug2025 14:44:52.173] [main/DEBUG] [mixin/]: Renaming @Invoker method bumblezone$callShrink([Ljava/lang/String;)[Ljava/lang/String; to bumblezone$callShrink_$md$49d408$3 in the_bumblezone-common.mixins.json:containers.ShapedRecipeAccessor
[06Aug2025 14:44:52.245] [main/DEBUG] [mixin/]: Mixing loot.LootContextAccessor from the_bumblezone-common.mixins.json into net.minecraft.world.level.storage.loot.LootContext
[06Aug2025 14:44:52.262] [main/DEBUG] [mixin/]: Mixing ApplyBonusCountMixin from accessories-common.mixins.json into net.minecraft.world.level.storage.loot.functions.ApplyBonusCount
[06Aug2025 14:44:52.299] [main/DEBUG] [mixin/]: Mixing util.WeightedRandomListAccessor from the_bumblezone-common.mixins.json into net.minecraft.util.random.WeightedRandomList
[06Aug2025 14:44:52.467] [main/DEBUG] [mixin/]: Mixing StructureSetMixin from bettervillage.mixins.json into net.minecraft.world.level.levelgen.structure.StructureSet
[06Aug2025 14:44:52.468] [main/DEBUG] [mixin/]: Renaming synthetic method lambda$onCreateStructureSet$1(Lnet/minecraft/world/level/levelgen/structure/StructureSet$StructureSelectionEntry;)Z to md49d408$lambda$onCreateStructureSet$1$0 in bettervillage.mixins.json:StructureSetMixin
[06Aug2025 14:44:52.468] [main/DEBUG] [mixin/]: Renaming synthetic method lambda$onCreateStructureSet$0(Lnet/minecraft/resources/ResourceKey;)Ljava/lang/Boolean; to md49d408$lambda$onCreateStructureSet$0$1 in bettervillage.mixins.json:StructureSetMixin
[06Aug2025 14:44:52.472] [main/DEBUG] [net.minecraftforge.coremod.transformer.CoreModBaseTransformer/COREMOD]: Transforming net/minecraft/world/level/levelgen/structure/Structure
[06Aug2025 14:44:52.501] [main/DEBUG] [mixin/]: Mixing StrongholdGeneratorMixin from friendsandfoes-common.mixins.json into net.minecraft.world.level.levelgen.structure.structures.StrongholdPieces$Library
[06Aug2025 14:44:52.516] [main/DEBUG] [net.minecraftforge.coremod.transformer.CoreModBaseTransformer/COREMOD]: Transforming net/minecraft/world/level/levelgen/structure/structures/OceanRuinPieces$OceanRuinPiece
[06Aug2025 14:44:52.535] [main/DEBUG] [net.minecraftforge.coremod.transformer.CoreModBaseTransformer/COREMOD]: Transforming net/minecraft/world/level/levelgen/structure/structures/SwampHutPiece
[06Aug2025 14:44:52.553] [main/DEBUG] [net.minecraftforge.coremod.transformer.CoreModBaseTransformer/COREMOD]: Transforming net/minecraft/world/level/levelgen/structure/structures/OceanMonumentPieces$OceanMonumentPiece
[06Aug2025 14:44:52.576] [main/DEBUG] [net.minecraftforge.coremod.transformer.CoreModBaseTransformer/COREMOD]: Transforming net/minecraft/world/level/levelgen/structure/structures/WoodlandMansionPieces$WoodlandMansionPiece
[06Aug2025 14:44:52.605] [main/DEBUG] [mixin/]: Mixing world.StructurePoolAccessor from the_bumblezone-common.mixins.json into net.minecraft.world.level.levelgen.structure.pools.StructureTemplatePool
[06Aug2025 14:44:52.606] [main/DEBUG] [mixin/]: Mixing StructureTemplatePoolAccessor from waystones.mixins.json into net.minecraft.world.level.levelgen.structure.pools.StructureTemplatePool
[06Aug2025 14:44:52.606] [main/DEBUG] [mixin/]: Mixing StructurePoolAccessor from friendsandfoes-common.mixins.json into net.minecraft.world.level.levelgen.structure.pools.StructureTemplatePool
[06Aug2025 14:44:52.674] [main/DEBUG] [mixin/]: Mixing MixinBiomeSource from terrablender.mixins.json into net.minecraft.world.level.biome.BiomeSource
[06Aug2025 14:44:52.675] [main/DEBUG] [mixin/]: Renaming synthetic method lambda$appendDeferredBiomesList$0(Lcom/google/common/collect/ImmutableList;)Ljava/util/Set; to md49d408$lambda$appendDeferredBiomesList$0$0 in terrablender.mixins.json:MixinBiomeSource
[06Aug2025 14:44:52.682] [main/DEBUG] [net.minecraftforge.coremod.transformer.CoreModBaseTransformer/COREMOD]: Transforming net/minecraft/world/level/biome/Biome
[06Aug2025 14:44:52.684] [main/DEBUG] [mixin/]: Mixing biomeTemperatureLeak.Biome_threadLocalMixin from memoryleakfix.mixins.json into net.minecraft.world.level.biome.Biome
[06Aug2025 14:44:52.707] [main/DEBUG] [mixin/]: Mixing accessor.MobSpawnSettingsBuilderForgeAccessor from puzzleslib.forge.mixins.json into net.minecraft.world.level.biome.MobSpawnSettings$Builder
[06Aug2025 14:44:52.716] [main/DEBUG] [mixin/]: Mixing MixinMultiNoiseBiomeSource from terrablender.mixins.json into net.minecraft.world.level.biome.MultiNoiseBiomeSource
[06Aug2025 14:44:52.718] [main/DEBUG] [mixin/]: Mixing MixinParameterList from terrablender.mixins.json into net.minecraft.world.level.biome.Climate$ParameterList
[06Aug2025 14:44:52.719] [main/DEBUG] [mixin/]: Renaming synthetic method lambda$initializeForTerraBlender$0(Lnet/minecraft/core/Registry;Lcom/google/common/collect/ImmutableList$Builder;Lcom/mojang/datafixers/util/Pair;)V to md49d408$lambda$initializeForTerraBlender$0$0 in terrablender.mixins.json:MixinParameterList
[06Aug2025 14:44:52.731] [main/DEBUG] [mixin/]: Mixing RegistryOpsAccessor from accessories-common.mixins.json into net.minecraft.resources.RegistryOps
[06Aug2025 14:44:52.733] [main/DEBUG] [mixin/]: Mixing DelegatingOpsAccessor from accessories-common.mixins.json into net.minecraft.resources.DelegatingOps
[06Aug2025 14:44:52.733] [main/DEBUG] [mixin/]: Mixing DelegatingOpsMixin from corgilib-common.mixins.json into net.minecraft.resources.DelegatingOps
[06Aug2025 14:44:52.741] [main/DEBUG] [mixin/]: Mixing NoiseBasedChunkGeneratorMixin from citadel.mixins.json into net.minecraft.world.level.levelgen.NoiseBasedChunkGenerator
[06Aug2025 14:44:52.747] [main/DEBUG] [mixin/]: Mixing world.NoiseGeneratorSettingsAccessor from the_bumblezone-common.mixins.json into net.minecraft.world.level.levelgen.NoiseGeneratorSettings
[06Aug2025 14:44:52.747] [main/DEBUG] [mixin/]: Mixing MixinNoiseGeneratorSettings from terrablender.mixins.json into net.minecraft.world.level.levelgen.NoiseGeneratorSettings
[06Aug2025 14:44:52.824] [main/DEBUG] [mixin/]: Mixing world.SinglePoolElementAccessor from the_bumblezone-common.mixins.json into net.minecraft.world.level.levelgen.structure.pools.SinglePoolElement
[06Aug2025 14:44:52.825] [main/DEBUG] [mixin/]: Mixing SinglePoolElementMixin from waystones.mixins.json into net.minecraft.world.level.levelgen.structure.pools.SinglePoolElement
[06Aug2025 14:44:52.825] [main/DEBUG] [mixin/]: Renaming synthetic method lambda$waystones$isWaystone$1(Lnet/minecraft/world/level/levelgen/structure/templatesystem/StructureTemplate;)V to md49d408$lambda$waystones$isWaystone$1$0 in waystones.mixins.json:SinglePoolElementMixin
[06Aug2025 14:44:52.825] [main/DEBUG] [mixin/]: Renaming synthetic method lambda$waystones$isWaystone$0(Lnet/minecraft/resources/ResourceLocation;)V to md49d408$lambda$waystones$isWaystone$0$1 in waystones.mixins.json:SinglePoolElementMixin
[06Aug2025 14:44:52.848] [main/DEBUG] [mixin/]: Mixing LanguageMixin from wthit.mixins.json into net.minecraft.locale.Language
[06Aug2025 14:44:52.848] [main/DEBUG] [mixin/]: wthit.mixins.json:LanguageMixin: Class version 61 required is higher than the class version supported by the current version of Mixin (JAVA_16 supports class version 60)
[06Aug2025 14:44:52.932] [main/DEBUG] [net.minecraftforge.common.ForgeI18n/CORE]: Loading I18N data entries: 6430
[06Aug2025 14:44:52.948] [main/DEBUG] [net.minecraftforge.fml.ModWorkManager/LOADING]: Using 4 threads for parallel mod-loading
[06Aug2025 14:44:52.952] [main/DEBUG] [net.minecraftforge.fml.javafmlmod.FMLJavaModLanguageProvider/LOADING]: Loading FMLModContainer from classloader cpw.mods.modlauncher.TransformingClassLoader@2519026b - got cpw.mods.cl.ModuleClassLoader@6482eef
[06Aug2025 14:44:52.953] [main/DEBUG] [net.minecraftforge.fml.javafmlmod.FMLModContainer/LOADING]: Creating FMLModContainer instance for net.joefoxe.hexerei.Hexerei
[06Aug2025 14:44:52.958] [main/DEBUG] [net.minecraftforge.fml.javafmlmod.FMLJavaModLanguageProvider/LOADING]: Loading FMLModContainer from classloader cpw.mods.modlauncher.TransformingClassLoader@2519026b - got cpw.mods.cl.ModuleClassLoader@6482eef
[06Aug2025 14:44:52.958] [main/DEBUG] [net.minecraftforge.fml.javafmlmod.FMLModContainer/LOADING]: Creating FMLModContainer instance for net.blay09.mods.kuma.forge.ForgeKumaAPI
[06Aug2025 14:44:52.959] [main/DEBUG] [net.minecraftforge.fml.javafmlmod.FMLJavaModLanguageProvider/LOADING]: Loading FMLModContainer from classloader cpw.mods.modlauncher.TransformingClassLoader@2519026b - got cpw.mods.cl.ModuleClassLoader@6482eef
[06Aug2025 14:44:52.959] [main/DEBUG] [net.minecraftforge.fml.javafmlmod.FMLModContainer/LOADING]: Creating FMLModContainer instance for fr.samlegamer.mcwbyg.McwByg
[06Aug2025 14:44:52.960] [main/DEBUG] [net.minecraftforge.fml.javafmlmod.FMLJavaModLanguageProvider/LOADING]: Loading FMLModContainer from classloader cpw.mods.modlauncher.TransformingClassLoader@2519026b - got cpw.mods.cl.ModuleClassLoader@6482eef
[06Aug2025 14:44:52.960] [main/DEBUG] [net.minecraftforge.fml.javafmlmod.FMLModContainer/LOADING]: Creating FMLModContainer instance for fuzs.easyanvils.EasyAnvilsForge
[06Aug2025 14:44:52.961] [main/DEBUG] [net.minecraftforge.fml.javafmlmod.FMLJavaModLanguageProvider/LOADING]: Loading FMLModContainer from classloader cpw.mods.modlauncher.TransformingClassLoader@2519026b - got cpw.mods.cl.ModuleClassLoader@6482eef
[06Aug2025 14:44:52.961] [main/DEBUG] [net.minecraftforge.fml.javafmlmod.FMLModContainer/LOADING]: Creating FMLModContainer instance for software.bernie.example.GeckoLibMod
[06Aug2025 14:44:52.961] [main/DEBUG] [net.minecraftforge.fml.javafmlmod.FMLJavaModLanguageProvider/LOADING]: Loading FMLModContainer from classloader cpw.mods.modlauncher.TransformingClassLoader@2519026b - got cpw.mods.cl.ModuleClassLoader@6482eef
[06Aug2025 14:44:52.962] [main/DEBUG] [net.minecraftforge.fml.javafmlmod.FMLModContainer/LOADING]: Creating FMLModContainer instance for net.tschipcraft.dynamiclights.forge.Init
[06Aug2025 14:44:52.963] [main/DEBUG] [net.minecraftforge.fml.lowcodemod.LowCodeModLanguageProvider.LowCodeModTarget/LOADING]: Loading LowCodeModContainer from classloader cpw.mods.modlauncher.TransformingClassLoader@2519026b - got cpw.mods.cl.ModuleClassLoader@6482eef
[06Aug2025 14:44:52.963] [main/DEBUG] [net.minecraftforge.fml.lowcodemod.LowCodeModContainer/LOADING]: Creating LowCodeModContainer for incendium
[06Aug2025 14:44:52.963] [main/DEBUG] [net.minecraftforge.fml.javafmlmod.FMLJavaModLanguageProvider/LOADING]: Loading FMLModContainer from classloader cpw.mods.modlauncher.TransformingClassLoader@2519026b - got cpw.mods.cl.ModuleClassLoader@6482eef
[06Aug2025 14:44:52.963] [main/DEBUG] [net.minecraftforge.fml.javafmlmod.FMLModContainer/LOADING]: Creating FMLModContainer instance for net.p3pp3rf1y.sophisticatedcore.SophisticatedCore
[06Aug2025 14:44:52.964] [main/DEBUG] [net.minecraftforge.fml.javafmlmod.FMLJavaModLanguageProvider/LOADING]: Loading FMLModContainer from classloader cpw.mods.modlauncher.TransformingClassLoader@2519026b - got cpw.mods.cl.ModuleClassLoader@6482eef
[06Aug2025 14:44:52.964] [main/DEBUG] [net.minecraftforge.fml.javafmlmod.FMLModContainer/LOADING]: Creating FMLModContainer instance for com.gpumemleakfix.Gpumemleakfix
[06Aug2025 14:44:52.964] [main/DEBUG] [net.minecraftforge.fml.javafmlmod.FMLJavaModLanguageProvider/LOADING]: Loading FMLModContainer from classloader cpw.mods.modlauncher.TransformingClassLoader@2519026b - got cpw.mods.cl.ModuleClassLoader@6482eef
[06Aug2025 14:44:52.964] [main/DEBUG] [net.minecraftforge.fml.javafmlmod.FMLModContainer/LOADING]: Creating FMLModContainer instance for com.github.alexthe666.citadel.Citadel
[06Aug2025 14:44:52.965] [main/DEBUG] [net.minecraftforge.fml.javafmlmod.FMLJavaModLanguageProvider/LOADING]: Loading FMLModContainer from classloader cpw.mods.modlauncher.TransformingClassLoader@2519026b - got cpw.mods.cl.ModuleClassLoader@6482eef
[06Aug2025 14:44:52.965] [main/DEBUG] [net.minecraftforge.fml.javafmlmod.FMLModContainer/LOADING]: Creating FMLModContainer instance for com.github.alexthe666.alexsmobs.AlexsMobs
[06Aug2025 14:44:52.966] [main/DEBUG] [net.minecraftforge.fml.javafmlmod.FMLJavaModLanguageProvider/LOADING]: Loading FMLModContainer from classloader cpw.mods.modlauncher.TransformingClassLoader@2519026b - got cpw.mods.cl.ModuleClassLoader@6482eef
[06Aug2025 14:44:52.966] [main/DEBUG] [net.minecraftforge.fml.javafmlmod.FMLModContainer/LOADING]: Creating FMLModContainer instance for net.fabricmc.fabric.impl.attachment.AttachmentEntrypoint
[06Aug2025 14:44:52.967] [main/DEBUG] [net.minecraftforge.fml.javafmlmod.FMLJavaModLanguageProvider/LOADING]: Loading FMLModContainer from classloader cpw.mods.modlauncher.TransformingClassLoader@2519026b - got cpw.mods.cl.ModuleClassLoader@6482eef
[06Aug2025 14:44:52.967] [main/DEBUG] [net.minecraftforge.fml.javafmlmod.FMLModContainer/LOADING]: Creating FMLModContainer instance for com.llamalad7.mixinextras.platform.forge.MixinExtrasMod
[06Aug2025 14:44:52.967] [main/DEBUG] [net.minecraftforge.fml.javafmlmod.FMLJavaModLanguageProvider/LOADING]: Loading FMLModContainer from classloader cpw.mods.modlauncher.TransformingClassLoader@2519026b - got cpw.mods.cl.ModuleClassLoader@6482eef
[06Aug2025 14:44:52.967] [main/DEBUG] [net.minecraftforge.fml.javafmlmod.FMLModContainer/LOADING]: Creating FMLModContainer instance for net.p3pp3rf1y.sophisticatedbackpacks.SophisticatedBackpacks
[06Aug2025 14:44:52.968] [main/DEBUG] [net.minecraftforge.fml.javafmlmod.FMLJavaModLanguageProvider/LOADING]: Loading FMLModContainer from classloader cpw.mods.modlauncher.TransformingClassLoader@2519026b - got cpw.mods.cl.ModuleClassLoader@6482eef
[06Aug2025 14:44:52.968] [main/DEBUG] [net.minecraftforge.fml.javafmlmod.FMLModContainer/LOADING]: Creating FMLModContainer instance for net.blay09.mods.balm.forge.ForgeBalm
[06Aug2025 14:44:52.968] [main/DEBUG] [net.minecraftforge.fml.javafmlmod.FMLJavaModLanguageProvider/LOADING]: Loading FMLModContainer from classloader cpw.mods.modlauncher.TransformingClassLoader@2519026b - got cpw.mods.cl.ModuleClassLoader@6482eef
[06Aug2025 14:44:52.968] [main/DEBUG] [net.minecraftforge.fml.javafmlmod.FMLModContainer/LOADING]: Creating FMLModContainer instance for bre2el.fpsreducer.FpsReducer
[06Aug2025 14:44:52.969] [main/DEBUG] [net.minecraftforge.fml.javafmlmod.FMLJavaModLanguageProvider/LOADING]: Loading FMLModContainer from classloader cpw.mods.modlauncher.TransformingClassLoader@2519026b - got cpw.mods.cl.ModuleClassLoader@6482eef
[06Aug2025 14:44:52.969] [main/DEBUG] [net.minecraftforge.fml.javafmlmod.FMLModContainer/LOADING]: Creating FMLModContainer instance for tschipp.carryon.CarryOnForge
[06Aug2025 14:44:52.970] [main/DEBUG] [net.minecraftforge.fml.javafmlmod.FMLJavaModLanguageProvider/LOADING]: Loading FMLModContainer from classloader cpw.mods.modlauncher.TransformingClassLoader@2519026b - got cpw.mods.cl.ModuleClassLoader@6482eef
[06Aug2025 14:44:52.970] [main/DEBUG] [net.minecraftforge.fml.javafmlmod.FMLModContainer/LOADING]: Creating FMLModContainer instance for dzwdz.chat_heads.forge.ChatHeadsForge
[06Aug2025 14:44:52.970] [main/DEBUG] [net.minecraftforge.fml.javafmlmod.FMLJavaModLanguageProvider/LOADING]: Loading FMLModContainer from classloader cpw.mods.modlauncher.TransformingClassLoader@2519026b - got cpw.mods.cl.ModuleClassLoader@6482eef
[06Aug2025 14:44:52.970] [main/DEBUG] [net.minecraftforge.fml.javafmlmod.FMLModContainer/LOADING]: Creating FMLModContainer instance for me.shedaniel.clothconfig.ClothConfigForge
[06Aug2025 14:44:52.971] [main/DEBUG] [net.minecraftforge.fml.javafmlmod.FMLJavaModLanguageProvider/LOADING]: Loading FMLModContainer from classloader cpw.mods.modlauncher.TransformingClassLoader@2519026b - got cpw.mods.cl.ModuleClassLoader@6482eef
[06Aug2025 14:44:52.971] [main/DEBUG] [net.minecraftforge.fml.javafmlmod.FMLModContainer/LOADING]: Creating FMLModContainer instance for net.mcreator.craftableelytraremastered.CraftableElytraRemasteredMod
[06Aug2025 14:44:52.971] [main/DEBUG] [net.minecraftforge.fml.javafmlmod.FMLJavaModLanguageProvider/LOADING]: Loading FMLModContainer from classloader cpw.mods.modlauncher.TransformingClassLoader@2519026b - got cpw.mods.cl.ModuleClassLoader@6482eef
[06Aug2025 14:44:52.971] [main/DEBUG] [net.minecraftforge.fml.javafmlmod.FMLModContainer/LOADING]: Creating FMLModContainer instance for com.hrznstudio.emojiful.EmojifulForge
[06Aug2025 14:44:52.972] [main/DEBUG] [net.minecraftforge.fml.javafmlmod.FMLJavaModLanguageProvider/LOADING]: Loading FMLModContainer from classloader cpw.mods.modlauncher.TransformingClassLoader@2519026b - got cpw.mods.cl.ModuleClassLoader@6482eef
[06Aug2025 14:44:52.972] [main/DEBUG] [net.minecraftforge.fml.javafmlmod.FMLModContainer/LOADING]: Creating FMLModContainer instance for de.keksuccino.konkrete.Konkrete
[06Aug2025 14:44:52.972] [main/DEBUG] [net.minecraftforge.fml.javafmlmod.FMLJavaModLanguageProvider/LOADING]: Loading FMLModContainer from classloader cpw.mods.modlauncher.TransformingClassLoader@2519026b - got cpw.mods.cl.ModuleClassLoader@6482eef
[06Aug2025 14:44:52.972] [main/DEBUG] [net.minecraftforge.fml.javafmlmod.FMLModContainer/LOADING]: Creating FMLModContainer instance for me.jellysquid.mods.sodium.client.SodiumClientMod
[06Aug2025 14:44:52.973] [main/DEBUG] [net.minecraftforge.fml.javafmlmod.FMLJavaModLanguageProvider/LOADING]: Loading FMLModContainer from classloader cpw.mods.modlauncher.TransformingClassLoader@2519026b - got cpw.mods.cl.ModuleClassLoader@6482eef
[06Aug2025 14:44:52.973] [main/DEBUG] [net.minecraftforge.fml.javafmlmod.FMLModContainer/LOADING]: Creating FMLModContainer instance for me.jellysquid.mods.sodium.client.RubidiumStub
[06Aug2025 14:44:52.973] [main/DEBUG] [net.minecraftforge.fml.javafmlmod.FMLJavaModLanguageProvider/LOADING]: Loading FMLModContainer from classloader cpw.mods.modlauncher.TransformingClassLoader@2519026b - got cpw.mods.cl.ModuleClassLoader@6482eef
[06Aug2025 14:44:52.973] [main/DEBUG] [net.minecraftforge.fml.javafmlmod.FMLModContainer/LOADING]: Creating FMLModContainer instance for earth.terrarium.athena.forge.AthenaForge
[06Aug2025 14:44:52.974] [main/DEBUG] [net.minecraftforge.fml.javafmlmod.FMLJavaModLanguageProvider/LOADING]: Loading FMLModContainer from classloader cpw.mods.modlauncher.TransformingClassLoader@2519026b - got cpw.mods.cl.ModuleClassLoader@6482eef
[06Aug2025 14:44:52.974] [main/DEBUG] [net.minecraftforge.fml.javafmlmod.FMLModContainer/LOADING]: Creating FMLModContainer instance for iDiamondhunter.morebows.MoreBows
[06Aug2025 14:44:52.975] [main/DEBUG] [net.minecraftforge.fml.javafmlmod.FMLJavaModLanguageProvider/LOADING]: Loading FMLModContainer from classloader cpw.mods.modlauncher.TransformingClassLoader@2519026b - got cpw.mods.cl.ModuleClassLoader@6482eef
[06Aug2025 14:44:52.975] [main/DEBUG] [net.minecraftforge.fml.javafmlmod.FMLModContainer/LOADING]: Creating FMLModContainer instance for com.teamresourceful.resourcefulconfig.forge.ResourcefulconfigForge
[06Aug2025 14:44:52.975] [main/DEBUG] [net.minecraftforge.fml.javafmlmod.FMLJavaModLanguageProvider/LOADING]: Loading FMLModContainer from classloader cpw.mods.modlauncher.TransformingClassLoader@2519026b - got cpw.mods.cl.ModuleClassLoader@6482eef
[06Aug2025 14:44:52.975] [main/DEBUG] [net.minecraftforge.fml.javafmlmod.FMLModContainer/LOADING]: Creating FMLModContainer instance for mcp.mobius.waila.forge.ForgeWailaClient$HahaBorgeGoBrrrr
[06Aug2025 14:44:52.976] [main/DEBUG] [net.minecraftforge.fml.javafmlmod.FMLJavaModLanguageProvider/LOADING]: Loading FMLModContainer from classloader cpw.mods.modlauncher.TransformingClassLoader@2519026b - got cpw.mods.cl.ModuleClassLoader@6482eef
[06Aug2025 14:44:52.976] [main/DEBUG] [net.minecraftforge.fml.javafmlmod.FMLModContainer/LOADING]: Creating FMLModContainer instance for mcp.mobius.waila.forge.ForgeWaila
[06Aug2025 14:44:52.977] [main/DEBUG] [net.minecraftforge.fml.javafmlmod.FMLJavaModLanguageProvider/LOADING]: Loading FMLModContainer from classloader cpw.mods.modlauncher.TransformingClassLoader@2519026b - got cpw.mods.cl.ModuleClassLoader@6482eef
[06Aug2025 14:44:52.977] [main/DEBUG] [net.minecraftforge.fml.javafmlmod.FMLModContainer/LOADING]: Creating FMLModContainer instance for trapcraft.TrapcraftMod
[06Aug2025 14:44:52.978] [main/DEBUG] [net.minecraftforge.fml.javafmlmod.FMLJavaModLanguageProvider/LOADING]: Loading FMLModContainer from classloader cpw.mods.modlauncher.TransformingClassLoader@2519026b - got cpw.mods.cl.ModuleClassLoader@6482eef
[06Aug2025 14:44:52.978] [main/DEBUG] [net.minecraftforge.fml.javafmlmod.FMLModContainer/LOADING]: Creating FMLModContainer instance for top.theillusivec4.curios.Curios
[06Aug2025 14:44:52.978] [main/DEBUG] [net.minecraftforge.fml.javafmlmod.FMLJavaModLanguageProvider/LOADING]: Loading FMLModContainer from classloader cpw.mods.modlauncher.TransformingClassLoader@2519026b - got cpw.mods.cl.ModuleClassLoader@6482eef
[06Aug2025 14:44:52.978] [main/DEBUG] [net.minecraftforge.fml.javafmlmod.FMLModContainer/LOADING]: Creating FMLModContainer instance for io.wispforest.cclayer.CCLayer
[06Aug2025 14:44:52.979] [main/DEBUG] [net.minecraftforge.fml.javafmlmod.FMLJavaModLanguageProvider/LOADING]: Loading FMLModContainer from classloader cpw.mods.modlauncher.TransformingClassLoader@2519026b - got cpw.mods.cl.ModuleClassLoader@6482eef
[06Aug2025 14:44:52.979] [main/DEBUG] [net.minecraftforge.fml.javafmlmod.FMLModContainer/LOADING]: Creating FMLModContainer instance for com.natamus.collective.CollectiveForge
[06Aug2025 14:44:52.979] [main/DEBUG] [net.minecraftforge.fml.javafmlmod.FMLJavaModLanguageProvider/LOADING]: Loading FMLModContainer from classloader cpw.mods.modlauncher.TransformingClassLoader@2519026b - got cpw.mods.cl.ModuleClassLoader@6482eef
[06Aug2025 14:44:52.979] [main/DEBUG] [net.minecraftforge.fml.javafmlmod.FMLModContainer/LOADING]: Creating FMLModContainer instance for com.cerbon.cerbons_api.forge.CerbonsAPIForge
[06Aug2025 14:44:52.980] [main/DEBUG] [net.minecraftforge.fml.lowcodemod.LowCodeModLanguageProvider.LowCodeModTarget/LOADING]: Loading LowCodeModContainer from classloader cpw.mods.modlauncher.TransformingClassLoader@2519026b - got cpw.mods.cl.ModuleClassLoader@6482eef
[06Aug2025 14:44:52.980] [main/DEBUG] [net.minecraftforge.fml.lowcodemod.LowCodeModContainer/LOADING]: Creating LowCodeModContainer for mr_dungeons_andtaverns
[06Aug2025 14:44:52.980] [main/DEBUG] [net.minecraftforge.fml.javafmlmod.FMLJavaModLanguageProvider/LOADING]: Loading FMLModContainer from classloader cpw.mods.modlauncher.TransformingClassLoader@2519026b - got cpw.mods.cl.ModuleClassLoader@6482eef
[06Aug2025 14:44:52.980] [main/DEBUG] [net.minecraftforge.fml.javafmlmod.FMLModContainer/LOADING]: Creating FMLModContainer instance for com.jtorleonstudios.bettervillage.Main
[06Aug2025 14:44:52.980] [main/DEBUG] [net.minecraftforge.fml.javafmlmod.FMLJavaModLanguageProvider/LOADING]: Loading FMLModContainer from classloader cpw.mods.modlauncher.TransformingClassLoader@2519026b - got cpw.mods.cl.ModuleClassLoader@6482eef
[06Aug2025 14:44:52.980] [main/DEBUG] [net.minecraftforge.fml.javafmlmod.FMLModContainer/LOADING]: Creating FMLModContainer instance for ovh.corail.tombstone.ModTombstone
[06Aug2025 14:44:52.981] [main/DEBUG] [net.minecraftforge.fml.javafmlmod.FMLJavaModLanguageProvider/LOADING]: Loading FMLModContainer from classloader cpw.mods.modlauncher.TransformingClassLoader@2519026b - got cpw.mods.cl.ModuleClassLoader@6482eef
[06Aug2025 14:44:52.981] [main/DEBUG] [net.minecraftforge.fml.javafmlmod.FMLModContainer/LOADING]: Creating FMLModContainer instance for net.fabricmc.fabric.impl.entity.event.EntityEventsImpl
[06Aug2025 14:44:52.981] [main/DEBUG] [net.minecraftforge.fml.javafmlmod.FMLJavaModLanguageProvider/LOADING]: Loading FMLModContainer from classloader cpw.mods.modlauncher.TransformingClassLoader@2519026b - got cpw.mods.cl.ModuleClassLoader@6482eef
[06Aug2025 14:44:52.982] [main/DEBUG] [net.minecraftforge.fml.javafmlmod.FMLModContainer/LOADING]: Creating FMLModContainer instance for com.teamresourceful.resourcefullib.forge.ResourcefulLibForge
[06Aug2025 14:44:52.982] [main/DEBUG] [net.minecraftforge.fml.javafmlmod.FMLJavaModLanguageProvider/LOADING]: Loading FMLModContainer from classloader cpw.mods.modlauncher.TransformingClassLoader@2519026b - got cpw.mods.cl.ModuleClassLoader@6482eef
[06Aug2025 14:44:52.982] [main/DEBUG] [net.minecraftforge.fml.javafmlmod.FMLModContainer/LOADING]: Creating FMLModContainer instance for io.wispforest.accessories.neoforge.AccessoriesForge
[06Aug2025 14:44:52.982] [main/DEBUG] [mixin/]: Mixing AccessoriesForgeMixin from cclayer.mixins.json into io.wispforest.accessories.neoforge.AccessoriesForge
[06Aug2025 14:44:52.985] [main/DEBUG] [net.minecraftforge.fml.javafmlmod.FMLJavaModLanguageProvider/LOADING]: Loading FMLModContainer from classloader cpw.mods.modlauncher.TransformingClassLoader@2519026b - got cpw.mods.cl.ModuleClassLoader@6482eef
[06Aug2025 14:44:52.985] [main/DEBUG] [net.minecraftforge.fml.javafmlmod.FMLModContainer/LOADING]: Creating FMLModContainer instance for com.kyanite.deeperdarker.DeeperDarker
[06Aug2025 14:44:52.986] [main/DEBUG] [net.minecraftforge.fml.javafmlmod.FMLJavaModLanguageProvider/LOADING]: Loading FMLModContainer from classloader cpw.mods.modlauncher.TransformingClassLoader@2519026b - got cpw.mods.cl.ModuleClassLoader@6482eef
[06Aug2025 14:44:52.986] [main/DEBUG] [net.minecraftforge.fml.javafmlmod.FMLModContainer/LOADING]: Creating FMLModContainer instance for dev.architectury.forge.ArchitecturyForge
[06Aug2025 14:44:52.986] [main/DEBUG] [net.minecraftforge.fml.javafmlmod.FMLJavaModLanguageProvider/LOADING]: Loading FMLModContainer from classloader cpw.mods.modlauncher.TransformingClassLoader@2519026b - got cpw.mods.cl.ModuleClassLoader@6482eef
[06Aug2025 14:44:52.986] [main/DEBUG] [net.minecraftforge.fml.javafmlmod.FMLModContainer/LOADING]: Creating FMLModContainer instance for com.cupboard.Cupboard
[06Aug2025 14:44:52.987] [main/DEBUG] [net.minecraftforge.fml.javafmlmod.FMLJavaModLanguageProvider/LOADING]: Loading FMLModContainer from classloader cpw.mods.modlauncher.TransformingClassLoader@2519026b - got cpw.mods.cl.ModuleClassLoader@6482eef
[06Aug2025 14:44:52.987] [main/DEBUG] [net.minecraftforge.fml.javafmlmod.FMLModContainer/LOADING]: Creating FMLModContainer instance for com.lothrazar.library.FutureLibMod
[06Aug2025 14:44:52.987] [main/DEBUG] [net.minecraftforge.fml.javafmlmod.FMLJavaModLanguageProvider/LOADING]: Loading FMLModContainer from classloader cpw.mods.modlauncher.TransformingClassLoader@2519026b - got cpw.mods.cl.ModuleClassLoader@6482eef
[06Aug2025 14:44:52.987] [main/DEBUG] [net.minecraftforge.fml.javafmlmod.FMLModContainer/LOADING]: Creating FMLModContainer instance for net.derex.mace.MaceBackportMod
[06Aug2025 14:44:52.988] [main/DEBUG] [net.minecraftforge.fml.javafmlmod.FMLJavaModLanguageProvider/LOADING]: Loading FMLModContainer from classloader cpw.mods.modlauncher.TransformingClassLoader@2519026b - got cpw.mods.cl.ModuleClassLoader@6482eef
[06Aug2025 14:44:52.988] [main/DEBUG] [net.minecraftforge.fml.javafmlmod.FMLModContainer/LOADING]: Creating FMLModContainer instance for com.telepathicgrunt.the_bumblezone.forge.BumblezoneForge
[06Aug2025 14:44:52.989] [main/DEBUG] [net.minecraftforge.fml.javafmlmod.FMLJavaModLanguageProvider/LOADING]: Loading FMLModContainer from classloader cpw.mods.modlauncher.TransformingClassLoader@2519026b - got cpw.mods.cl.ModuleClassLoader@6482eef
[06Aug2025 14:44:52.989] [main/DEBUG] [net.minecraftforge.fml.javafmlmod.FMLModContainer/LOADING]: Creating FMLModContainer instance for com.mrcrayfish.framework.FrameworkForge
[06Aug2025 14:44:52.990] [main/DEBUG] [net.minecraftforge.fml.javafmlmod.FMLJavaModLanguageProvider/LOADING]: Loading FMLModContainer from classloader cpw.mods.modlauncher.TransformingClassLoader@2519026b - got cpw.mods.cl.ModuleClassLoader@6482eef
[06Aug2025 14:44:52.990] [main/DEBUG] [net.minecraftforge.fml.javafmlmod.FMLModContainer/LOADING]: Creating FMLModContainer instance for com.leclowndu93150.inventorymanagement.InventoryManagementMod
[06Aug2025 14:44:52.991] [main/DEBUG] [net.minecraftforge.fml.javafmlmod.FMLJavaModLanguageProvider/LOADING]: Loading FMLModContainer from classloader cpw.mods.modlauncher.TransformingClassLoader@2519026b - got cpw.mods.cl.ModuleClassLoader@6482eef
[06Aug2025 14:44:52.991] [main/DEBUG] [net.minecraftforge.fml.javafmlmod.FMLModContainer/LOADING]: Creating FMLModContainer instance for com.ewyboy.chas.forge.CraftableHorseArmourForge
[06Aug2025 14:44:52.991] [main/DEBUG] [net.minecraftforge.fml.javafmlmod.FMLJavaModLanguageProvider/LOADING]: Loading FMLModContainer from classloader cpw.mods.modlauncher.TransformingClassLoader@2519026b - got cpw.mods.cl.ModuleClassLoader@6482eef
[06Aug2025 14:44:52.991] [main/DEBUG] [net.minecraftforge.fml.javafmlmod.FMLModContainer/LOADING]: Creating FMLModContainer instance for team.creative.playerrevive.PlayerRevive
[06Aug2025 14:44:52.992] [main/DEBUG] [net.minecraftforge.fml.javafmlmod.FMLJavaModLanguageProvider/LOADING]: Loading FMLModContainer from classloader cpw.mods.modlauncher.TransformingClassLoader@2519026b - got cpw.mods.cl.ModuleClassLoader@6482eef
[06Aug2025 14:44:52.992] [main/DEBUG] [net.minecraftforge.fml.javafmlmod.FMLModContainer/LOADING]: Creating FMLModContainer instance for com.buuz135.darkmodeeverywhere.DarkModeEverywhere
[06Aug2025 14:44:52.992] [main/DEBUG] [net.minecraftforge.fml.javafmlmod.FMLJavaModLanguageProvider/LOADING]: Loading FMLModContainer from classloader cpw.mods.modlauncher.TransformingClassLoader@2519026b - got cpw.mods.cl.ModuleClassLoader@6482eef
[06Aug2025 14:44:52.992] [main/DEBUG] [net.minecraftforge.fml.javafmlmod.FMLModContainer/LOADING]: Creating FMLModContainer instance for fuzs.easymagic.EasyMagicForge
[06Aug2025 14:44:52.993] [main/DEBUG] [net.minecraftforge.fml.javafmlmod.FMLJavaModLanguageProvider/LOADING]: Loading FMLModContainer from classloader cpw.mods.modlauncher.TransformingClassLoader@2519026b - got cpw.mods.cl.ModuleClassLoader@6482eef
[06Aug2025 14:44:52.993] [main/DEBUG] [net.minecraftforge.fml.javafmlmod.FMLModContainer/LOADING]: Creating FMLModContainer instance for mezz.jei.forge.JustEnoughItems
[06Aug2025 14:44:52.993] [main/DEBUG] [net.minecraftforge.fml.javafmlmod.FMLJavaModLanguageProvider/LOADING]: Loading FMLModContainer from classloader cpw.mods.modlauncher.TransformingClassLoader@2519026b - got cpw.mods.cl.ModuleClassLoader@6482eef
[06Aug2025 14:44:52.993] [main/DEBUG] [net.minecraftforge.fml.javafmlmod.FMLModContainer/LOADING]: Creating FMLModContainer instance for com.jtorleonstudios.libraryferret.LibraryFerret
[06Aug2025 14:44:52.994] [main/DEBUG] [net.minecraftforge.fml.javafmlmod.FMLJavaModLanguageProvider/LOADING]: Loading FMLModContainer from classloader cpw.mods.modlauncher.TransformingClassLoader@2519026b - got cpw.mods.cl.ModuleClassLoader@6482eef
[06Aug2025 14:44:52.994] [main/DEBUG] [net.minecraftforge.fml.javafmlmod.FMLModContainer/LOADING]: Creating FMLModContainer instance for com.mrcrayfish.goblintraders.GoblinTraders
[06Aug2025 14:44:52.994] [main/DEBUG] [net.minecraftforge.fml.javafmlmod.FMLJavaModLanguageProvider/LOADING]: Loading FMLModContainer from classloader cpw.mods.modlauncher.TransformingClassLoader@2519026b - got cpw.mods.cl.ModuleClassLoader@6482eef
[06Aug2025 14:44:52.994] [main/DEBUG] [net.minecraftforge.fml.javafmlmod.FMLModContainer/LOADING]: Creating FMLModContainer instance for net.blay09.mods.waystones.ForgeWaystones
[06Aug2025 14:44:52.995] [main/DEBUG] [net.minecraftforge.fml.javafmlmod.FMLJavaModLanguageProvider/LOADING]: Loading FMLModContainer from classloader cpw.mods.modlauncher.TransformingClassLoader@2519026b - got cpw.mods.cl.ModuleClassLoader@6482eef
[06Aug2025 14:44:52.995] [main/DEBUG] [net.minecraftforge.fml.javafmlmod.FMLModContainer/LOADING]: Creating FMLModContainer instance for journeymap.common.Journeymap
[06Aug2025 14:44:52.996] [main/DEBUG] [net.minecraftforge.fml.javafmlmod.FMLJavaModLanguageProvider/LOADING]: Loading FMLModContainer from classloader cpw.mods.modlauncher.TransformingClassLoader@2519026b - got cpw.mods.cl.ModuleClassLoader@6482eef
[06Aug2025 14:44:52.996] [main/DEBUG] [net.minecraftforge.fml.javafmlmod.FMLModContainer/LOADING]: Creating FMLModContainer instance for com.illusivesoulworks.comforts.ComfortsForgeMod
[06Aug2025 14:44:52.996] [main/DEBUG] [net.minecraftforge.fml.javafmlmod.FMLJavaModLanguageProvider/LOADING]: Loading FMLModContainer from classloader cpw.mods.modlauncher.TransformingClassLoader@2519026b - got cpw.mods.cl.ModuleClassLoader@6482eef
[06Aug2025 14:44:52.996] [main/DEBUG] [net.minecraftforge.fml.javafmlmod.FMLModContainer/LOADING]: Creating FMLModContainer instance for artifacts.forge.ArtifactsForge
[06Aug2025 14:44:52.997] [main/DEBUG] [net.minecraftforge.fml.javafmlmod.FMLJavaModLanguageProvider/LOADING]: Loading FMLModContainer from classloader cpw.mods.modlauncher.TransformingClassLoader@2519026b - got cpw.mods.cl.ModuleClassLoader@6482eef
[06Aug2025 14:44:52.997] [main/DEBUG] [net.minecraftforge.fml.javafmlmod.FMLModContainer/LOADING]: Creating FMLModContainer instance for lol.bai.badpackets.impl.forge.ForgeBadPackets
[06Aug2025 14:44:52.997] [main/DEBUG] [net.minecraftforge.fml.javafmlmod.FMLJavaModLanguageProvider/LOADING]: Loading FMLModContainer from classloader cpw.mods.modlauncher.TransformingClassLoader@2519026b - got cpw.mods.cl.ModuleClassLoader@6482eef
[06Aug2025 14:44:52.997] [main/DEBUG] [net.minecraftforge.fml.javafmlmod.FMLModContainer/LOADING]: Creating FMLModContainer instance for xiroc.dungeoncrawl.DungeonCrawl
[06Aug2025 14:44:52.997] [main/DEBUG] [net.minecraftforge.fml.javafmlmod.FMLJavaModLanguageProvider/LOADING]: Loading FMLModContainer from classloader cpw.mods.modlauncher.TransformingClassLoader@2519026b - got cpw.mods.cl.ModuleClassLoader@6482eef
[06Aug2025 14:44:52.998] [main/DEBUG] [net.minecraftforge.fml.javafmlmod.FMLModContainer/LOADING]: Creating FMLModContainer instance for com.duke.orcz.OrczMod
[06Aug2025 14:44:52.998] [main/DEBUG] [net.minecraftforge.fml.javafmlmod.FMLJavaModLanguageProvider/LOADING]: Loading FMLModContainer from classloader cpw.mods.modlauncher.TransformingClassLoader@2519026b - got cpw.mods.cl.ModuleClassLoader@6482eef
[06Aug2025 14:44:52.998] [main/DEBUG] [net.minecraftforge.fml.javafmlmod.FMLModContainer/LOADING]: Creating FMLModContainer instance for com.cerbon.bosses_of_mass_destruction.BossesOfMassDestruction
[06Aug2025 14:44:52.998] [main/DEBUG] [net.minecraftforge.fml.lowcodemod.LowCodeModLanguageProvider.LowCodeModTarget/LOADING]: Loading LowCodeModContainer from classloader cpw.mods.modlauncher.TransformingClassLoader@2519026b - got cpw.mods.cl.ModuleClassLoader@6482eef
[06Aug2025 14:44:52.999] [main/DEBUG] [net.minecraftforge.fml.lowcodemod.LowCodeModContainer/LOADING]: Creating LowCodeModContainer for terralith
[06Aug2025 14:44:52.999] [main/DEBUG] [net.minecraftforge.fml.javafmlmod.FMLJavaModLanguageProvider/LOADING]: Loading FMLModContainer from classloader cpw.mods.modlauncher.TransformingClassLoader@2519026b - got cpw.mods.cl.ModuleClassLoader@6482eef
[06Aug2025 14:44:52.999] [main/DEBUG] [net.minecraftforge.fml.javafmlmod.FMLModContainer/LOADING]: Creating FMLModContainer instance for ca.fxco.memoryleakfix.forge.MemoryLeakFixForge
[06Aug2025 14:44:52.999] [main/DEBUG] [net.minecraftforge.fml.javafmlmod.FMLJavaModLanguageProvider/LOADING]: Loading FMLModContainer from classloader cpw.mods.modlauncher.TransformingClassLoader@2519026b - got cpw.mods.cl.ModuleClassLoader@6482eef
[06Aug2025 14:44:52.999] [main/DEBUG] [net.minecraftforge.fml.javafmlmod.FMLModContainer/LOADING]: Creating FMLModContainer instance for com.yahoo.chirpycricket.mythicmounts.MythicMounts
[06Aug2025 14:44:52.999] [main/DEBUG] [net.minecraftforge.fml.javafmlmod.FMLJavaModLanguageProvider/LOADING]: Loading FMLModContainer from classloader cpw.mods.modlauncher.TransformingClassLoader@2519026b - got cpw.mods.cl.ModuleClassLoader@6482eef
[06Aug2025 14:44:53.000] [main/DEBUG] [net.minecraftforge.fml.javafmlmod.FMLModContainer/LOADING]: Creating FMLModContainer instance for fuzs.puzzlesaccessapi.forge.PuzzlesAccessApiForge
[06Aug2025 14:44:53.000] [main/DEBUG] [net.minecraftforge.fml.javafmlmod.FMLJavaModLanguageProvider/LOADING]: Loading FMLModContainer from classloader cpw.mods.modlauncher.TransformingClassLoader@2519026b - got cpw.mods.cl.ModuleClassLoader@6482eef
[06Aug2025 14:44:53.000] [main/DEBUG] [net.minecraftforge.fml.javafmlmod.FMLModContainer/LOADING]: Creating FMLModContainer instance for net.aurelj.dungeons_arise_seven_seas.DungeonsAriseSevenSeasMain
[06Aug2025 14:44:53.000] [main/DEBUG] [net.minecraftforge.fml.javafmlmod.FMLJavaModLanguageProvider/LOADING]: Loading FMLModContainer from classloader cpw.mods.modlauncher.TransformingClassLoader@2519026b - got cpw.mods.cl.ModuleClassLoader@6482eef
[06Aug2025 14:44:53.000] [main/DEBUG] [net.minecraftforge.fml.javafmlmod.FMLModContainer/LOADING]: Creating FMLModContainer instance for net.minecraftforge.common.ForgeMod
[06Aug2025 14:44:53.002] [main/DEBUG] [net.minecraftforge.fml.javafmlmod.FMLJavaModLanguageProvider/LOADING]: Loading FMLModContainer from classloader cpw.mods.modlauncher.TransformingClassLoader@2519026b - got cpw.mods.cl.ModuleClassLoader@6482eef
[06Aug2025 14:44:53.002] [main/DEBUG] [net.minecraftforge.fml.javafmlmod.FMLModContainer/LOADING]: Creating FMLModContainer instance for org.tlauncher.forge.ForgeMod
[06Aug2025 14:44:53.003] [main/DEBUG] [net.minecraftforge.fml.javafmlmod.FMLJavaModLanguageProvider/LOADING]: Loading FMLModContainer from classloader cpw.mods.modlauncher.TransformingClassLoader@2519026b - got cpw.mods.cl.ModuleClassLoader@6482eef
[06Aug2025 14:44:53.003] [main/DEBUG] [net.minecraftforge.fml.javafmlmod.FMLModContainer/LOADING]: Creating FMLModContainer instance for net.cursedwarrior.betterfishingrods.BetterFishingRodsMod
[06Aug2025 14:44:53.003] [main/DEBUG] [net.minecraftforge.fml.javafmlmod.FMLJavaModLanguageProvider/LOADING]: Loading FMLModContainer from classloader cpw.mods.modlauncher.TransformingClassLoader@2519026b - got cpw.mods.cl.ModuleClassLoader@6482eef
[06Aug2025 14:44:53.003] [main/DEBUG] [net.minecraftforge.fml.javafmlmod.FMLModContainer/LOADING]: Creating FMLModContainer instance for com.faboslav.friendsandfoes.forge.FriendsAndFoesForge
[06Aug2025 14:44:53.004] [main/DEBUG] [net.minecraftforge.fml.javafmlmod.FMLJavaModLanguageProvider/LOADING]: Loading FMLModContainer from classloader cpw.mods.modlauncher.TransformingClassLoader@2519026b - got cpw.mods.cl.ModuleClassLoader@6482eef
[06Aug2025 14:44:53.004] [main/DEBUG] [net.minecraftforge.fml.javafmlmod.FMLModContainer/LOADING]: Creating FMLModContainer instance for net.aurelj.dungeons_arise.DungeonsAriseMain
[06Aug2025 14:44:53.005] [main/DEBUG] [net.minecraftforge.fml.javafmlmod.FMLJavaModLanguageProvider/LOADING]: Loading FMLModContainer from classloader cpw.mods.modlauncher.TransformingClassLoader@2519026b - got cpw.mods.cl.ModuleClassLoader@6482eef
[06Aug2025 14:44:53.005] [main/DEBUG] [net.minecraftforge.fml.javafmlmod.FMLModContainer/LOADING]: Creating FMLModContainer instance for com.smoothchunk.SmoothchunkMod
[06Aug2025 14:44:53.005] [main/DEBUG] [net.minecraftforge.fml.javafmlmod.FMLJavaModLanguageProvider/LOADING]: Loading FMLModContainer from classloader cpw.mods.modlauncher.TransformingClassLoader@2519026b - got cpw.mods.cl.ModuleClassLoader@6482eef
[06Aug2025 14:44:53.005] [main/DEBUG] [net.minecraftforge.fml.javafmlmod.FMLModContainer/LOADING]: Creating FMLModContainer instance for de.maxhenkel.voicechat.ForgeVoicechatMod
[06Aug2025 14:44:53.006] [main/DEBUG] [net.minecraftforge.fml.javafmlmod.FMLJavaModLanguageProvider/LOADING]: Loading FMLModContainer from classloader cpw.mods.modlauncher.TransformingClassLoader@2519026b - got cpw.mods.cl.ModuleClassLoader@6482eef
[06Aug2025 14:44:53.006] [main/DEBUG] [net.minecraftforge.fml.javafmlmod.FMLModContainer/LOADING]: Creating FMLModContainer instance for com.sonicether.soundphysics.ForgeSoundPhysicsMod
[06Aug2025 14:44:53.007] [main/DEBUG] [net.minecraftforge.fml.javafmlmod.FMLJavaModLanguageProvider/LOADING]: Loading FMLModContainer from classloader cpw.mods.modlauncher.TransformingClassLoader@2519026b - got cpw.mods.cl.ModuleClassLoader@6482eef
[06Aug2025 14:44:53.007] [main/DEBUG] [net.minecraftforge.fml.javafmlmod.FMLModContainer/LOADING]: Creating FMLModContainer instance for net.sweenus.simplyswords.forge.SimplySwordsForge
[06Aug2025 14:44:53.007] [main/DEBUG] [net.minecraftforge.fml.javafmlmod.FMLJavaModLanguageProvider/LOADING]: Loading FMLModContainer from classloader cpw.mods.modlauncher.TransformingClassLoader@2519026b - got cpw.mods.cl.ModuleClassLoader@6482eef
[06Aug2025 14:44:53.007] [main/DEBUG] [net.minecraftforge.fml.javafmlmod.FMLModContainer/LOADING]: Creating FMLModContainer instance for terrablender.core.TerraBlenderForge
[06Aug2025 14:44:53.008] [main/DEBUG] [net.minecraftforge.fml.javafmlmod.FMLJavaModLanguageProvider/LOADING]: Loading FMLModContainer from classloader cpw.mods.modlauncher.TransformingClassLoader@2519026b - got cpw.mods.cl.ModuleClassLoader@6482eef
[06Aug2025 14:44:53.008] [main/DEBUG] [net.minecraftforge.fml.javafmlmod.FMLModContainer/LOADING]: Creating FMLModContainer instance for net.fabricmc.fabric.impl.base.event.FabricApiBaseMod
[06Aug2025 14:44:53.008] [main/DEBUG] [net.minecraftforge.fml.javafmlmod.FMLJavaModLanguageProvider/LOADING]: Loading FMLModContainer from classloader cpw.mods.modlauncher.TransformingClassLoader@2519026b - got cpw.mods.cl.ModuleClassLoader@6482eef
[06Aug2025 14:44:53.008] [main/DEBUG] [net.minecraftforge.fml.javafmlmod.FMLModContainer/LOADING]: Creating FMLModContainer instance for team.creative.creativecore.CreativeCore
[06Aug2025 14:44:53.009] [main/DEBUG] [net.minecraftforge.fml.javafmlmod.FMLJavaModLanguageProvider/LOADING]: Loading FMLModContainer from classloader cpw.mods.modlauncher.TransformingClassLoader@2519026b - got cpw.mods.cl.ModuleClassLoader@6482eef
[06Aug2025 14:44:53.009] [main/DEBUG] [net.minecraftforge.fml.javafmlmod.FMLModContainer/LOADING]: Creating FMLModContainer instance for dev.corgitaco.ohthetreesyoullgrow.forge.OhTheTreesYoullGrowForge
[06Aug2025 14:44:53.009] [main/DEBUG] [net.minecraftforge.fml.javafmlmod.FMLJavaModLanguageProvider/LOADING]: Loading FMLModContainer from classloader cpw.mods.modlauncher.TransformingClassLoader@2519026b - got cpw.mods.cl.ModuleClassLoader@6482eef
[06Aug2025 14:44:53.009] [main/DEBUG] [net.minecraftforge.fml.javafmlmod.FMLModContainer/LOADING]: Creating FMLModContainer instance for com.illusivesoulworks.spectrelib.SpectreForgeMod
[06Aug2025 14:44:53.010] [main/DEBUG] [net.minecraftforge.fml.javafmlmod.FMLJavaModLanguageProvider/LOADING]: Loading FMLModContainer from classloader cpw.mods.modlauncher.TransformingClassLoader@2519026b - got cpw.mods.cl.ModuleClassLoader@6482eef
[06Aug2025 14:44:53.010] [main/DEBUG] [net.minecraftforge.fml.javafmlmod.FMLModContainer/LOADING]: Creating FMLModContainer instance for corgitaco.corgilib.forge.CorgiLibForge
[06Aug2025 14:44:53.010] [main/DEBUG] [net.minecraftforge.fml.javafmlmod.FMLJavaModLanguageProvider/LOADING]: Loading FMLModContainer from classloader cpw.mods.modlauncher.TransformingClassLoader@2519026b - got cpw.mods.cl.ModuleClassLoader@6482eef
[06Aug2025 14:44:53.010] [main/DEBUG] [net.minecraftforge.fml.javafmlmod.FMLModContainer/LOADING]: Creating FMLModContainer instance for net.potionstudios.biomeswevegone.forge.BiomesWeveGoneForge
[06Aug2025 14:44:53.011] [main/DEBUG] [net.minecraftforge.fml.javafmlmod.FMLJavaModLanguageProvider/LOADING]: Loading FMLModContainer from classloader cpw.mods.modlauncher.TransformingClassLoader@2519026b - got cpw.mods.cl.ModuleClassLoader@6482eef
[06Aug2025 14:44:53.011] [main/DEBUG] [net.minecraftforge.fml.javafmlmod.FMLModContainer/LOADING]: Creating FMLModContainer instance for net.geforcemods.securitycraft.SecurityCraft
[06Aug2025 14:44:53.012] [main/DEBUG] [net.minecraftforge.fml.javafmlmod.FMLJavaModLanguageProvider/LOADING]: Loading FMLModContainer from classloader cpw.mods.modlauncher.TransformingClassLoader@2519026b - got cpw.mods.cl.ModuleClassLoader@6482eef
[06Aug2025 14:44:53.012] [main/DEBUG] [net.minecraftforge.fml.javafmlmod.FMLModContainer/LOADING]: Creating FMLModContainer instance for dev.tr7zw.entityculling.EntityCullingBootstrap
[06Aug2025 14:44:53.012] [main/DEBUG] [net.minecraftforge.fml.javafmlmod.FMLJavaModLanguageProvider/LOADING]: Loading FMLModContainer from classloader cpw.mods.modlauncher.TransformingClassLoader@2519026b - got cpw.mods.cl.ModuleClassLoader@6482eef
[06Aug2025 14:44:53.013] [main/DEBUG] [net.minecraftforge.fml.javafmlmod.FMLModContainer/LOADING]: Creating FMLModContainer instance for net.raphimc.immediatelyfast.forge.ImmediatelyFastForge
[06Aug2025 14:44:53.013] [main/DEBUG] [net.minecraftforge.fml.javafmlmod.FMLJavaModLanguageProvider/LOADING]: Loading FMLModContainer from classloader cpw.mods.modlauncher.TransformingClassLoader@2519026b - got cpw.mods.cl.ModuleClassLoader@6482eef
[06Aug2025 14:44:53.013] [main/DEBUG] [net.minecraftforge.fml.javafmlmod.FMLModContainer/LOADING]: Creating FMLModContainer instance for tech.thatgravyboat.creeperoverhaul.forge.CreepersForge
[06Aug2025 14:44:53.013] [main/DEBUG] [net.minecraftforge.fml.javafmlmod.FMLJavaModLanguageProvider/LOADING]: Loading FMLModContainer from classloader cpw.mods.modlauncher.TransformingClassLoader@2519026b - got cpw.mods.cl.ModuleClassLoader@6482eef
[06Aug2025 14:44:53.014] [main/DEBUG] [net.minecraftforge.fml.javafmlmod.FMLModContainer/LOADING]: Creating FMLModContainer instance for malte0811.ferritecore.ModMainForge
[06Aug2025 14:44:53.014] [main/DEBUG] [net.minecraftforge.fml.javafmlmod.FMLJavaModLanguageProvider/LOADING]: Loading FMLModContainer from classloader cpw.mods.modlauncher.TransformingClassLoader@2519026b - got cpw.mods.cl.ModuleClassLoader@6482eef
[06Aug2025 14:44:53.014] [main/DEBUG] [net.minecraftforge.fml.javafmlmod.FMLModContainer/LOADING]: Creating FMLModContainer instance for net.fabricmc.fabric.impl.object.builder.ObjectBuilderApiImpl
[06Aug2025 14:44:53.014] [main/DEBUG] [net.minecraftforge.fml.javafmlmod.FMLJavaModLanguageProvider/LOADING]: Loading FMLModContainer from classloader cpw.mods.modlauncher.TransformingClassLoader@2519026b - got cpw.mods.cl.ModuleClassLoader@6482eef
[06Aug2025 14:44:53.015] [main/DEBUG] [net.minecraftforge.fml.javafmlmod.FMLModContainer/LOADING]: Creating FMLModContainer instance for dev.isxander.yacl3.platform.PlatformEntrypoint
[06Aug2025 14:44:53.015] [main/DEBUG] [net.minecraftforge.fml.javafmlmod.FMLJavaModLanguageProvider/LOADING]: Loading FMLModContainer from classloader cpw.mods.modlauncher.TransformingClassLoader@2519026b - got cpw.mods.cl.ModuleClassLoader@6482eef
[06Aug2025 14:44:53.015] [main/DEBUG] [net.minecraftforge.fml.javafmlmod.FMLModContainer/LOADING]: Creating FMLModContainer instance for fuzs.puzzleslib.impl.PuzzlesLibForge
[06Aug2025 14:44:53.015] [main/DEBUG] [net.minecraftforge.fml.javafmlmod.FMLJavaModLanguageProvider/LOADING]: Loading FMLModContainer from classloader cpw.mods.modlauncher.TransformingClassLoader@2519026b - got cpw.mods.cl.ModuleClassLoader@6482eef
[06Aug2025 14:44:53.015] [main/DEBUG] [net.minecraftforge.fml.javafmlmod.FMLModContainer/LOADING]: Creating FMLModContainer instance for de.keksuccino.justzoom.JustZoomForge
[06Aug2025 14:44:53.016] [main/DEBUG] [net.minecraftforge.fml.javafmlmod.FMLJavaModLanguageProvider/LOADING]: Loading FMLModContainer from classloader cpw.mods.modlauncher.TransformingClassLoader@2519026b - got cpw.mods.cl.ModuleClassLoader@6482eef
[06Aug2025 14:44:53.016] [main/DEBUG] [net.minecraftforge.fml.javafmlmod.FMLModContainer/LOADING]: Creating FMLModContainer instance for fr.samlegamer.addonslib.AddonsLib
[06Aug2025 14:44:53.016] [main/DEBUG] [net.minecraftforge.fml.javafmlmod.FMLJavaModLanguageProvider/LOADING]: Loading FMLModContainer from classloader cpw.mods.modlauncher.TransformingClassLoader@2519026b - got cpw.mods.cl.ModuleClassLoader@6482eef
[06Aug2025 14:44:53.016] [main/DEBUG] [net.minecraftforge.fml.javafmlmod.FMLModContainer/LOADING]: Creating FMLModContainer instance for be.florens.expandability.forge.ExpandAbilityForge
[06Aug2025 14:44:53.032] [modloading-worker-0/DEBUG] [net.minecraftforge.fml.javafmlmod.AutomaticEventSubscriber/LOADING]: Attempting to inject @EventBusSubscriber classes into the eventbus for kuma_api
[06Aug2025 14:44:53.034] [modloading-worker-0/DEBUG] [net.minecraftforge.fml.javafmlmod.AutomaticEventSubscriber/LOADING]: Attempting to inject @EventBusSubscriber classes into the eventbus for easyanvils
[06Aug2025 14:44:53.037] [modloading-worker-0/DEBUG] [net.minecraftforge.fml.javafmlmod.AutomaticEventSubscriber/LOADING]: Auto-subscribing fuzs.easyanvils.EasyAnvilsForge to MOD
[06Aug2025 14:44:53.042] [modloading-worker-0/INFO] [fr.samlegamer.mcwbyg.McwByg/]: Macaw's Oh the Biomes You'll Go Loading...
[06Aug2025 14:44:53.048] [modloading-worker-0/DEBUG] [mixin/]: Mixing NetworkInstanceAccessor from cclayer.mixins.json into net.minecraftforge.network.NetworkInstance
[06Aug2025 14:44:53.048] [modloading-worker-0/DEBUG] [mixin/]: Renaming @Invoker method createNetworkInstance(Lnet/minecraft/resources/ResourceLocation;Ljava/util/function/Supplier;Ljava/util/function/Predicate;Ljava/util/function/Predicate;)Lnet/minecraftforge/network/NetworkInstance; to createNetworkInstance_$md$49d408$0 in cclayer.mixins.json:NetworkInstanceAccessor
[06Aug2025 14:44:53.117] [modloading-worker-0/INFO] [Puzzles Lib/]: Constructing common components for easyanvils:main
[06Aug2025 14:44:53.124] [modloading-worker-0/DEBUG] [net.minecraftforge.fml.javafmlmod.AutomaticEventSubscriber/LOADING]: Attempting to inject @EventBusSubscriber classes into the eventbus for geckolib
[06Aug2025 14:44:53.125] [modloading-worker-0/DEBUG] [net.minecraftforge.fml.javafmlmod.AutomaticEventSubscriber/LOADING]: Auto-subscribing software.bernie.example.GeckoLibMod to FORGE
[06Aug2025 14:44:53.128] [modloading-worker-0/DEBUG] [net.minecraftforge.fml.config.ConfigTracker/CONFIG]: Config file Hexerei-client.toml for hexerei tracking
[06Aug2025 14:44:53.128] [modloading-worker-0/DEBUG] [net.minecraftforge.fml.javafmlmod.AutomaticEventSubscriber/LOADING]: Auto-subscribing software.bernie.example.CommonListener to MOD
[06Aug2025 14:44:53.131] [modloading-worker-0/DEBUG] [net.minecraftforge.fml.config.ConfigTracker/CONFIG]: Config file Hexerei-common.toml for hexerei tracking
[06Aug2025 14:44:53.131] [modloading-worker-0/INFO] [dynamiclights/]: [Dynamic Lights] Registering server started event ...
[06Aug2025 14:44:53.139] [modloading-worker-0/DEBUG] [net.minecraftforge.fml.javafmlmod.AutomaticEventSubscriber/LOADING]: Attempting to inject @EventBusSubscriber classes into the eventbus for dynamiclights
[06Aug2025 14:44:53.142] [modloading-worker-0/DEBUG] [net.minecraftforge.fml.javafmlmod.AutomaticEventSubscriber/LOADING]: Auto-subscribing net.tschipcraft.dynamiclights.forge.Init to FORGE
[06Aug2025 14:44:53.153] [modloading-worker-0/DEBUG] [net.minecraftforge.fml.config.ConfigTracker/CONFIG]: Config file sophisticatedcore-common.toml for sophisticatedcore tracking
[06Aug2025 14:44:53.153] [modloading-worker-0/DEBUG] [net.minecraftforge.fml.config.ConfigTracker/CONFIG]: Config file sophisticatedcore-client.toml for sophisticatedcore tracking
[06Aug2025 14:44:53.155] [modloading-worker-0/DEBUG] [net.minecraftforge.fml.config.ConfigTracker/CONFIG]: Config file easyanvils-server.toml for easyanvils tracking
[06Aug2025 14:44:53.176] [modloading-worker-0/DEBUG] [mixin/]: Mixing ReloadableServerResourcesMixin from balm.mixins.json into net.minecraft.server.ReloadableServerResources
[06Aug2025 14:44:53.177] [modloading-worker-0/DEBUG] [mixin/]: Renaming synthetic method lambda$loadResources$0(Lnet/minecraft/server/ReloadableServerResources;)V to md49d408$lambda$loadResources$0$0 in balm.mixins.json:ReloadableServerResourcesMixin
[06Aug2025 14:44:53.177] [modloading-worker-0/DEBUG] [mixin/]: Mixing ReloadableServerResourcesMixin from wthit.mixins.json into net.minecraft.server.ReloadableServerResources
[06Aug2025 14:44:53.177] [modloading-worker-0/DEBUG] [mixin/]: wthit.mixins.json:ReloadableServerResourcesMixin: Class version 61 required is higher than the class version supported by the current version of Mixin (JAVA_16 supports class version 60)
[06Aug2025 14:44:53.196] [modloading-worker-0/DEBUG] [mixin/]: Mixing PlayerListMixin from balm.mixins.json into net.minecraft.server.players.PlayerList
[06Aug2025 14:44:53.197] [modloading-worker-0/DEBUG] [mixin/]: Mixing PlayerManagerMixin from fabric-entity-events-v1.mixins.json into net.minecraft.server.players.PlayerList
[06Aug2025 14:44:53.197] [modloading-worker-0/DEBUG] [mixin/]: fabric-entity-events-v1.mixins.json:PlayerManagerMixin: Class version 61 required is higher than the class version supported by the current version of Mixin (JAVA_16 supports class version 60)
[06Aug2025 14:44:53.198] [modloading-worker-0/DEBUG] [mixin/]: Mixing MixinPlayerList from badpackets.mixins.json into net.minecraft.server.players.PlayerList
[06Aug2025 14:44:53.198] [modloading-worker-0/DEBUG] [mixin/]: badpackets.mixins.json:MixinPlayerList: Class version 61 required is higher than the class version supported by the current version of Mixin (JAVA_16 supports class version 60)
[06Aug2025 14:44:53.198] [modloading-worker-0/DEBUG] [mixin/]: Mixing camera.PlayerListMixin from securitycraft.mixins.json into net.minecraft.server.players.PlayerList
[06Aug2025 14:44:53.215] [modloading-worker-0/DEBUG] [mixin/]: Mixing MixinLevelEvent from architectury.mixins.json into net.minecraftforge.event.level.LevelEvent
[06Aug2025 14:44:53.222] [modloading-worker-0/DEBUG] [net.minecraftforge.fml.javafmlmod.AutomaticEventSubscriber/LOADING]: Attempting to inject @EventBusSubscriber classes into the eventbus for sophisticatedcore
[06Aug2025 14:44:53.227] [modloading-worker-0/DEBUG] [net.minecraftforge.fml.javafmlmod.AutomaticEventSubscriber/LOADING]: Attempting to inject @EventBusSubscriber classes into the eventbus for gpumemleakfix
[06Aug2025 14:44:53.241] [modloading-worker-0/INFO] [fr.samlegamer.mcwbyg.McwByg/]: Macaw's Oh the Biomes You'll Go Is Charged !
[06Aug2025 14:44:53.242] [modloading-worker-0/DEBUG] [net.minecraftforge.fml.javafmlmod.AutomaticEventSubscriber/LOADING]: Attempting to inject @EventBusSubscriber classes into the eventbus for mcwbyg
[06Aug2025 14:44:53.242] [modloading-worker-0/DEBUG] [net.minecraftforge.fml.javafmlmod.AutomaticEventSubscriber/LOADING]: Auto-subscribing fr.samlegamer.mcwbyg.McwByg to MOD
[06Aug2025 14:44:53.242] [modloading-worker-0/DEBUG] [net.minecraftforge.fml.javafmlmod.AutomaticEventSubscriber/LOADING]: Auto-subscribing fr.samlegamer.mcwbyg.Mapping to FORGE
[06Aug2025 14:44:53.250] [modloading-worker-0/DEBUG] [net.minecraftforge.fml.config.ConfigTracker/CONFIG]: Config file citadel-common.toml for citadel tracking
[06Aug2025 14:44:53.266] [modloading-worker-0/DEBUG] [net.minecraftforge.fml.javafmlmod.AutomaticEventSubscriber/LOADING]: Attempting to inject @EventBusSubscriber classes into the eventbus for citadel
[06Aug2025 14:44:53.266] [modloading-worker-0/DEBUG] [net.minecraftforge.fml.javafmlmod.AutomaticEventSubscriber/LOADING]: Auto-subscribing com.github.alexthe666.citadel.ServerProxy to MOD
[06Aug2025 14:44:53.266] [modloading-worker-0/DEBUG] [net.minecraftforge.fml.javafmlmod.AutomaticEventSubscriber/LOADING]: Attempting to inject @EventBusSubscriber classes into the eventbus for mixinextras
[06Aug2025 14:44:53.282] [modloading-worker-0/DEBUG] [net.minecraftforge.fml.javafmlmod.AutomaticEventSubscriber/LOADING]: Attempting to inject @EventBusSubscriber classes into the eventbus for fabric_data_attachment_api_v1
[06Aug2025 14:44:53.345] [modloading-worker-0/DEBUG] [net.minecraftforge.fml.config.ConfigTracker/CONFIG]: Config file sophisticatedbackpacks-server.toml for sophisticatedbackpacks tracking
[06Aug2025 14:44:53.345] [modloading-worker-0/DEBUG] [net.minecraftforge.fml.config.ConfigTracker/CONFIG]: Config file sophisticatedbackpacks-common.toml for sophisticatedbackpacks tracking
[06Aug2025 14:44:53.420] [modloading-worker-0/DEBUG] [mixin/]: Mixing RegisterCapabilitiesEventMixin from cclayer.mixins.json into net.minecraftforge.event.AttachCapabilitiesEvent
[06Aug2025 14:44:53.480] [modloading-worker-0/DEBUG] [com.tterrag.registrate.AbstractRegistrate/REGISTRATE.REGISTER]: Captured registration for entry willow_connected of type minecraft:block
[06Aug2025 14:44:53.482] [modloading-worker-0/DEBUG] [com.tterrag.registrate.AbstractRegistrate/REGISTRATE.REGISTER]: Captured registration for entry waxed_willow_connected of type minecraft:block
[06Aug2025 14:44:53.483] [modloading-worker-0/DEBUG] [com.tterrag.registrate.AbstractRegistrate/REGISTRATE.REGISTER]: Captured registration for entry polished_willow_connected of type minecraft:block
[06Aug2025 14:44:53.487] [modloading-worker-0/DEBUG] [com.tterrag.registrate.AbstractRegistrate/REGISTRATE.REGISTER]: Captured registration for entry waxed_polished_willow_connected of type minecraft:block
[06Aug2025 14:44:53.489] [modloading-worker-0/DEBUG] [com.tterrag.registrate.AbstractRegistrate/REGISTRATE.REGISTER]: Captured registration for entry polished_willow_pillar of type minecraft:block
[06Aug2025 14:44:53.490] [modloading-worker-0/DEBUG] [com.tterrag.registrate.AbstractRegistrate/REGISTRATE.REGISTER]: Captured registration for entry waxed_polished_willow_pillar of type minecraft:block
[06Aug2025 14:44:53.490] [modloading-worker-0/DEBUG] [com.tterrag.registrate.AbstractRegistrate/REGISTRATE.REGISTER]: Captured registration for entry polished_willow_layered of type minecraft:block
[06Aug2025 14:44:53.493] [modloading-worker-0/DEBUG] [com.tterrag.registrate.AbstractRegistrate/REGISTRATE.REGISTER]: Captured registration for entry waxed_polished_willow_layered of type minecraft:block
[06Aug2025 14:44:53.498] [modloading-worker-0/DEBUG] [com.tterrag.registrate.AbstractRegistrate/REGISTRATE.REGISTER]: Captured registration for entry witch_hazel_connected of type minecraft:block
[06Aug2025 14:44:53.499] [modloading-worker-0/DEBUG] [com.tterrag.registrate.AbstractRegistrate/REGISTRATE.REGISTER]: Captured registration for entry waxed_witch_hazel_connected of type minecraft:block
[06Aug2025 14:44:53.500] [modloading-worker-0/DEBUG] [com.tterrag.registrate.AbstractRegistrate/REGISTRATE.REGISTER]: Captured registration for entry polished_witch_hazel_connected of type minecraft:block
[06Aug2025 14:44:53.500] [modloading-worker-0/DEBUG] [com.tterrag.registrate.AbstractRegistrate/REGISTRATE.REGISTER]: Captured registration for entry waxed_polished_witch_hazel_connected of type minecraft:block
[06Aug2025 14:44:53.501] [modloading-worker-0/DEBUG] [com.tterrag.registrate.AbstractRegistrate/REGISTRATE.REGISTER]: Captured registration for entry polished_witch_hazel_pillar of type minecraft:block
[06Aug2025 14:44:53.501] [modloading-worker-0/DEBUG] [com.tterrag.registrate.AbstractRegistrate/REGISTRATE.REGISTER]: Captured registration for entry waxed_polished_witch_hazel_pillar of type minecraft:block
[06Aug2025 14:44:53.504] [modloading-worker-0/DEBUG] [com.tterrag.registrate.AbstractRegistrate/REGISTRATE.REGISTER]: Captured registration for entry polished_witch_hazel_layered of type minecraft:block
[06Aug2025 14:44:53.504] [modloading-worker-0/DEBUG] [com.tterrag.registrate.AbstractRegistrate/REGISTRATE.REGISTER]: Captured registration for entry waxed_polished_witch_hazel_layered of type minecraft:block
[06Aug2025 14:44:53.505] [modloading-worker-0/DEBUG] [com.tterrag.registrate.AbstractRegistrate/REGISTRATE.REGISTER]: Captured registration for entry mahogany_connected of type minecraft:block
[06Aug2025 14:44:53.505] [modloading-worker-0/DEBUG] [net.minecraftforge.fml.config.ConfigTracker/CONFIG]: Config file balm-client.toml for balm tracking
[06Aug2025 14:44:53.508] [modloading-worker-0/DEBUG] [com.tterrag.registrate.AbstractRegistrate/REGISTRATE.REGISTER]: Captured registration for entry polished_mahogany_connected of type minecraft:block
[06Aug2025 14:44:53.509] [modloading-worker-0/DEBUG] [com.tterrag.registrate.AbstractRegistrate/REGISTRATE.REGISTER]: Captured registration for entry waxed_mahogany_connected of type minecraft:block
[06Aug2025 14:44:53.510] [modloading-worker-0/DEBUG] [com.tterrag.registrate.AbstractRegistrate/REGISTRATE.REGISTER]: Captured registration for entry waxed_polished_mahogany_connected of type minecraft:block
[06Aug2025 14:44:53.510] [modloading-worker-0/DEBUG] [com.tterrag.registrate.AbstractRegistrate/REGISTRATE.REGISTER]: Captured registration for entry polished_mahogany_pillar of type minecraft:block
[06Aug2025 14:44:53.513] [modloading-worker-0/DEBUG] [com.tterrag.registrate.AbstractRegistrate/REGISTRATE.REGISTER]: Captured registration for entry waxed_polished_mahogany_pillar of type minecraft:block
[06Aug2025 14:44:53.514] [modloading-worker-0/DEBUG] [com.tterrag.registrate.AbstractRegistrate/REGISTRATE.REGISTER]: Captured registration for entry polished_mahogany_layered of type minecraft:block
[06Aug2025 14:44:53.514] [modloading-worker-0/DEBUG] [com.tterrag.registrate.AbstractRegistrate/REGISTRATE.REGISTER]: Captured registration for entry waxed_polished_mahogany_layered of type minecraft:block
[06Aug2025 14:44:53.515] [modloading-worker-0/DEBUG] [com.tterrag.registrate.AbstractRegistrate/REGISTRATE.REGISTER]: Captured registration for entry stone_window_pane of type minecraft:block
[06Aug2025 14:44:53.518] [modloading-worker-0/DEBUG] [com.tterrag.registrate.AbstractRegistrate/REGISTRATE.REGISTER]: Captured registration for entry waxed_stone_window_pane of type minecraft:block
[06Aug2025 14:44:53.519] [modloading-worker-0/DEBUG] [com.tterrag.registrate.AbstractRegistrate/REGISTRATE.REGISTER]: Captured registration for entry stone_window of type minecraft:block
[06Aug2025 14:44:53.520] [modloading-worker-0/DEBUG] [com.tterrag.registrate.AbstractRegistrate/REGISTRATE.REGISTER]: Captured registration for entry waxed_stone_window of type minecraft:block
[06Aug2025 14:44:53.521] [modloading-worker-0/DEBUG] [com.tterrag.registrate.AbstractRegistrate/REGISTRATE.REGISTER]: Captured registration for entry mahogany_window_pane of type minecraft:block
[06Aug2025 14:44:53.522] [modloading-worker-0/DEBUG] [com.tterrag.registrate.AbstractRegistrate/REGISTRATE.REGISTER]: Captured registration for entry waxed_mahogany_window_pane of type minecraft:block
[06Aug2025 14:44:53.523] [modloading-worker-0/DEBUG] [com.tterrag.registrate.AbstractRegistrate/REGISTRATE.REGISTER]: Captured registration for entry willow_window_pane of type minecraft:block
[06Aug2025 14:44:53.525] [modloading-worker-0/DEBUG] [com.tterrag.registrate.AbstractRegistrate/REGISTRATE.REGISTER]: Captured registration for entry waxed_willow_window_pane of type minecraft:block
[06Aug2025 14:44:53.524] [modloading-worker-0/DEBUG] [net.minecraftforge.fml.config.ConfigTracker/CONFIG]: Config file balm-common.toml for balm tracking
[06Aug2025 14:44:53.527] [modloading-worker-0/DEBUG] [com.tterrag.registrate.AbstractRegistrate/REGISTRATE.REGISTER]: Captured registration for entry witch_hazel_window_pane of type minecraft:block
[06Aug2025 14:44:53.528] [modloading-worker-0/DEBUG] [com.tterrag.registrate.AbstractRegistrate/REGISTRATE.REGISTER]: Captured registration for entry waxed_witch_hazel_window_pane of type minecraft:block
[06Aug2025 14:44:53.529] [modloading-worker-0/DEBUG] [com.tterrag.registrate.AbstractRegistrate/REGISTRATE.REGISTER]: Captured registration for entry mahogany_window of type minecraft:block
[06Aug2025 14:44:53.530] [modloading-worker-0/DEBUG] [com.tterrag.registrate.AbstractRegistrate/REGISTRATE.REGISTER]: Captured registration for entry waxed_mahogany_window of type minecraft:block
[06Aug2025 14:44:53.531] [modloading-worker-0/DEBUG] [com.tterrag.registrate.AbstractRegistrate/REGISTRATE.REGISTER]: Captured registration for entry willow_window of type minecraft:block
[06Aug2025 14:44:53.534] [modloading-worker-0/DEBUG] [com.tterrag.registrate.AbstractRegistrate/REGISTRATE.REGISTER]: Captured registration for entry waxed_willow_window of type minecraft:block
[06Aug2025 14:44:53.535] [modloading-worker-0/DEBUG] [com.tterrag.registrate.AbstractRegistrate/REGISTRATE.REGISTER]: Captured registration for entry witch_hazel_window of type minecraft:block
[06Aug2025 14:44:53.536] [modloading-worker-0/DEBUG] [com.tterrag.registrate.AbstractRegistrate/REGISTRATE.REGISTER]: Captured registration for entry waxed_witch_hazel_window of type minecraft:block
[06Aug2025 14:44:53.537] [modloading-worker-0/DEBUG] [com.tterrag.registrate.AbstractRegistrate/REGISTRATE.REGISTER]: Captured registration for entry infused_fabric_block_ornate of type minecraft:block
[06Aug2025 14:44:53.538] [modloading-worker-0/DEBUG] [com.tterrag.registrate.AbstractRegistrate/REGISTRATE.REGISTER]: Captured registration for entry waxed_infused_fabric_block_ornate of type minecraft:block
[06Aug2025 14:44:53.540] [modloading-worker-0/DEBUG] [com.tterrag.registrate.AbstractRegistrate/REGISTRATE.REGISTER]: Captured registration for entry infused_fabric_carpet_ornate of type minecraft:block
[06Aug2025 14:44:53.540] [modloading-worker-0/DEBUG] [net.minecraftforge.fml.config.ConfigTracker/CONFIG]: Config file alexsmobs.toml for alexsmobs tracking
[06Aug2025 14:44:53.541] [modloading-worker-0/DEBUG] [com.tterrag.registrate.AbstractRegistrate/REGISTRATE.REGISTER]: Captured registration for entry waxed_infused_fabric_carpet_ornate of type minecraft:block
[06Aug2025 14:44:53.541] [modloading-worker-0/DEBUG] [com.tterrag.registrate.AbstractRegistrate/REGISTRATE.REGISTER]: Captured registration for entry infused_fabric_carpet of type minecraft:block
[06Aug2025 14:44:53.542] [modloading-worker-0/DEBUG] [net.minecraftforge.fml.javafmlmod.AutomaticEventSubscriber/LOADING]: Attempting to inject @EventBusSubscriber classes into the eventbus for balm
[06Aug2025 14:44:53.542] [modloading-worker-0/DEBUG] [com.tterrag.registrate.AbstractRegistrate/REGISTRATE.REGISTER]: Captured registration for entry waxed_infused_fabric_carpet of type minecraft:block
[06Aug2025 14:44:53.545] [modloading-worker-0/DEBUG] [com.tterrag.registrate.AbstractRegistrate/REGISTRATE.REGISTER]: Captured registration for entry infused_fabric_carpet_ornate_stairs of type minecraft:block
[06Aug2025 14:44:53.546] [modloading-worker-0/DEBUG] [com.tterrag.registrate.AbstractRegistrate/REGISTRATE.REGISTER]: Captured registration for entry waxed_infused_fabric_carpet_ornate_stairs of type minecraft:block
[06Aug2025 14:44:53.547] [modloading-worker-0/DEBUG] [com.tterrag.registrate.AbstractRegistrate/REGISTRATE.REGISTER]: Captured registration for entry infused_fabric_carpet_stairs of type minecraft:block
[06Aug2025 14:44:53.545] [modloading-worker-0/DEBUG] [net.minecraftforge.fml.javafmlmod.AutomaticEventSubscriber/LOADING]: Attempting to inject @EventBusSubscriber classes into the eventbus for fpsreducer
[06Aug2025 14:44:53.547] [modloading-worker-0/DEBUG] [com.tterrag.registrate.AbstractRegistrate/REGISTRATE.REGISTER]: Captured registration for entry waxed_infused_fabric_carpet_stairs of type minecraft:block
[06Aug2025 14:44:53.550] [modloading-worker-0/DEBUG] [com.tterrag.registrate.AbstractRegistrate/REGISTRATE.REGISTER]: Captured registration for entry infused_fabric_carpet_ornate_slab of type minecraft:block
[06Aug2025 14:44:53.550] [modloading-worker-0/DEBUG] [com.tterrag.registrate.AbstractRegistrate/REGISTRATE.REGISTER]: Captured registration for entry waxed_infused_fabric_carpet_ornate_slab of type minecraft:block
[06Aug2025 14:44:53.553] [modloading-worker-0/DEBUG] [com.tterrag.registrate.AbstractRegistrate/REGISTRATE.REGISTER]: Captured registration for entry infused_fabric_carpet_slab of type minecraft:block
[06Aug2025 14:44:53.554] [modloading-worker-0/DEBUG] [com.tterrag.registrate.AbstractRegistrate/REGISTRATE.REGISTER]: Captured registration for entry waxed_infused_fabric_carpet_slab of type minecraft:block
[06Aug2025 14:44:53.555] [modloading-worker-0/DEBUG] [com.tterrag.registrate.AbstractRegistrate/REGISTRATE.REGISTER]: Captured registration for entry infused_fabric_block of type minecraft:block
[06Aug2025 14:44:53.556] [modloading-worker-0/DEBUG] [com.tterrag.registrate.AbstractRegistrate/REGISTRATE.REGISTER]: Captured registration for entry waxed_infused_fabric_block of type minecraft:block
[06Aug2025 14:44:53.577] [modloading-worker-0/DEBUG] [Carry On/]: Loaded tschipp.carryon.platform.ForgePlatformHelper@5f119ebb for service interface tschipp.carryon.platform.services.IPlatformHelper
[06Aug2025 14:44:53.578] [modloading-worker-0/DEBUG] [Carry On/]: Loaded tschipp.carryon.platform.ForgeGamestagesHelper@1cdf71fa for service interface tschipp.carryon.platform.services.IGamestagePlatformHelper
[06Aug2025 14:44:53.591] [modloading-worker-0/DEBUG] [net.minecraftforge.fml.config.ConfigTracker/CONFIG]: Config file carryon-client.toml for carryon tracking
[06Aug2025 14:44:53.591] [modloading-worker-0/DEBUG] [net.minecraftforge.fml.config.ConfigTracker/CONFIG]: Config file carryon-common.toml for carryon tracking
[06Aug2025 14:44:53.591] [modloading-worker-0/DEBUG] [net.minecraftforge.fml.javafmlmod.AutomaticEventSubscriber/LOADING]: Attempting to inject @EventBusSubscriber classes into the eventbus for carryon
[06Aug2025 14:44:53.592] [modloading-worker-0/DEBUG] [net.minecraftforge.fml.javafmlmod.AutomaticEventSubscriber/LOADING]: Auto-subscribing tschipp.carryon.CarryOnForge to MOD
[06Aug2025 14:44:53.592] [modloading-worker-0/DEBUG] [net.minecraftforge.fml.javafmlmod.AutomaticEventSubscriber/LOADING]: Auto-subscribing tschipp.carryon.events.CommonEvents to FORGE
[06Aug2025 14:44:53.677] [modloading-worker-0/DEBUG] [net.minecraftforge.fml.javafmlmod.AutomaticEventSubscriber/LOADING]: Attempting to inject @EventBusSubscriber classes into the eventbus for sophisticatedbackpacks
[06Aug2025 14:44:53.681] [modloading-worker-0/DEBUG] [net.minecraftforge.fml.javafmlmod.AutomaticEventSubscriber/LOADING]: Attempting to inject @EventBusSubscriber classes into the eventbus for chat_heads
[06Aug2025 14:44:53.682] [modloading-worker-0/DEBUG] [net.minecraftforge.fml.javafmlmod.AutomaticEventSubscriber/LOADING]: Attempting to inject @EventBusSubscriber classes into the eventbus for cloth_config
[06Aug2025 14:44:53.688] [modloading-worker-0/DEBUG] [net.minecraftforge.fml.javafmlmod.AutomaticEventSubscriber/LOADING]: Auto-subscribing tschipp.carryon.events.ModBusEvents to MOD
[06Aug2025 14:44:53.692] [modloading-worker-0/DEBUG] [net.minecraftforge.fml.javafmlmod.AutomaticEventSubscriber/LOADING]: Attempting to inject @EventBusSubscriber classes into the eventbus for alexsmobs
[06Aug2025 14:44:53.699] [modloading-worker-0/DEBUG] [net.minecraftforge.fml.javafmlmod.AutomaticEventSubscriber/LOADING]: Auto-subscribing com.github.alexthe666.alexsmobs.world.AMWorldRegistry to MOD
[06Aug2025 14:44:53.701] [modloading-worker-0/DEBUG] [net.minecraftforge.fml.javafmlmod.AutomaticEventSubscriber/LOADING]: Auto-subscribing com.github.alexthe666.alexsmobs.tileentity.AMTileEntityRegistry to MOD
[06Aug2025 14:44:53.699] [modloading-worker-0/DEBUG] [net.minecraftforge.fml.config.ConfigTracker/CONFIG]: Config file emojiful-client.toml for emojiful tracking
[06Aug2025 14:44:53.704] [modloading-worker-0/DEBUG] [net.minecraftforge.fml.javafmlmod.AutomaticEventSubscriber/LOADING]: Attempting to inject @EventBusSubscriber classes into the eventbus for emojiful
[06Aug2025 14:44:53.697] [modloading-worker-0/DEBUG] [net.minecraftforge.fml.javafmlmod.AutomaticEventSubscriber/LOADING]: Attempting to inject @EventBusSubscriber classes into the eventbus for craftable_elytra_remastered
[06Aug2025 14:44:53.705] [modloading-worker-0/DEBUG] [net.minecraftforge.fml.javafmlmod.AutomaticEventSubscriber/LOADING]: Auto-subscribing net.mcreator.craftableelytraremastered.init.CraftableElytraRemasteredModTabs to MOD
[06Aug2025 14:44:53.705] [modloading-worker-0/INFO] [de.keksuccino.konkrete.Konkrete/]: [KONKRETE] Successfully initialized!
[06Aug2025 14:44:53.707] [modloading-worker-0/INFO] [de.keksuccino.konkrete.Konkrete/]: [KONKRETE] Server-side libs ready to use!
[06Aug2025 14:44:53.707] [modloading-worker-0/DEBUG] [net.minecraftforge.fml.javafmlmod.AutomaticEventSubscriber/LOADING]: Attempting to inject @EventBusSubscriber classes into the eventbus for konkrete
[06Aug2025 14:44:53.707] [modloading-worker-0/DEBUG] [net.minecraftforge.fml.javafmlmod.AutomaticEventSubscriber/LOADING]: Attempting to inject @EventBusSubscriber classes into the eventbus for rubidium
[06Aug2025 14:44:53.708] [modloading-worker-0/DEBUG] [net.minecraftforge.fml.javafmlmod.AutomaticEventSubscriber/LOADING]: Attempting to inject @EventBusSubscriber classes into the eventbus for athena
[06Aug2025 14:44:53.708] [modloading-worker-0/DEBUG] [net.minecraftforge.fml.javafmlmod.AutomaticEventSubscriber/LOADING]: Auto-subscribing com.github.alexthe666.alexsmobs.event.ServerEvents to FORGE
[06Aug2025 14:44:53.714] [modloading-worker-0/DEBUG] [net.minecraftforge.fml.javafmlmod.AutomaticEventSubscriber/LOADING]: Auto-subscribing com.github.alexthe666.alexsmobs.entity.AMEntityRegistry to MOD
[06Aug2025 14:44:53.724] [modloading-worker-0/DEBUG] [net.minecraftforge.fml.javafmlmod.AutomaticEventSubscriber/LOADING]: Attempting to inject @EventBusSubscriber classes into the eventbus for morebows
[06Aug2025 14:44:53.725] [modloading-worker-0/DEBUG] [net.minecraftforge.fml.javafmlmod.AutomaticEventSubscriber/LOADING]: Auto-subscribing com.github.alexthe666.alexsmobs.CommonProxy to MOD
[06Aug2025 14:44:53.727] [modloading-worker-0/DEBUG] [net.minecraftforge.fml.javafmlmod.AutomaticEventSubscriber/LOADING]: Auto-subscribing com.github.alexthe666.alexsmobs.AlexsMobs to FORGE
[06Aug2025 14:44:53.727] [modloading-worker-0/DEBUG] [net.minecraftforge.fml.javafmlmod.AutomaticEventSubscriber/LOADING]: Attempting to inject @EventBusSubscriber classes into the eventbus for wthit
[06Aug2025 14:44:53.731] [modloading-worker-0/DEBUG] [net.minecraftforge.fml.javafmlmod.AutomaticEventSubscriber/LOADING]: Attempting to inject @EventBusSubscriber classes into the eventbus for embeddium
[06Aug2025 14:44:53.767] [modloading-worker-0/DEBUG] [com.tterrag.registrate.AbstractRegistrate/REGISTRATE.REGISTER]: Captured registration for entry polished_mahogany_trapdoor of type minecraft:block
[06Aug2025 14:44:53.768] [modloading-worker-0/DEBUG] [net.minecraftforge.fml.javafmlmod.AutomaticEventSubscriber/LOADING]: Attempting to inject @EventBusSubscriber classes into the eventbus for resourcefulconfig
[06Aug2025 14:44:53.771] [modloading-worker-0/DEBUG] [net.minecraftforge.fml.javafmlmod.AutomaticEventSubscriber/LOADING]: Attempting to inject @EventBusSubscriber classes into the eventbus for curios
[06Aug2025 14:44:53.781] [modloading-worker-0/DEBUG] [com.tterrag.registrate.AbstractRegistrate/REGISTRATE.REGISTER]: Captured registration for entry polished_willow_trapdoor of type minecraft:block
[06Aug2025 14:44:53.789] [modloading-worker-0/DEBUG] [net.minecraftforge.fml.javafmlmod.AutomaticEventSubscriber/LOADING]: Attempting to inject @EventBusSubscriber classes into the eventbus for waila
[06Aug2025 14:44:53.789] [modloading-worker-0/DEBUG] [net.minecraftforge.fml.javafmlmod.AutomaticEventSubscriber/LOADING]: Auto-subscribing mcp.mobius.waila.forge.ForgeWailaDedicatedServer$Subscriber to FORGE
[06Aug2025 14:44:53.796] [modloading-worker-0/DEBUG] [net.minecraftforge.fml.javafmlmod.AutomaticEventSubscriber/LOADING]: Auto-subscribing mcp.mobius.waila.forge.ForgeWaila to MOD
[06Aug2025 14:44:53.797] [modloading-worker-0/DEBUG] [net.minecraftforge.fml.javafmlmod.AutomaticEventSubscriber/LOADING]: Auto-subscribing mcp.mobius.waila.forge.ForgeWaila$Subscriber to FORGE
[06Aug2025 14:44:53.799] [modloading-worker-0/DEBUG] [com.tterrag.registrate.AbstractRegistrate/REGISTRATE.REGISTER]: Captured registration for entry polished_witch_hazel_trapdoor of type minecraft:block
[06Aug2025 14:44:53.800] [modloading-worker-0/DEBUG] [net.minecraftforge.fml.config.ConfigTracker/CONFIG]: Config file trapcraft-server.toml for trapcraft tracking
[06Aug2025 14:44:53.800] [modloading-worker-0/DEBUG] [net.minecraftforge.fml.javafmlmod.AutomaticEventSubscriber/LOADING]: Attempting to inject @EventBusSubscriber classes into the eventbus for trapcraft
[06Aug2025 14:44:53.809] [modloading-worker-0/INFO] [Collective/]: Loading Collective version 8.3.
[06Aug2025 14:44:53.815] [modloading-worker-0/DEBUG] [net.minecraftforge.fml.javafmlmod.AutomaticEventSubscriber/LOADING]: Attempting to inject @EventBusSubscriber classes into the eventbus for cclayer
[06Aug2025 14:44:53.821] [modloading-worker-0/DEBUG] [net.minecraftforge.fml.javafmlmod.AutomaticEventSubscriber/LOADING]: Attempting to inject @EventBusSubscriber classes into the eventbus for cerbons_api
[06Aug2025 14:44:53.822] [modloading-worker-0/DEBUG] [net.minecraftforge.fml.javafmlmod.AutomaticEventSubscriber/LOADING]: Auto-subscribing com.cerbon.cerbons_api.forge.event.CerbonsApiForgeEvents to MOD
[06Aug2025 14:44:53.822] [modloading-worker-0/DEBUG] [mixin/]: Mixing EnchantmentHelperMixin from accessories-common.mixins.json into net.minecraft.world.item.enchantment.EnchantmentHelper
[06Aug2025 14:44:53.822] [modloading-worker-0/DEBUG] [mixin/]: Renaming synthetic method lambda$wrapMapCheck$0(Lnet/minecraft/world/item/enchantment/Enchantment;Ljava/util/function/Predicate;Lio/wispforest/accessories/api/slot/SlotEntryReference;)Z to md49d408$lambda$wrapMapCheck$0$0 in accessories-common.mixins.json:EnchantmentHelperMixin
[06Aug2025 14:44:53.826] [modloading-worker-0/DEBUG] [mixin/]: Mixing item.wearable.charmofsinking.EnchantmentHelperMixin from mixins.artifacts.common.json into net.minecraft.world.item.enchantment.EnchantmentHelper
[06Aug2025 14:44:53.826] [modloading-worker-0/DEBUG] [mixin/]: Mixing item.wearable.pendant.EnchantmentHelperMixin from mixins.artifacts.common.json into net.minecraft.world.item.enchantment.EnchantmentHelper
[06Aug2025 14:44:53.841] [modloading-worker-0/DEBUG] [net.minecraftforge.fml.javafmlmod.AutomaticEventSubscriber/LOADING]: Attempting to inject @EventBusSubscriber classes into the eventbus for bettervillage
[06Aug2025 14:44:53.843] [modloading-worker-0/DEBUG] [net.minecraftforge.fml.javafmlmod.AutomaticEventSubscriber/LOADING]: Auto-subscribing com.cerbon.cerbons_api.forge.event.ForgeEvents to FORGE
[06Aug2025 14:44:53.880] [modloading-worker-0/DEBUG] [net.minecraftforge.fml.javafmlmod.AutomaticEventSubscriber/LOADING]: Attempting to inject @EventBusSubscriber classes into the eventbus for fabric_entity_events_v1
[06Aug2025 14:44:53.888] [modloading-worker-0/DEBUG] [com.tterrag.registrate.AbstractRegistrate/REGISTRATE.REGISTER]: Captured registration for entry potion of type forge:fluid_type
[06Aug2025 14:44:53.890] [modloading-worker-0/DEBUG] [net.minecraftforge.fml.javafmlmod.AutomaticEventSubscriber/LOADING]: Attempting to inject @EventBusSubscriber classes into the eventbus for resourcefullib
[06Aug2025 14:44:53.894] [modloading-worker-0/DEBUG] [com.tterrag.registrate.AbstractRegistrate/REGISTRATE.REGISTER]: Captured registration for entry potion of type minecraft:fluid
[06Aug2025 14:44:53.894] [modloading-worker-0/DEBUG] [com.tterrag.registrate.AbstractRegistrate/REGISTRATE.REGISTER]: Captured registration for entry flowing_potion of type minecraft:fluid
[06Aug2025 14:44:53.927] [modloading-worker-0/DEBUG] [net.minecraftforge.fml.config.ConfigTracker/CONFIG]: Config file tombstone-client.toml for tombstone tracking
[06Aug2025 14:44:53.929] [modloading-worker-0/DEBUG] [net.minecraftforge.fml.config.ConfigTracker/CONFIG]: Config file tombstone-common.toml for tombstone tracking
[06Aug2025 14:44:53.939] [modloading-worker-0/DEBUG] [net.minecraftforge.fml.config.ConfigTracker/CONFIG]: Config file tombstone-server.toml for tombstone tracking
[06Aug2025 14:44:53.941] [modloading-worker-0/DEBUG] [net.minecraftforge.fml.javafmlmod.AutomaticEventSubscriber/LOADING]: Attempting to inject @EventBusSubscriber classes into the eventbus for tombstone
[06Aug2025 14:44:53.941] [modloading-worker-0/DEBUG] [net.minecraftforge.fml.javafmlmod.AutomaticEventSubscriber/LOADING]: Auto-subscribing ovh.corail.tombstone.registry.Registration to MOD
[06Aug2025 14:44:53.943] [modloading-worker-0/DEBUG] [net.minecraftforge.fml.javafmlmod.AutomaticEventSubscriber/LOADING]: Auto-subscribing ovh.corail.tombstone.perk.PerkRegistry to MOD
[06Aug2025 14:44:53.944] [modloading-worker-0/DEBUG] [net.minecraftforge.fml.javafmlmod.AutomaticEventSubscriber/LOADING]: Auto-subscribing ovh.corail.tombstone.helper.LootHelper to FORGE
[06Aug2025 14:44:53.980] [modloading-worker-0/DEBUG] [net.minecraftforge.fml.javafmlmod.AutomaticEventSubscriber/LOADING]: Attempting to inject @EventBusSubscriber classes into the eventbus for collective
[06Aug2025 14:44:53.984] [modloading-worker-0/DEBUG] [net.minecraftforge.fml.javafmlmod.AutomaticEventSubscriber/LOADING]: Auto-subscribing com.natamus.collective.forge.events.RegisterCollectiveForgeEvents to FORGE
[06Aug2025 14:44:53.985] [modloading-worker-0/DEBUG] [mixin/]: Mixing LootTableMixin from balm.mixins.json into net.minecraft.world.level.storage.loot.LootTable
[06Aug2025 14:44:53.986] [modloading-worker-0/DEBUG] [mixin/]: Mixing accessor.LootTableForgeAccessor from puzzleslib.forge.mixins.json into net.minecraft.world.level.storage.loot.LootTable
[06Aug2025 14:44:53.990] [modloading-worker-0/DEBUG] [net.minecraftforge.fml.javafmlmod.AutomaticEventSubscriber/LOADING]: Auto-subscribing ovh.corail.tombstone.event.EventHandler to FORGE
[06Aug2025 14:44:53.990] [modloading-worker-0/DEBUG] [mixin/]: Mixing TagsProviderForgeMixin from puzzleslib.forge.mixins.json into net.minecraft.data.tags.TagsProvider
[06Aug2025 14:44:54.018] [modloading-worker-0/DEBUG] [net.minecraftforge.fml.javafmlmod.AutomaticEventSubscriber/LOADING]: Attempting to inject @EventBusSubscriber classes into the eventbus for hexerei
[06Aug2025 14:44:54.019] [modloading-worker-0/DEBUG] [net.minecraftforge.fml.javafmlmod.AutomaticEventSubscriber/LOADING]: Auto-subscribing net.joefoxe.hexerei.world.ModWorldEvents to FORGE
[06Aug2025 14:44:54.019] [modloading-worker-0/DEBUG] [net.minecraftforge.fml.javafmlmod.AutomaticEventSubscriber/LOADING]: Auto-subscribing net.joefoxe.hexerei.util.ServerProxy to FORGE
[06Aug2025 14:44:54.020] [modloading-worker-0/DEBUG] [net.minecraftforge.fml.javafmlmod.AutomaticEventSubscriber/LOADING]: Auto-subscribing net.joefoxe.hexerei.particle.ModParticleUtil to MOD
[06Aug2025 14:44:54.021] [modloading-worker-0/DEBUG] [net.minecraftforge.fml.javafmlmod.AutomaticEventSubscriber/LOADING]: Auto-subscribing net.joefoxe.hexerei.events.WitchArmorEvent to FORGE
[06Aug2025 14:44:54.022] [modloading-worker-0/DEBUG] [net.minecraftforge.fml.javafmlmod.AutomaticEventSubscriber/LOADING]: Auto-subscribing net.joefoxe.hexerei.events.SageBurningPlateEvent to FORGE
[06Aug2025 14:44:54.022] [modloading-worker-0/DEBUG] [net.minecraftforge.fml.javafmlmod.AutomaticEventSubscriber/LOADING]: Auto-subscribing net.joefoxe.hexerei.event.ModEventBusEvents to MOD
[06Aug2025 14:44:54.029] [modloading-worker-0/DEBUG] [net.minecraftforge.fml.javafmlmod.AutomaticEventSubscriber/LOADING]: Auto-subscribing net.joefoxe.hexerei.event.EventQueue to FORGE
[06Aug2025 14:44:54.032] [modloading-worker-0/DEBUG] [net.minecraftforge.fml.javafmlmod.AutomaticEventSubscriber/LOADING]: Auto-subscribing net.joefoxe.hexerei.data.owl.OwlLoadedChunksSavedData to FORGE
[06Aug2025 14:44:54.043] [modloading-worker-0/DEBUG] [net.minecraftforge.fml.javafmlmod.AutomaticEventSubscriber/LOADING]: Auto-subscribing net.joefoxe.hexerei.data.owl.OwlCourierDepotSavedData to FORGE
[06Aug2025 14:44:54.044] [modloading-worker-0/DEBUG] [net.minecraftforge.fml.javafmlmod.AutomaticEventSubscriber/LOADING]: Auto-subscribing net.joefoxe.hexerei.config.HexConfig to MOD
[06Aug2025 14:44:54.049] [modloading-worker-0/DEBUG] [net.minecraftforge.fml.javafmlmod.AutomaticEventSubscriber/LOADING]: Auto-subscribing net.joefoxe.hexerei.client.renderer.entity.ModEntityTypes to MOD
[06Aug2025 14:44:54.091] [modloading-worker-0/DEBUG] [net.minecraftforge.fml.javafmlmod.AutomaticEventSubscriber/LOADING]: Auto-subscribing ovh.corail.tombstone.config.ConfigTombstone$ConfigEvent to MOD
[06Aug2025 14:44:54.108] [modloading-worker-0/INFO] [com.cupboard.Cupboard/]: Loaded config for: cupboard.json
[06Aug2025 14:44:54.114] [modloading-worker-0/DEBUG] [net.minecraftforge.fml.javafmlmod.AutomaticEventSubscriber/LOADING]: Attempting to inject @EventBusSubscriber classes into the eventbus for cupboard
[06Aug2025 14:44:54.141] [modloading-worker-0/DEBUG] [net.minecraftforge.fml.javafmlmod.AutomaticEventSubscriber/LOADING]: Attempting to inject @EventBusSubscriber classes into the eventbus for flib
[06Aug2025 14:44:54.141] [modloading-worker-0/DEBUG] [net.minecraftforge.fml.javafmlmod.AutomaticEventSubscriber/LOADING]: Auto-subscribing com.lothrazar.library.mod.FlibRegistrations to MOD
[06Aug2025 14:44:54.146] [modloading-worker-0/DEBUG] [net.minecraftforge.fml.javafmlmod.AutomaticEventSubscriber/LOADING]: Attempting to inject @EventBusSubscriber classes into the eventbus for architectury
[06Aug2025 14:44:54.146] [modloading-worker-0/DEBUG] [net.minecraftforge.fml.javafmlmod.AutomaticEventSubscriber/LOADING]: Auto-subscribing dev.architectury.registry.level.entity.trade.forge.TradeRegistryImpl to FORGE
[06Aug2025 14:44:54.156] [modloading-worker-0/DEBUG] [net.minecraftforge.fml.javafmlmod.AutomaticEventSubscriber/LOADING]: Auto-subscribing dev.architectury.registry.forge.ReloadListenerRegistryImpl to FORGE
[06Aug2025 14:44:54.157] [modloading-worker-0/DEBUG] [net.minecraftforge.fml.javafmlmod.AutomaticEventSubscriber/LOADING]: Auto-subscribing dev.architectury.networking.forge.NetworkManagerImpl to FORGE
[06Aug2025 14:44:54.163] [modloading-worker-0/DEBUG] [net.minecraftforge.fml.javafmlmod.AutomaticEventSubscriber/LOADING]: Attempting to inject @EventBusSubscriber classes into the eventbus for mace_backport
[06Aug2025 14:44:54.163] [modloading-worker-0/DEBUG] [net.minecraftforge.fml.javafmlmod.AutomaticEventSubscriber/LOADING]: Auto-subscribing net.derex.mace.procedures.WindBurstFunctionalityProcedure to FORGE
[06Aug2025 14:44:54.164] [modloading-worker-0/DEBUG] [net.minecraftforge.fml.javafmlmod.AutomaticEventSubscriber/LOADING]: Auto-subscribing net.derex.mace.init.MaceBackportModTabs to MOD
[06Aug2025 14:44:54.164] [modloading-worker-0/DEBUG] [net.minecraftforge.fml.javafmlmod.AutomaticEventSubscriber/LOADING]: Auto-subscribing net.derex.mace.init.MaceBackportModGameRules to MOD
[06Aug2025 14:44:54.173] [modloading-worker-0/DEBUG] [mixin/]: Mixing gamerule.BooleanValueInvoker from mixins.artifacts.common.json into net.minecraft.world.level.GameRules$BooleanValue
[06Aug2025 14:44:54.173] [modloading-worker-0/DEBUG] [mixin/]: Renaming @Invoker method invokeCreate(ZLjava/util/function/BiConsumer;)Lnet/minecraft/world/level/GameRules$Type; to invokeCreate_$md$49d408$0 in mixins.artifacts.common.json:gamerule.BooleanValueInvoker
[06Aug2025 14:44:54.174] [modloading-worker-0/INFO] [dev.architectury.networking.forge.NetworkManagerImpl/]: Registering C2S receiver with id architectury:sync_ids
[06Aug2025 14:44:54.188] [modloading-worker-0/DEBUG] [net.minecraftforge.fml.config.ConfigTracker/CONFIG]: Config file the_bumblezone/client.toml for the_bumblezone tracking
[06Aug2025 14:44:54.189] [modloading-worker-0/DEBUG] [mixin/]: Mixing gamerule.IntegerValueInvoker from mixins.artifacts.common.json into net.minecraft.world.level.GameRules$IntegerValue
[06Aug2025 14:44:54.189] [modloading-worker-0/DEBUG] [mixin/]: Renaming @Invoker method invokeCreate(ILjava/util/function/BiConsumer;)Lnet/minecraft/world/level/GameRules$Type; to invokeCreate_$md$49d408$0 in mixins.artifacts.common.json:gamerule.IntegerValueInvoker
[06Aug2025 14:44:54.198] [modloading-worker-0/DEBUG] [mixin/]: Mixing MixinConnection from badpackets.mixins.json into net.minecraft.network.Connection
[06Aug2025 14:44:54.270] [modloading-worker-0/DEBUG] [mixin/]: badpackets.mixins.json:MixinConnection: Class version 61 required is higher than the class version supported by the current version of Mixin (JAVA_16 supports class version 60)
[06Aug2025 14:44:54.289] [modloading-worker-0/DEBUG] [net.minecraftforge.fml.config.ConfigTracker/CONFIG]: Config file the_bumblezone/general.toml for the_bumblezone tracking
[06Aug2025 14:44:54.293] [modloading-worker-0/DEBUG] [Framework/]: Loaded com.mrcrayfish.framework.platform.ForgePlatformHelper@34996748 for service interface com.mrcrayfish.framework.platform.services.IPlatformHelper
[06Aug2025 14:44:54.295] [modloading-worker-0/DEBUG] [Framework/]: Loaded com.mrcrayfish.framework.platform.ForgeNetworkHelper@3b73c825 for service interface com.mrcrayfish.framework.platform.services.INetworkHelper
[06Aug2025 14:44:54.298] [modloading-worker-0/DEBUG] [net.minecraftforge.fml.config.ConfigTracker/CONFIG]: Config file the_bumblezone/worldgen.toml for the_bumblezone tracking
[06Aug2025 14:44:54.301] [modloading-worker-0/DEBUG] [net.minecraftforge.fml.config.ConfigTracker/CONFIG]: Config file the_bumblezone/dimension.toml for the_bumblezone tracking
[06Aug2025 14:44:54.298] [modloading-worker-0/DEBUG] [net.minecraftforge.fml.config.ConfigTracker/CONFIG]: Config file deeperdarker-common.toml for deeperdarker tracking
[06Aug2025 14:44:54.305] [modloading-worker-0/DEBUG] [net.minecraftforge.fml.javafmlmod.AutomaticEventSubscriber/LOADING]: Attempting to inject @EventBusSubscriber classes into the eventbus for deeperdarker
[06Aug2025 14:44:54.306] [modloading-worker-0/DEBUG] [net.minecraftforge.fml.javafmlmod.AutomaticEventSubscriber/LOADING]: Auto-subscribing com.kyanite.deeperdarker.DeeperDarkerEvents to FORGE
[06Aug2025 14:44:54.310] [modloading-worker-0/DEBUG] [Framework/]: Loaded com.mrcrayfish.framework.platform.ForgeRegistrationHelper@e9eee32 for service interface com.mrcrayfish.framework.platform.services.IRegistrationHelper
[06Aug2025 14:44:54.311] [modloading-worker-0/DEBUG] [net.minecraftforge.fml.config.ConfigTracker/CONFIG]: Config file the_bumblezone/bee_aggression.toml for the_bumblezone tracking
[06Aug2025 14:44:54.314] [modloading-worker-0/DEBUG] [Framework/]: Loaded com.mrcrayfish.framework.platform.ForgeEntityHelper@3a4334f5 for service interface com.mrcrayfish.framework.platform.services.IEntityHelper
[06Aug2025 14:44:54.314] [modloading-worker-0/DEBUG] [Framework/]: Loaded com.mrcrayfish.framework.platform.ForgeItemHelper@e498b5e for service interface com.mrcrayfish.framework.platform.services.IItemHelper
[06Aug2025 14:44:54.319] [modloading-worker-0/DEBUG] [Framework/]: Loaded com.mrcrayfish.framework.platform.ForgeConfigHelper@5006484e for service interface com.mrcrayfish.framework.platform.services.IConfigHelper
[06Aug2025 14:44:54.320] [modloading-worker-0/DEBUG] [net.minecraftforge.fml.config.ConfigTracker/CONFIG]: Config file inventorymanagement/inventorymanagement-client.toml for inventorymanagement tracking
[06Aug2025 14:44:54.322] [modloading-worker-0/DEBUG] [net.minecraftforge.fml.javafmlmod.AutomaticEventSubscriber/LOADING]: Attempting to inject @EventBusSubscriber classes into the eventbus for accessories
[06Aug2025 14:44:54.326] [modloading-worker-0/DEBUG] [net.minecraftforge.fml.javafmlmod.AutomaticEventSubscriber/LOADING]: Attempting to inject @EventBusSubscriber classes into the eventbus for chas
[06Aug2025 14:44:54.332] [modloading-worker-0/DEBUG] [net.minecraftforge.fml.config.ConfigTracker/CONFIG]: Config file the_bumblezone/mod_compatibility.toml for the_bumblezone tracking
[06Aug2025 14:44:54.340] [modloading-worker-0/INFO] [inventorymanagement/]: AutoRefillEvents registered
[06Aug2025 14:44:54.343] [modloading-worker-0/DEBUG] [net.minecraftforge.fml.javafmlmod.AutomaticEventSubscriber/LOADING]: Attempting to inject @EventBusSubscriber classes into the eventbus for inventorymanagement
[06Aug2025 14:44:54.343] [modloading-worker-0/DEBUG] [net.minecraftforge.fml.javafmlmod.AutomaticEventSubscriber/LOADING]: Auto-subscribing com.leclowndu93150.inventorymanagement.network.Networking to MOD
[06Aug2025 14:44:54.345] [modloading-worker-0/DEBUG] [playerrevive/]: Created network playerrevive:main
[06Aug2025 14:44:54.347] [modloading-worker-0/DEBUG] [net.minecraftforge.fml.javafmlmod.AutomaticEventSubscriber/LOADING]: Attempting to inject @EventBusSubscriber classes into the eventbus for playerrevive
[06Aug2025 14:44:54.350] [modloading-worker-0/DEBUG] [net.minecraftforge.fml.javafmlmod.AutomaticEventSubscriber/LOADING]: Attempting to inject @EventBusSubscriber classes into the eventbus for easymagic
[06Aug2025 14:44:54.351] [modloading-worker-0/DEBUG] [net.minecraftforge.fml.javafmlmod.AutomaticEventSubscriber/LOADING]: Auto-subscribing fuzs.easymagic.EasyMagicForge to MOD
[06Aug2025 14:44:54.355] [modloading-worker-0/INFO] [Puzzles Lib/]: Constructing common components for easymagic:main
[06Aug2025 14:44:54.356] [modloading-worker-0/DEBUG] [net.minecraftforge.fml.config.ConfigTracker/CONFIG]: Config file easymagic-server.toml for easymagic tracking
[06Aug2025 14:44:54.356] [modloading-worker-0/DEBUG] [net.minecraftforge.fml.config.ConfigTracker/CONFIG]: Config file darkmodeeverywhere-client.toml for darkmodeeverywhere tracking
[06Aug2025 14:44:54.356] [modloading-worker-0/DEBUG] [net.minecraftforge.fml.javafmlmod.AutomaticEventSubscriber/LOADING]: Attempting to inject @EventBusSubscriber classes into the eventbus for darkmodeeverywhere
[06Aug2025 14:44:54.365] [modloading-worker-0/DEBUG] [net.minecraftforge.fml.config.ConfigTracker/CONFIG]: Config file jei-server.toml for jei tracking
[06Aug2025 14:44:54.365] [modloading-worker-0/INFO] [com.jtorleonstudios.libraryferret.LibraryFerret/]: Initialize mod Library Ferret
[06Aug2025 14:44:54.375] [modloading-worker-0/DEBUG] [net.minecraftforge.fml.javafmlmod.AutomaticEventSubscriber/LOADING]: Attempting to inject @EventBusSubscriber classes into the eventbus for jei
[06Aug2025 14:44:54.380] [modloading-worker-0/INFO] [com.jtorleonstudios.libraryferret.LibraryFerret/]: Initialized mod Library Ferret
[06Aug2025 14:44:54.380] [modloading-worker-0/DEBUG] [net.minecraftforge.fml.javafmlmod.AutomaticEventSubscriber/LOADING]: Attempting to inject @EventBusSubscriber classes into the eventbus for libraryferret
[06Aug2025 14:44:54.381] [modloading-worker-0/DEBUG] [net.minecraftforge.fml.javafmlmod.AutomaticEventSubscriber/LOADING]: Auto-subscribing com.jtorleonstudios.libraryferret.CommonEvent to FORGE
[06Aug2025 14:44:54.385] [modloading-worker-0/DEBUG] [net.minecraftforge.fml.javafmlmod.AutomaticEventSubscriber/LOADING]: Attempting to inject @EventBusSubscriber classes into the eventbus for goblintraders
[06Aug2025 14:44:54.398] [modloading-worker-0/DEBUG] [net.minecraftforge.fml.config.ConfigTracker/CONFIG]: Config file journeymap-server.toml for journeymap tracking
[06Aug2025 14:44:54.399] [modloading-worker-0/DEBUG] [net.minecraftforge.fml.javafmlmod.AutomaticEventSubscriber/LOADING]: Attempting to inject @EventBusSubscriber classes into the eventbus for journeymap
[06Aug2025 14:44:54.412] [modloading-worker-0/DEBUG] [net.minecraftforge.fml.javafmlmod.AutomaticEventSubscriber/LOADING]: Auto-subscribing journeymap.common.config.forge.ForgeConfig to MOD
[06Aug2025 14:44:54.412] [modloading-worker-0/DEBUG] [net.minecraftforge.fml.javafmlmod.AutomaticEventSubscriber/LOADING]: Auto-subscribing journeymap.common.Journeymap to FORGE
[06Aug2025 14:44:54.422] [modloading-worker-0/DEBUG] [net.minecraftforge.fml.config.ConfigTracker/CONFIG]: Config file waystones-common.toml for waystones tracking
[06Aug2025 14:44:54.429] [modloading-worker-0/DEBUG] [mixin/]: Mixing item.ItemExtensionMixin from the_bumblezone-forge.mixins.json into com.telepathicgrunt.the_bumblezone.platform.ItemExtension
[06Aug2025 14:44:54.442] [modloading-worker-0/DEBUG] [mixin/]: Mixing effect.EffectExtensionMixin from the_bumblezone-forge.mixins.json into com.telepathicgrunt.the_bumblezone.platform.EffectExtension
[06Aug2025 14:44:54.448] [modloading-worker-0/DEBUG] [Comforts/]: Loaded com.illusivesoulworks.comforts.platform.ForgeSleepEvents@60970ca9 for service interface com.illusivesoulworks.comforts.platform.services.ISleepEvents
[06Aug2025 14:44:54.449] [modloading-worker-0/DEBUG] [Comforts/]: Loaded com.illusivesoulworks.comforts.platform.ForgeRegistryUtil@4086a43a for service interface com.illusivesoulworks.comforts.platform.services.IRegistryUtil
[06Aug2025 14:44:54.450] [modloading-worker-0/DEBUG] [Comforts/]: Loaded com.illusivesoulworks.comforts.platform.ForgeRegistryProvider@7e04e4d for service interface com.illusivesoulworks.comforts.platform.services.IRegistryFactory
[06Aug2025 14:44:54.456] [modloading-worker-0/DEBUG] [Comforts/]: Loaded com.illusivesoulworks.comforts.platform.ForgePlatformHelper@d1654e0 for service interface com.illusivesoulworks.comforts.platform.services.IPlatformHelper
[06Aug2025 14:44:54.507] [modloading-worker-0/DEBUG] [Framework/]: Started watching config: /workspaces/ls/servidor_minecraft/config/goblintraders-entities.toml
[06Aug2025 14:44:54.511] [modloading-worker-0/DEBUG] [mixin/]: Mixing enchantment.BzEnchantmentMixin from the_bumblezone-forge.mixins.json into com.telepathicgrunt.the_bumblezone.platform.BzEnchantment
[06Aug2025 14:44:54.512] [modloading-worker-0/DEBUG] [mixin/]: Renaming synthetic method lambda$canApplyAtEnchantingTable$0(Lnet/minecraft/world/item/ItemStack;)Z to md49d408$lambda$canApplyAtEnchantingTable$0$0 in the_bumblezone-forge.mixins.json:enchantment.BzEnchantmentMixin
[06Aug2025 14:44:54.526] [modloading-worker-0/DEBUG] [SpectreLib/CONFIG]: Config file comforts-server.toml for comforts added to tracking
[06Aug2025 14:44:54.527] [modloading-worker-0/DEBUG] [net.minecraftforge.fml.javafmlmod.AutomaticEventSubscriber/LOADING]: Attempting to inject @EventBusSubscriber classes into the eventbus for comforts
[06Aug2025 14:44:54.566] [modloading-worker-0/DEBUG] [net.minecraftforge.fml.javafmlmod.AutomaticEventSubscriber/LOADING]: Attempting to inject @EventBusSubscriber classes into the eventbus for framework
[06Aug2025 14:44:54.566] [modloading-worker-0/DEBUG] [net.minecraftforge.fml.javafmlmod.AutomaticEventSubscriber/LOADING]: Auto-subscribing com.mrcrayfish.framework.entity.sync.ForgeSyncedEntityDataHandler to FORGE
[06Aug2025 14:44:54.568] [modloading-worker-0/DEBUG] [net.minecraftforge.fml.javafmlmod.AutomaticEventSubscriber/LOADING]: Attempting to inject @EventBusSubscriber classes into the eventbus for badpackets
[06Aug2025 14:44:54.570] [modloading-worker-0/INFO] [Dungeon Crawl/]: Here we go! Launching Dungeon Crawl 2.3.15...
[06Aug2025 14:44:54.571] [modloading-worker-0/DEBUG] [net.minecraftforge.fml.javafmlmod.AutomaticEventSubscriber/LOADING]: Attempting to inject @EventBusSubscriber classes into the eventbus for dungeoncrawl
[06Aug2025 14:44:54.593] [modloading-worker-0/INFO] [dev.architectury.networking.forge.NetworkManagerImpl/]: Registering C2S receiver with id artifacts:networking_channel/42a7ad70b1cc371599a0eff744096b8a
[06Aug2025 14:44:54.598] [modloading-worker-0/INFO] [dev.architectury.networking.forge.NetworkManagerImpl/]: Registering C2S receiver with id artifacts:networking_channel/74a5e841822a3a87854ae896a33430d6
[06Aug2025 14:44:54.600] [modloading-worker-0/INFO] [dev.architectury.networking.forge.NetworkManagerImpl/]: Registering C2S receiver with id artifacts:networking_channel/eb3d1e2748533430848cadf0f37c7e9c
[06Aug2025 14:44:54.604] [modloading-worker-0/INFO] [dev.architectury.networking.forge.NetworkManagerImpl/]: Registering C2S receiver with id artifacts:networking_channel/91c8520f19f93b3e8b6a727568e194ab
[06Aug2025 14:44:54.609] [modloading-worker-0/DEBUG] [net.minecraftforge.fml.javafmlmod.AutomaticEventSubscriber/LOADING]: Attempting to inject @EventBusSubscriber classes into the eventbus for waystones
[06Aug2025 14:44:54.613] [modloading-worker-0/INFO] [dev.architectury.networking.forge.NetworkManagerImpl/]: Registering C2S receiver with id artifacts:networking_channel/8c2784d778293fd482ed84b8aa5fedb9
[06Aug2025 14:44:54.614] [modloading-worker-0/INFO] [dev.architectury.networking.forge.NetworkManagerImpl/]: Registering C2S receiver with id artifacts:networking_channel/ea038224ea783d40b2863f52239e2604
[06Aug2025 14:44:54.616] [modloading-worker-0/INFO] [dev.architectury.networking.forge.NetworkManagerImpl/]: Registering C2S receiver with id artifacts:networking_channel/97ad64b7ecaf33209991c4f031501a58
[06Aug2025 14:44:54.631] [modloading-worker-0/DEBUG] [mixin/]: Mixing item.BzArrowItemMixin from the_bumblezone-forge.mixins.json into com.telepathicgrunt.the_bumblezone.platform.BzArrowItem
[06Aug2025 14:44:54.654] [modloading-worker-0/DEBUG] [mixin/]: Mixing item.BzBucketItemMixin from the_bumblezone-forge.mixins.json into com.telepathicgrunt.the_bumblezone.fluids.base.BzBucketItem
[06Aug2025 14:44:54.683] [modloading-worker-0/DEBUG] [mixin/]: Mixing item.wearable.WearableArtifactItemMixin from mixins.artifacts.forge.json into artifacts.item.wearable.WearableArtifactItem
[06Aug2025 14:44:54.713] [modloading-worker-0/DEBUG] [mixin/]: Mixing item.umbrella.UmbrellaItemMixin from mixins.artifacts.forge.json into artifacts.item.UmbrellaItem
[06Aug2025 14:44:54.799] [modloading-worker-0/DEBUG] [net.minecraftforge.fml.javafmlmod.AutomaticEventSubscriber/LOADING]: Attempting to inject @EventBusSubscriber classes into the eventbus for bosses_of_mass_destruction
[06Aug2025 14:44:54.799] [modloading-worker-0/DEBUG] [net.minecraftforge.fml.javafmlmod.AutomaticEventSubscriber/LOADING]: Auto-subscribing com.cerbon.bosses_of_mass_destruction.event.ForgeEvents to FORGE
[06Aug2025 14:44:54.806] [modloading-worker-0/DEBUG] [net.minecraftforge.fml.javafmlmod.AutomaticEventSubscriber/LOADING]: Auto-subscribing com.cerbon.bosses_of_mass_destruction.event.BMDEvents$CommonEvents to MOD
[06Aug2025 14:44:54.810] [modloading-worker-0/DEBUG] [mixin/]: Mixing block.BlockExtensionMixin from the_bumblezone-forge.mixins.json into com.telepathicgrunt.the_bumblezone.platform.BlockExtension
[06Aug2025 14:44:54.811] [modloading-worker-0/DEBUG] [mixin/]: Renaming synthetic method lambda$shouldDisplayFluidOverlay$1(Lnet/minecraft/world/level/block/state/BlockState;Lnet/minecraft/world/level/BlockAndTintGetter;Lnet/minecraft/core/BlockPos;Lnet/minecraft/world/level/material/FluidState;)Z to md49d408$lambda$shouldDisplayFluidOverlay$1$0 in the_bumblezone-forge.mixins.json:block.BlockExtensionMixin
[06Aug2025 14:44:54.811] [modloading-worker-0/DEBUG] [mixin/]: Renaming synthetic method lambda$canStickTo$0(Lnet/minecraft/world/level/block/state/BlockState;Lnet/minecraft/world/level/block/state/BlockState;)Z to md49d408$lambda$canStickTo$0$1 in the_bumblezone-forge.mixins.json:block.BlockExtensionMixin
[06Aug2025 14:44:54.816] [modloading-worker-0/DEBUG] [net.minecraftforge.fml.javafmlmod.AutomaticEventSubscriber/LOADING]: Attempting to inject @EventBusSubscriber classes into the eventbus for memoryleakfix
[06Aug2025 14:44:54.894] [modloading-worker-0/DEBUG] [net.minecraftforge.fml.javafmlmod.AutomaticEventSubscriber/LOADING]: Attempting to inject @EventBusSubscriber classes into the eventbus for artifacts
[06Aug2025 14:44:54.898] [modloading-worker-0/DEBUG] [net.minecraftforge.fml.javafmlmod.AutomaticEventSubscriber/LOADING]: Attempting to inject @EventBusSubscriber classes into the eventbus for puzzlesaccessapi
[06Aug2025 14:44:54.898] [modloading-worker-0/DEBUG] [net.minecraftforge.fml.javafmlmod.AutomaticEventSubscriber/LOADING]: Attempting to inject @EventBusSubscriber classes into the eventbus for dungeons_arise_seven_seas
[06Aug2025 14:44:54.924] [modloading-worker-0/DEBUG] [net.minecraftforge.versions.forge.ForgeVersion/CORE]: Forge Version package package net.minecraftforge.versions.forge, Forge, version 47.3 from cpw.mods.modlauncher.TransformingClassLoader@2519026b
[06Aug2025 14:44:54.928] [modloading-worker-0/DEBUG] [net.minecraftforge.versions.forge.ForgeVersion/CORE]: Found Forge version 47.3.7
[06Aug2025 14:44:54.928] [modloading-worker-0/DEBUG] [net.minecraftforge.versions.forge.ForgeVersion/CORE]: Found Forge spec 47.3
[06Aug2025 14:44:54.928] [modloading-worker-0/DEBUG] [net.minecraftforge.versions.forge.ForgeVersion/CORE]: Found Forge group net.minecraftforge
[06Aug2025 14:44:54.930] [modloading-worker-0/DEBUG] [net.minecraftforge.versions.mcp.MCPVersion/CORE]: MCP Version package package net.minecraftforge.versions.mcp, Minecraft, version 1.20.1 from cpw.mods.modlauncher.TransformingClassLoader@2519026b
[06Aug2025 14:44:54.930] [modloading-worker-0/DEBUG] [net.minecraftforge.versions.mcp.MCPVersion/CORE]: Found MC version information 1.20.1
[06Aug2025 14:44:54.930] [modloading-worker-0/DEBUG] [net.minecraftforge.versions.mcp.MCPVersion/CORE]: Found MCP version information 20230612.114412
[06Aug2025 14:44:54.930] [modloading-worker-0/INFO] [net.minecraftforge.common.ForgeMod/FORGEMOD]: Forge mod loading, version 47.3.7, for MC 1.20.1 with MCP 20230612.114412
[06Aug2025 14:44:54.931] [modloading-worker-0/INFO] [net.minecraftforge.common.MinecraftForge/FORGE]: MinecraftForge v47.3.7 Initialized
[06Aug2025 14:44:54.987] [modloading-worker-0/DEBUG] [net.minecraftforge.fml.javafmlmod.AutomaticEventSubscriber/LOADING]: Attempting to inject @EventBusSubscriber classes into the eventbus for mythicmounts
[06Aug2025 14:44:54.989] [modloading-worker-0/DEBUG] [net.minecraftforge.fml.javafmlmod.AutomaticEventSubscriber/LOADING]: Auto-subscribing com.yahoo.chirpycricket.mythicmounts.CommonListener to MOD
[06Aug2025 14:44:54.994] [modloading-worker-0/DEBUG] [net.minecraftforge.fml.javafmlmod.AutomaticEventSubscriber/LOADING]: Attempting to inject @EventBusSubscriber classes into the eventbus for tlskincape
[06Aug2025 14:44:55.020] [modloading-worker-0/DEBUG] [mixin/]: Mixing block.BzLiquidBlockMixin from the_bumblezone-forge.mixins.json into com.telepathicgrunt.the_bumblezone.fluids.base.BzLiquidBlock
[06Aug2025 14:44:55.022] [modloading-worker-0/DEBUG] [mixin/]: Renaming synthetic method lambda$bumblezone$onInit$0()Lnet/minecraft/world/level/block/LiquidBlock; to md49d408$lambda$bumblezone$onInit$0$0 in the_bumblezone-forge.mixins.json:block.BzLiquidBlockMixin
[06Aug2025 14:44:55.034] [modloading-worker-0/DEBUG] [io.netty.util.internal.PlatformDependent0/]: -Dio.netty.noUnsafe: false
[06Aug2025 14:44:55.035] [modloading-worker-0/DEBUG] [io.netty.util.internal.PlatformDependent0/]: Java version: 17
[06Aug2025 14:44:55.036] [modloading-worker-0/DEBUG] [io.netty.util.internal.PlatformDependent0/]: sun.misc.Unsafe.theUnsafe: available
[06Aug2025 14:44:55.037] [modloading-worker-0/DEBUG] [mixin/]: Mixing block.BzFlowingFluidMixin from the_bumblezone-forge.mixins.json into com.telepathicgrunt.the_bumblezone.fluids.base.BzFlowingFluid
[06Aug2025 14:44:55.038] [modloading-worker-0/DEBUG] [io.netty.util.internal.PlatformDependent0/]: sun.misc.Unsafe.copyMemory: available
[06Aug2025 14:44:55.038] [modloading-worker-0/DEBUG] [io.netty.util.internal.PlatformDependent0/]: sun.misc.Unsafe.storeFence: available
[06Aug2025 14:44:55.039] [modloading-worker-0/DEBUG] [io.netty.util.internal.PlatformDependent0/]: java.nio.Buffer.address: available
[06Aug2025 14:44:55.040] [modloading-worker-0/DEBUG] [io.netty.util.internal.PlatformDependent0/]: direct buffer constructor: unavailable
java.lang.UnsupportedOperationException: Reflective setAccessible(true) disabled
	at io.netty.util.internal.ReflectionUtil.trySetAccessible(ReflectionUtil.java:31) ~[netty-common-4.1.82.Final.jar%2382!/:4.1.82.Final]
	at io.netty.util.internal.PlatformDependent0$5.run(PlatformDependent0.java:288) ~[netty-common-4.1.82.Final.jar%2382!/:4.1.82.Final]
	at java.security.AccessController.doPrivileged(AccessController.java:318) ~[?:?]
	at io.netty.util.internal.PlatformDependent0.<clinit>(PlatformDependent0.java:282) ~[netty-common-4.1.82.Final.jar%2382!/:4.1.82.Final]
	at io.netty.util.internal.PlatformDependent.isAndroid(PlatformDependent.java:333) ~[netty-common-4.1.82.Final.jar%2382!/:4.1.82.Final]
	at io.netty.util.internal.PlatformDependent.<clinit>(PlatformDependent.java:88) ~[netty-common-4.1.82.Final.jar%2382!/:4.1.82.Final]
	at io.netty.util.ConstantPool.<init>(ConstantPool.java:34) ~[netty-common-4.1.82.Final.jar%2382!/:4.1.82.Final]
	at io.netty.util.AttributeKey$1.<init>(AttributeKey.java:27) ~[netty-common-4.1.82.Final.jar%2382!/:4.1.82.Final]
	at io.netty.util.AttributeKey.<clinit>(AttributeKey.java:27) ~[netty-common-4.1.82.Final.jar%2382!/:4.1.82.Final]
	at net.minecraftforge.network.NetworkConstants.<clinit>(NetworkConstants.java:34) ~[forge-1.20.1-47.3.7-universal.jar%23268!/:?]
	at net.minecraftforge.common.ForgeMod.<init>(ForgeMod.java:429) ~[forge-1.20.1-47.3.7-universal.jar%23268!/:?]
	at jdk.internal.reflect.NativeConstructorAccessorImpl.newInstance0(Native Method) ~[?:?]
	at jdk.internal.reflect.NativeConstructorAccessorImpl.newInstance(NativeConstructorAccessorImpl.java:77) ~[?:?]
	at jdk.internal.reflect.DelegatingConstructorAccessorImpl.newInstance(DelegatingConstructorAccessorImpl.java:45) ~[?:?]
	at java.lang.reflect.Constructor.newInstanceWithCaller(Constructor.java:500) ~[?:?]
	at java.lang.reflect.Constructor.newInstance(Constructor.java:481) ~[?:?]
	at net.minecraftforge.fml.javafmlmod.FMLModContainer.constructMod(FMLModContainer.java:70) ~[javafmllanguage-1.20.1-47.3.7.jar%23265!/:?]
	at net.minecraftforge.fml.ModContainer.lambda$buildTransitionHandler$4(ModContainer.java:124) ~[fmlcore-1.20.1-47.3.7.jar%23264!/:?]
	at java.util.concurrent.CompletableFuture$AsyncRun.run(CompletableFuture.java:1804) ~[?:?]
	at java.util.concurrent.CompletableFuture$AsyncRun.exec(CompletableFuture.java:1796) ~[?:?]
	at java.util.concurrent.ForkJoinTask.doExec(ForkJoinTask.java:373) ~[?:?]
	at java.util.concurrent.ForkJoinPool$WorkQueue.topLevelExec(ForkJoinPool.java:1182) ~[?:?]
	at java.util.concurrent.ForkJoinPool.scan(ForkJoinPool.java:1655) ~[?:?]
	at java.util.concurrent.ForkJoinPool.runWorker(ForkJoinPool.java:1622) ~[?:?]
	at java.util.concurrent.ForkJoinWorkerThread.run(ForkJoinWorkerThread.java:165) ~[?:?]
[06Aug2025 14:44:55.043] [modloading-worker-0/DEBUG] [io.netty.util.internal.PlatformDependent0/]: java.nio.Bits.unaligned: available, true
[06Aug2025 14:44:55.044] [modloading-worker-0/DEBUG] [io.netty.util.internal.PlatformDependent0/]: jdk.internal.misc.Unsafe.allocateUninitializedArray(int): unavailable
java.lang.IllegalAccessException: class io.netty.util.internal.PlatformDependent0$7 (in module io.netty.common) cannot access class jdk.internal.misc.Unsafe (in module java.base) because module java.base does not export jdk.internal.misc to module io.netty.common
	at jdk.internal.reflect.Reflection.newIllegalAccessException(Reflection.java:392) ~[?:?]
	at java.lang.reflect.AccessibleObject.checkAccess(AccessibleObject.java:674) ~[?:?]
	at java.lang.reflect.Method.invoke(Method.java:561) ~[?:?]
	at io.netty.util.internal.PlatformDependent0$7.run(PlatformDependent0.java:410) ~[netty-common-4.1.82.Final.jar%2382!/:4.1.82.Final]
	at java.security.AccessController.doPrivileged(AccessController.java:318) ~[?:?]
	at io.netty.util.internal.PlatformDependent0.<clinit>(PlatformDependent0.java:401) ~[netty-common-4.1.82.Final.jar%2382!/:4.1.82.Final]
	at io.netty.util.internal.PlatformDependent.isAndroid(PlatformDependent.java:333) ~[netty-common-4.1.82.Final.jar%2382!/:4.1.82.Final]
	at io.netty.util.internal.PlatformDependent.<clinit>(PlatformDependent.java:88) ~[netty-common-4.1.82.Final.jar%2382!/:4.1.82.Final]
	at io.netty.util.ConstantPool.<init>(ConstantPool.java:34) ~[netty-common-4.1.82.Final.jar%2382!/:4.1.82.Final]
	at io.netty.util.AttributeKey$1.<init>(AttributeKey.java:27) ~[netty-common-4.1.82.Final.jar%2382!/:4.1.82.Final]
	at io.netty.util.AttributeKey.<clinit>(AttributeKey.java:27) ~[netty-common-4.1.82.Final.jar%2382!/:4.1.82.Final]
	at net.minecraftforge.network.NetworkConstants.<clinit>(NetworkConstants.java:34) ~[forge-1.20.1-47.3.7-universal.jar%23268!/:?]
	at net.minecraftforge.common.ForgeMod.<init>(ForgeMod.java:429) ~[forge-1.20.1-47.3.7-universal.jar%23268!/:?]
	at jdk.internal.reflect.NativeConstructorAccessorImpl.newInstance0(Native Method) ~[?:?]
	at jdk.internal.reflect.NativeConstructorAccessorImpl.newInstance(NativeConstructorAccessorImpl.java:77) ~[?:?]
	at jdk.internal.reflect.DelegatingConstructorAccessorImpl.newInstance(DelegatingConstructorAccessorImpl.java:45) ~[?:?]
	at java.lang.reflect.Constructor.newInstanceWithCaller(Constructor.java:500) ~[?:?]
	at java.lang.reflect.Constructor.newInstance(Constructor.java:481) ~[?:?]
	at net.minecraftforge.fml.javafmlmod.FMLModContainer.constructMod(FMLModContainer.java:70) ~[javafmllanguage-1.20.1-47.3.7.jar%23265!/:?]
	at net.minecraftforge.fml.ModContainer.lambda$buildTransitionHandler$4(ModContainer.java:124) ~[fmlcore-1.20.1-47.3.7.jar%23264!/:?]
	at java.util.concurrent.CompletableFuture$AsyncRun.run(CompletableFuture.java:1804) ~[?:?]
	at java.util.concurrent.CompletableFuture$AsyncRun.exec(CompletableFuture.java:1796) ~[?:?]
	at java.util.concurrent.ForkJoinTask.doExec(ForkJoinTask.java:373) ~[?:?]
	at java.util.concurrent.ForkJoinPool$WorkQueue.topLevelExec(ForkJoinPool.java:1182) ~[?:?]
	at java.util.concurrent.ForkJoinPool.scan(ForkJoinPool.java:1655) ~[?:?]
	at java.util.concurrent.ForkJoinPool.runWorker(ForkJoinPool.java:1622) ~[?:?]
	at java.util.concurrent.ForkJoinWorkerThread.run(ForkJoinWorkerThread.java:165) ~[?:?]
[06Aug2025 14:44:55.044] [modloading-worker-0/DEBUG] [io.netty.util.internal.PlatformDependent0/]: java.nio.DirectByteBuffer.<init>(long, int): unavailable
[06Aug2025 14:44:55.045] [modloading-worker-0/DEBUG] [io.netty.util.internal.PlatformDependent/]: sun.misc.Unsafe: available
[06Aug2025 14:44:55.045] [modloading-worker-0/DEBUG] [io.netty.util.internal.PlatformDependent/]: maxDirectMemory: 15032385536 bytes (maybe)
[06Aug2025 14:44:55.046] [modloading-worker-0/DEBUG] [io.netty.util.internal.PlatformDependent/]: -Dio.netty.tmpdir: /tmp (java.io.tmpdir)
[06Aug2025 14:44:55.046] [modloading-worker-0/DEBUG] [io.netty.util.internal.PlatformDependent/]: -Dio.netty.bitMode: 64 (sun.arch.data.model)
[06Aug2025 14:44:55.046] [modloading-worker-0/DEBUG] [io.netty.util.internal.PlatformDependent/]: -Dio.netty.maxDirectMemory: -1 bytes
[06Aug2025 14:44:55.049] [modloading-worker-0/DEBUG] [io.netty.util.internal.PlatformDependent/]: -Dio.netty.uninitializedArrayAllocationThreshold: -1
[06Aug2025 14:44:55.050] [modloading-worker-0/DEBUG] [io.netty.util.internal.CleanerJava9/]: java.nio.ByteBuffer.cleaner(): available
[06Aug2025 14:44:55.048] [modloading-worker-0/DEBUG] [net.minecraftforge.fml.javafmlmod.AutomaticEventSubscriber/LOADING]: Attempting to inject @EventBusSubscriber classes into the eventbus for better_fishing_rods
[06Aug2025 14:44:55.051] [modloading-worker-0/DEBUG] [net.minecraftforge.fml.javafmlmod.AutomaticEventSubscriber/LOADING]: Auto-subscribing net.cursedwarrior.betterfishingrods.procedures.LuckyEnchantmentCatchesProcedure to FORGE
[06Aug2025 14:44:55.051] [modloading-worker-0/DEBUG] [io.netty.util.internal.PlatformDependent/]: -Dio.netty.noPreferDirect: false
[06Aug2025 14:44:55.053] [modloading-worker-0/DEBUG] [net.minecraftforge.fml.javafmlmod.AutomaticEventSubscriber/LOADING]: Auto-subscribing net.cursedwarrior.betterfishingrods.procedures.LuckyCatchesProcedure to FORGE
[06Aug2025 14:44:55.055] [modloading-worker-0/DEBUG] [net.minecraftforge.fml.javafmlmod.AutomaticEventSubscriber/LOADING]: Auto-subscribing net.cursedwarrior.betterfishingrods.procedures.FishingRodEffectsProcedure to FORGE
[06Aug2025 14:44:55.062] [modloading-worker-0/DEBUG] [net.minecraftforge.fml.javafmlmod.AutomaticEventSubscriber/LOADING]: Auto-subscribing net.cursedwarrior.betterfishingrods.procedures.FishingLevelUpsProcedure to FORGE
[06Aug2025 14:44:55.109] [modloading-worker-0/DEBUG] [net.minecraftforge.common.ForgeMod/FORGEMOD]: Loading Network data for FML net version: FML3
[06Aug2025 14:44:55.128] [modloading-worker-0/DEBUG] [net.minecraftforge.fml.config.ConfigTracker/CONFIG]: Config file forge-client.toml for forge tracking
[06Aug2025 14:44:55.129] [modloading-worker-0/DEBUG] [net.minecraftforge.fml.config.ConfigTracker/CONFIG]: Config file forge-server.toml for forge tracking
[06Aug2025 14:44:55.129] [modloading-worker-0/DEBUG] [net.minecraftforge.fml.ModLoadingContext/]: Attempted to register an empty config for type COMMON on mod forge
[06Aug2025 14:44:55.139] [modloading-worker-0/DEBUG] [mixin/]: Mixing CriteriaTriggersAccessor from accessories-common.mixins.json into net.minecraft.advancements.CriteriaTriggers
[06Aug2025 14:44:55.139] [modloading-worker-0/DEBUG] [mixin/]: Renaming @Invoker method accessories$callRegister(Lnet/minecraft/advancements/CriterionTrigger;)Lnet/minecraft/advancements/CriterionTrigger; to accessories$callRegister_$md$49d408$0 in accessories-common.mixins.json:CriteriaTriggersAccessor
[06Aug2025 14:44:55.139] [modloading-worker-0/DEBUG] [mixin/]: Mixing CriteriaAccessor from fabric-object-builder-v1.mixins.json into net.minecraft.advancements.CriteriaTriggers
[06Aug2025 14:44:55.139] [modloading-worker-0/DEBUG] [mixin/]: fabric-object-builder-v1.mixins.json:CriteriaAccessor: Class version 61 required is higher than the class version supported by the current version of Mixin (JAVA_16 supports class version 60)
[06Aug2025 14:44:55.139] [modloading-worker-0/DEBUG] [mixin/]: Renaming @Invoker method callRegister(Lnet/minecraft/advancements/CriterionTrigger;)Lnet/minecraft/advancements/CriterionTrigger; to callRegister_$md$49d408$1 in fabric-object-builder-v1.mixins.json:CriteriaAccessor
[06Aug2025 14:44:55.148] [modloading-worker-0/DEBUG] [net.minecraftforge.fml.javafmlmod.AutomaticEventSubscriber/LOADING]: Attempting to inject @EventBusSubscriber classes into the eventbus for forge
[06Aug2025 14:44:55.149] [modloading-worker-0/DEBUG] [net.minecraftforge.fml.javafmlmod.AutomaticEventSubscriber/LOADING]: Auto-subscribing net.minecraftforge.common.ForgeSpawnEggItem$CommonHandler to MOD
[06Aug2025 14:44:55.153] [modloading-worker-0/DEBUG] [net.minecraftforge.fml.javafmlmod.AutomaticEventSubscriber/LOADING]: Attempting to inject @EventBusSubscriber classes into the eventbus for dungeons_arise
[06Aug2025 14:44:55.158] [modloading-worker-0/DEBUG] [net.minecraftforge.fml.javafmlmod.AutomaticEventSubscriber/LOADING]: Attempting to inject @EventBusSubscriber classes into the eventbus for smoothchunk
[06Aug2025 14:44:55.177] [modloading-worker-0/DEBUG] [net.minecraftforge.fml.javafmlmod.AutomaticEventSubscriber/LOADING]: Attempting to inject @EventBusSubscriber classes into the eventbus for voicechat
[06Aug2025 14:44:55.178] [modloading-worker-0/DEBUG] [net.minecraftforge.fml.javafmlmod.AutomaticEventSubscriber/LOADING]: Attempting to inject @EventBusSubscriber classes into the eventbus for sound_physics_remastered
[06Aug2025 14:44:55.193] [modloading-worker-0/DEBUG] [net.minecraftforge.fml.javafmlmod.AutomaticEventSubscriber/LOADING]: Attempting to inject @EventBusSubscriber classes into the eventbus for orcz
[06Aug2025 14:44:55.194] [modloading-worker-0/DEBUG] [net.minecraftforge.fml.javafmlmod.AutomaticEventSubscriber/LOADING]: Auto-subscribing com.duke.orcz.procedures.SpectresquigattackProcedure to FORGE
[06Aug2025 14:44:55.195] [modloading-worker-0/DEBUG] [net.minecraftforge.fml.javafmlmod.AutomaticEventSubscriber/LOADING]: Auto-subscribing com.duke.orcz.procedures.PodeathProcedure to FORGE
[06Aug2025 14:44:55.200] [modloading-worker-0/DEBUG] [net.minecraftforge.fml.javafmlmod.AutomaticEventSubscriber/LOADING]: Auto-subscribing com.duke.orcz.procedures.MoralegoblinsProcedure to FORGE
[06Aug2025 14:44:55.202] [modloading-worker-0/DEBUG] [net.minecraftforge.fml.javafmlmod.AutomaticEventSubscriber/LOADING]: Auto-subscribing com.duke.orcz.procedures.HitandrunProcedure to FORGE
[06Aug2025 14:44:55.207] [modloading-worker-0/DEBUG] [net.minecraftforge.fml.javafmlmod.AutomaticEventSubscriber/LOADING]: Auto-subscribing com.duke.orcz.procedures.HammermanProcedure to FORGE
[06Aug2025 14:44:55.209] [modloading-worker-0/DEBUG] [net.minecraftforge.fml.javafmlmod.AutomaticEventSubscriber/LOADING]: Auto-subscribing com.duke.orcz.procedures.GoblinexplosionProcedure to FORGE
[06Aug2025 14:44:55.213] [modloading-worker-0/DEBUG] [net.minecraftforge.fml.javafmlmod.AutomaticEventSubscriber/LOADING]: Auto-subscribing com.duke.orcz.procedures.EnragemoraleProcedure to FORGE
[06Aug2025 14:44:55.218] [modloading-worker-0/DEBUG] [net.minecraftforge.fml.javafmlmod.AutomaticEventSubscriber/LOADING]: Auto-subscribing com.duke.orcz.procedures.CreateConfigProcedure to MOD
[06Aug2025 14:44:55.220] [modloading-worker-0/DEBUG] [net.minecraftforge.fml.javafmlmod.AutomaticEventSubscriber/LOADING]: Auto-subscribing com.duke.orcz.network.OrczModVariables to MOD
[06Aug2025 14:44:55.228] [modloading-worker-0/DEBUG] [net.minecraftforge.fml.javafmlmod.AutomaticEventSubscriber/LOADING]: Auto-subscribing com.duke.orcz.network.OrczModVariables$PlayerVariablesProvider to FORGE
[06Aug2025 14:44:55.230] [modloading-worker-0/DEBUG] [net.minecraftforge.fml.javafmlmod.AutomaticEventSubscriber/LOADING]: Auto-subscribing com.duke.orcz.network.OrczModVariables$EventBusVariableHandlers to FORGE
[06Aug2025 14:44:55.232] [modloading-worker-0/DEBUG] [net.minecraftforge.fml.javafmlmod.AutomaticEventSubscriber/LOADING]: Auto-subscribing com.duke.orcz.init.OrczModFeatures to FORGE
[06Aug2025 14:44:55.232] [modloading-worker-0/DEBUG] [net.minecraftforge.fml.javafmlmod.AutomaticEventSubscriber/LOADING]: Auto-subscribing com.duke.orcz.init.OrczModEntities to MOD
[06Aug2025 14:44:55.247] [modloading-worker-0/DEBUG] [net.minecraftforge.fml.javafmlmod.AutomaticEventSubscriber/LOADING]: Attempting to inject @EventBusSubscriber classes into the eventbus for terrablender
[06Aug2025 14:44:55.249] [modloading-worker-0/DEBUG] [net.minecraftforge.fml.javafmlmod.AutomaticEventSubscriber/LOADING]: Auto-subscribing terrablender.handler.InitializationHandler to FORGE
[06Aug2025 14:44:55.250] [modloading-worker-0/DEBUG] [net.minecraftforge.fml.javafmlmod.AutomaticEventSubscriber/LOADING]: Attempting to inject @EventBusSubscriber classes into the eventbus for fabric_api_base
[06Aug2025 14:44:55.256] [modloading-worker-0/DEBUG] [net.minecraftforge.fml.javafmlmod.AutomaticEventSubscriber/LOADING]: Attempting to inject @EventBusSubscriber classes into the eventbus for the_bumblezone
[06Aug2025 14:44:55.260] [modloading-worker-0/DEBUG] [net.minecraftforge.fml.javafmlmod.AutomaticEventSubscriber/LOADING]: Auto-subscribing com.telepathicgrunt.the_bumblezone.modcompat.forge.CorailTombstoneCompat$CorailCompatEvents to FORGE
[06Aug2025 14:44:55.263] [modloading-worker-0/DEBUG] [net.minecraftforge.fml.javafmlmod.AutomaticEventSubscriber/LOADING]: Auto-subscribing com.telepathicgrunt.the_bumblezone.datagen.StructureNbtUpdaterDatagen to MOD
[06Aug2025 14:44:55.341] [modloading-worker-0/DEBUG] [net.minecraftforge.fml.javafmlmod.AutomaticEventSubscriber/LOADING]: Attempting to inject @EventBusSubscriber classes into the eventbus for ohthetreesyoullgrow
[06Aug2025 14:44:55.349] [modloading-worker-0/DEBUG] [net.minecraftforge.fml.javafmlmod.AutomaticEventSubscriber/LOADING]: Attempting to inject @EventBusSubscriber classes into the eventbus for spectrelib
[06Aug2025 14:44:55.359] [modloading-worker-0/DEBUG] [CorgiLib/]: Loaded corgitaco.corgilib.forge.platform.ForgePlatform@737db545 for service interface corgitaco.corgilib.platform.ModPlatform
[06Aug2025 14:44:55.360] [modloading-worker-0/DEBUG] [net.minecraftforge.fml.javafmlmod.AutomaticEventSubscriber/LOADING]: Attempting to inject @EventBusSubscriber classes into the eventbus for friendsandfoes
[06Aug2025 14:44:55.360] [modloading-worker-0/DEBUG] [net.minecraftforge.fml.javafmlmod.AutomaticEventSubscriber/LOADING]: Auto-subscribing com.faboslav.friendsandfoes.forge.datagen.StructureNbtUpdaterDatagen to MOD
[06Aug2025 14:44:55.374] [modloading-worker-0/DEBUG] [creativecore/]: Created network creativecore:main
[06Aug2025 14:44:55.384] [modloading-worker-0/DEBUG] [net.potionstudios.biomeswevegone.BiomesWeveGone/]: Loaded net.potionstudios.biomeswevegone.forge.ForgePlatformHandler@50240894 for service interface net.potionstudios.biomeswevegone.PlatformHandler
[06Aug2025 14:44:55.385] [modloading-worker-0/DEBUG] [net.minecraftforge.fml.javafmlmod.AutomaticEventSubscriber/LOADING]: Attempting to inject @EventBusSubscriber classes into the eventbus for creativecore
[06Aug2025 14:44:55.401] [modloading-worker-0/DEBUG] [net.minecraftforge.fml.config.ConfigTracker/CONFIG]: Config file securitycraft-client.toml for securitycraft tracking
[06Aug2025 14:44:55.401] [modloading-worker-0/DEBUG] [net.minecraftforge.fml.config.ConfigTracker/CONFIG]: Config file securitycraft-server.toml for securitycraft tracking
[06Aug2025 14:44:55.469] [modloading-worker-0/INFO] [net.potionstudios.biomeswevegone.BiomesWeveGone/]: Registering Oh The Biomes We've Gone items
[06Aug2025 14:44:55.566] [modloading-worker-0/DEBUG] [net.minecraftforge.fml.javafmlmod.AutomaticEventSubscriber/LOADING]: Attempting to inject @EventBusSubscriber classes into the eventbus for corgilib
[06Aug2025 14:44:55.566] [modloading-worker-0/DEBUG] [net.minecraftforge.fml.javafmlmod.AutomaticEventSubscriber/LOADING]: Auto-subscribing corgitaco.corgilib.forge.CorgiLibForgeEvents to FORGE
[06Aug2025 14:44:55.570] [modloading-worker-0/DEBUG] [net.minecraftforge.fml.javafmlmod.AutomaticEventSubscriber/LOADING]: Attempting to inject @EventBusSubscriber classes into the eventbus for entityculling
[06Aug2025 14:44:55.571] [modloading-worker-0/DEBUG] [net.minecraftforge.fml.javafmlmod.AutomaticEventSubscriber/LOADING]: Attempting to inject @EventBusSubscriber classes into the eventbus for immediatelyfast
[06Aug2025 14:44:55.670] [modloading-worker-0/INFO] [net.potionstudios.biomeswevegone.BiomesWeveGone/]: Registering Oh The Biomes We've Gone Blocks
[06Aug2025 14:44:55.735] [modloading-worker-0/DEBUG] [net.minecraftforge.fml.javafmlmod.AutomaticEventSubscriber/LOADING]: Attempting to inject @EventBusSubscriber classes into the eventbus for creeperoverhaul
[06Aug2025 14:44:55.737] [modloading-worker-0/DEBUG] [net.minecraftforge.fml.javafmlmod.AutomaticEventSubscriber/LOADING]: Attempting to inject @EventBusSubscriber classes into the eventbus for ferritecore
[06Aug2025 14:44:55.745] [modloading-worker-0/DEBUG] [net.minecraftforge.fml.javafmlmod.AutomaticEventSubscriber/LOADING]: Attempting to inject @EventBusSubscriber classes into the eventbus for fabric_object_builder_api_v1
[06Aug2025 14:44:55.756] [modloading-worker-0/INFO] [net.potionstudios.biomeswevegone.BiomesWeveGone/]: Registering Oh The Biomes We've Gone Wood
[06Aug2025 14:44:55.757] [modloading-worker-0/INFO] [net.potionstudios.biomeswevegone.BiomesWeveGone/]: Registering Oh The Biomes We've Gone Block Entities
[06Aug2025 14:44:55.757] [modloading-worker-0/INFO] [net.potionstudios.biomeswevegone.BiomesWeveGone/]: Registering Oh The Biomes We've Gone Entities
[06Aug2025 14:44:55.758] [modloading-worker-0/INFO] [net.potionstudios.biomeswevegone.BiomesWeveGone/]: Registering Oh The Biomes We've Gone Creative Tabs
[06Aug2025 14:44:55.758] [modloading-worker-0/INFO] [net.potionstudios.biomeswevegone.BiomesWeveGone/]: Registering Oh The Biomes We've Gone Sounds
[06Aug2025 14:44:55.762] [modloading-worker-0/INFO] [net.potionstudios.biomeswevegone.BiomesWeveGone/]: Registering Oh The Biomes We've Gone Block Predicate
[06Aug2025 14:44:55.769] [modloading-worker-0/INFO] [net.potionstudios.biomeswevegone.BiomesWeveGone/]: Registering Oh The Biomes We've Gone State Providers
[06Aug2025 14:44:55.775] [modloading-worker-0/INFO] [net.potionstudios.biomeswevegone.BiomesWeveGone/]: Registering Oh The Biomes We've Gone Tree Decorators
[06Aug2025 14:44:55.788] [modloading-worker-0/INFO] [net.potionstudios.biomeswevegone.BiomesWeveGone/]: Registering Oh The Biomes We've Gone Custom Features
[06Aug2025 14:44:55.790] [modloading-worker-0/INFO] [net.potionstudios.biomeswevegone.BiomesWeveGone/]: Registering Oh The Biomes We've Gone Structure Pieces
[06Aug2025 14:44:55.791] [modloading-worker-0/INFO] [net.potionstudios.biomeswevegone.BiomesWeveGone/]: Registering Oh The Biomes We've Gone Custom Structure Types
[06Aug2025 14:44:55.799] [modloading-worker-0/INFO] [net.potionstudios.biomeswevegone.BiomesWeveGone/]: Registering Oh The Biomes We've Gone Configured Features
[06Aug2025 14:44:55.805] [modloading-worker-0/INFO] [YetAnotherConfigLib/]: Deserializing YACLConfig from '/workspaces/ls/servidor_minecraft/config/yacl.json5'
[06Aug2025 14:44:55.818] [modloading-worker-0/DEBUG] [net.minecraftforge.fml.javafmlmod.AutomaticEventSubscriber/LOADING]: Attempting to inject @EventBusSubscriber classes into the eventbus for yet_another_config_lib_v3
[06Aug2025 14:44:55.826] [modloading-worker-0/DEBUG] [net.minecraftforge.fml.javafmlmod.AutomaticEventSubscriber/LOADING]: Attempting to inject @EventBusSubscriber classes into the eventbus for puzzleslib
[06Aug2025 14:44:55.827] [modloading-worker-0/DEBUG] [net.minecraftforge.fml.javafmlmod.AutomaticEventSubscriber/LOADING]: Auto-subscribing fuzs.puzzleslib.impl.PuzzlesLibForge to MOD
[06Aug2025 14:44:55.838] [modloading-worker-0/INFO] [net.potionstudios.biomeswevegone.BiomesWeveGone/]: Creating and Registering Overworld Vegetation Configured Features
[06Aug2025 14:44:55.900] [modloading-worker-0/INFO] [Puzzles Lib/]: Constructing common components for puzzleslib:main
[06Aug2025 14:44:55.924] [modloading-worker-0/DEBUG] [mixin/]: Mixing MixinLootDataManager from architectury.mixins.json into net.minecraft.world.level.storage.loot.LootDataManager
[06Aug2025 14:44:55.926] [modloading-worker-0/DEBUG] [mixin/]: Mixing LootDataManagerForgeMixin from puzzleslib.forge.mixins.json into net.minecraft.world.level.storage.loot.LootDataManager
[06Aug2025 14:44:55.950] [modloading-worker-0/DEBUG] [net.minecraftforge.fml.javafmlmod.AutomaticEventSubscriber/LOADING]: Attempting to inject @EventBusSubscriber classes into the eventbus for simplyswords
[06Aug2025 14:44:55.951] [modloading-worker-0/DEBUG] [net.minecraftforge.fml.javafmlmod.AutomaticEventSubscriber/LOADING]: Attempting to inject @EventBusSubscriber classes into the eventbus for addonslib
[06Aug2025 14:44:55.951] [modloading-worker-0/INFO] [be.florens.expandability.ExpandAbility/]: ExpandAbility here, who dis?
[06Aug2025 14:44:55.952] [modloading-worker-0/DEBUG] [net.minecraftforge.fml.javafmlmod.AutomaticEventSubscriber/LOADING]: Attempting to inject @EventBusSubscriber classes into the eventbus for expandability
[06Aug2025 14:44:55.955] [modloading-worker-0/WARN] [de.keksuccino.justzoom.JustZoom/]: [JUST ZOOM] Disabling 'Just Zoom' since it's a client-side mod and current environment is server!
[06Aug2025 14:44:55.956] [modloading-worker-0/DEBUG] [net.minecraftforge.fml.javafmlmod.AutomaticEventSubscriber/LOADING]: Attempting to inject @EventBusSubscriber classes into the eventbus for justzoom
[06Aug2025 14:44:55.976] [modloading-worker-0/INFO] [net.potionstudios.biomeswevegone.BiomesWeveGone/]: Registering Oh The Biomes We've Gone Tree Configured Features
[06Aug2025 14:44:55.978] [modloading-worker-0/INFO] [net.potionstudios.biomeswevegone.BiomesWeveGone/]: Creating and Registering Vanilla Configured Features
[06Aug2025 14:44:55.986] [modloading-worker-0/INFO] [net.potionstudios.biomeswevegone.BiomesWeveGone/]: Registering Oh The Biomes You'll Go Overworld Configured Features
[06Aug2025 14:44:56.001] [modloading-worker-0/INFO] [net.potionstudios.biomeswevegone.BiomesWeveGone/]: Registering Oh The Biomes We've Gone Placed Features
[06Aug2025 14:44:56.012] [modloading-worker-0/INFO] [net.potionstudios.biomeswevegone.BiomesWeveGone/]: Creating and Registering Overworld Tree Placed Features
[06Aug2025 14:44:56.026] [modloading-worker-0/INFO] [net.potionstudios.biomeswevegone.BiomesWeveGone/]: Creating and Registering Overworld Vegetation Placed Features
[06Aug2025 14:44:56.027] [modloading-worker-0/INFO] [net.potionstudios.biomeswevegone.BiomesWeveGone/]: Creating and Registering Vanilla Placed Features
[06Aug2025 14:44:56.028] [modloading-worker-0/INFO] [net.potionstudios.biomeswevegone.BiomesWeveGone/]: Registering Oh The Biomes We've Gone Custom Surface Rules
[06Aug2025 14:44:56.040] [modloading-worker-0/INFO] [net.potionstudios.biomeswevegone.BiomesWeveGone/]: Registering Oh The Biomes We've Gone Template Pools
[06Aug2025 14:44:56.059] [modloading-worker-0/INFO] [net.potionstudios.biomeswevegone.BiomesWeveGone/]: Registering Oh The Biome's We've Gone Village Template Pools
[06Aug2025 14:44:56.061] [modloading-worker-0/INFO] [net.potionstudios.biomeswevegone.BiomesWeveGone/]: Registering Oh The Biomes We've Gone Poi Types
[06Aug2025 14:44:56.063] [modloading-worker-0/INFO] [net.potionstudios.biomeswevegone.BiomesWeveGone/]: Registering Oh The Biomes We've Gone Villager Professions
[06Aug2025 14:44:56.065] [modloading-worker-0/INFO] [net.potionstudios.biomeswevegone.BiomesWeveGone/]: Registering Oh The Biomes We've Gone Custom Structure Processors
[06Aug2025 14:44:56.086] [modloading-worker-0/DEBUG] [net.minecraftforge.fml.javafmlmod.AutomaticEventSubscriber/LOADING]: Attempting to inject @EventBusSubscriber classes into the eventbus for biomeswevegone
[06Aug2025 14:44:56.099] [modloading-worker-0/DEBUG] [net.minecraftforge.fml.javafmlmod.AutomaticEventSubscriber/LOADING]: Attempting to inject @EventBusSubscriber classes into the eventbus for securitycraft
[06Aug2025 14:44:56.099] [modloading-worker-0/DEBUG] [net.minecraftforge.fml.javafmlmod.AutomaticEventSubscriber/LOADING]: Auto-subscribing net.geforcemods.securitycraft.api.SecurityCraftAPI to MOD
[06Aug2025 14:44:56.100] [modloading-worker-0/DEBUG] [net.minecraftforge.fml.javafmlmod.AutomaticEventSubscriber/LOADING]: Auto-subscribing net.geforcemods.securitycraft.SecurityCraft to MOD
[06Aug2025 14:44:56.101] [modloading-worker-0/DEBUG] [net.minecraftforge.fml.javafmlmod.AutomaticEventSubscriber/LOADING]: Auto-subscribing net.geforcemods.securitycraft.SCEventHandler to FORGE
[06Aug2025 14:44:56.111] [modloading-worker-0/DEBUG] [net.minecraftforge.fml.javafmlmod.AutomaticEventSubscriber/LOADING]: Auto-subscribing net.geforcemods.securitycraft.RegistrationHandler to MOD
[06Aug2025 14:44:56.115] [modloading-worker-0/DEBUG] [net.minecraftforge.fml.javafmlmod.AutomaticEventSubscriber/LOADING]: Auto-subscribing net.geforcemods.securitycraft.ConfigHandler to MOD
[06Aug2025 14:44:56.121] [main/DEBUG] [SpectreLib/CONFIG]: Loading global configs
[06Aug2025 14:44:56.123] [main/DEBUG] [SpectreLib/]: Loaded com.illusivesoulworks.spectrelib.platform.ForgeConfigHelper@7dbb7ca8 for service interface com.illusivesoulworks.spectrelib.platform.services.IConfigHelper
[06Aug2025 14:44:56.124] [main/DEBUG] [SpectreLib/CONFIG]: Built TOML config for /workspaces/ls/servidor_minecraft/config/comforts-server.toml
[06Aug2025 14:44:56.124] [main/DEBUG] [SpectreLib/CONFIG]: Loaded TOML config file /workspaces/ls/servidor_minecraft/config/comforts-server.toml
[06Aug2025 14:44:56.184] [main/DEBUG] [net.minecraftforge.common.capabilities.CapabilityManager/CAPABILITIES]: Attempting to automatically register: Lcom/cerbon/bosses_of_mass_destruction/capability/ChunkBlockCacheProvider;
[06Aug2025 14:44:56.184] [main/DEBUG] [net.minecraftforge.common.capabilities.CapabilityManager/CAPABILITIES]: Attempting to automatically register: Lcom/cerbon/bosses_of_mass_destruction/capability/PlayerMoveHistoryProvider;
[06Aug2025 14:44:56.184] [main/DEBUG] [net.minecraftforge.common.capabilities.CapabilityManager/CAPABILITIES]: Attempting to automatically register: Lcom/cerbon/cerbons_api/forge/capability/LevelEventSchedulerProvider;
[06Aug2025 14:44:56.185] [main/DEBUG] [net.minecraftforge.common.capabilities.CapabilityManager/CAPABILITIES]: Attempting to automatically register: Lnet/minecraftforge/energy/IEnergyStorage;
[06Aug2025 14:44:56.185] [main/DEBUG] [net.minecraftforge.common.capabilities.CapabilityManager/CAPABILITIES]: Attempting to automatically register: Lnet/minecraftforge/fluids/capability/IFluidHandler;
[06Aug2025 14:44:56.185] [main/DEBUG] [net.minecraftforge.common.capabilities.CapabilityManager/CAPABILITIES]: Attempting to automatically register: Lnet/minecraftforge/fluids/capability/IFluidHandlerItem;
[06Aug2025 14:44:56.185] [main/DEBUG] [net.minecraftforge.common.capabilities.CapabilityManager/CAPABILITIES]: Attempting to automatically register: Lnet/minecraftforge/items/IItemHandler;
[06Aug2025 14:44:56.224] [main/DEBUG] [com.tterrag.registrate.AbstractRegistrate/REGISTRATE.REGISTER]: Registering 2 known objects of type minecraft:fluid
[06Aug2025 14:44:56.225] [main/DEBUG] [com.tterrag.registrate.AbstractRegistrate/REGISTRATE.REGISTER]: Registered hexerei:potion to registry ResourceKey[minecraft:root / minecraft:fluid]
[06Aug2025 14:44:56.226] [main/DEBUG] [com.tterrag.registrate.AbstractRegistrate/REGISTRATE.REGISTER]: Registered hexerei:flowing_potion to registry ResourceKey[minecraft:root / minecraft:fluid]
[06Aug2025 14:44:56.239] [main/DEBUG] [com.tterrag.registrate.AbstractRegistrate/REGISTRATE.REGISTER]: Registering 59 known objects of type minecraft:block
[06Aug2025 14:44:56.240] [main/DEBUG] [com.tterrag.registrate.AbstractRegistrate/REGISTRATE.REGISTER]: Registered hexerei:willow_connected to registry ResourceKey[minecraft:root / minecraft:block]
[06Aug2025 14:44:56.240] [main/DEBUG] [com.tterrag.registrate.AbstractRegistrate/REGISTRATE.REGISTER]: Registered hexerei:waxed_willow_connected to registry ResourceKey[minecraft:root / minecraft:block]
[06Aug2025 14:44:56.240] [main/DEBUG] [com.tterrag.registrate.AbstractRegistrate/REGISTRATE.REGISTER]: Registered hexerei:polished_willow_connected to registry ResourceKey[minecraft:root / minecraft:block]
[06Aug2025 14:44:56.240] [main/DEBUG] [com.tterrag.registrate.AbstractRegistrate/REGISTRATE.REGISTER]: Registered hexerei:waxed_polished_willow_connected to registry ResourceKey[minecraft:root / minecraft:block]
[06Aug2025 14:44:56.241] [main/DEBUG] [com.tterrag.registrate.AbstractRegistrate/REGISTRATE.REGISTER]: Registered hexerei:polished_willow_pillar to registry ResourceKey[minecraft:root / minecraft:block]
[06Aug2025 14:44:56.241] [main/DEBUG] [com.tterrag.registrate.AbstractRegistrate/REGISTRATE.REGISTER]: Registered hexerei:waxed_polished_willow_pillar to registry ResourceKey[minecraft:root / minecraft:block]
[06Aug2025 14:44:56.241] [main/DEBUG] [com.tterrag.registrate.AbstractRegistrate/REGISTRATE.REGISTER]: Registered hexerei:polished_willow_layered to registry ResourceKey[minecraft:root / minecraft:block]
[06Aug2025 14:44:56.241] [main/DEBUG] [com.tterrag.registrate.AbstractRegistrate/REGISTRATE.REGISTER]: Registered hexerei:waxed_polished_willow_layered to registry ResourceKey[minecraft:root / minecraft:block]
[06Aug2025 14:44:56.242] [main/DEBUG] [com.tterrag.registrate.AbstractRegistrate/REGISTRATE.REGISTER]: Registered hexerei:witch_hazel_connected to registry ResourceKey[minecraft:root / minecraft:block]
[06Aug2025 14:44:56.242] [main/DEBUG] [com.tterrag.registrate.AbstractRegistrate/REGISTRATE.REGISTER]: Registered hexerei:waxed_witch_hazel_connected to registry ResourceKey[minecraft:root / minecraft:block]
[06Aug2025 14:44:56.242] [main/DEBUG] [com.tterrag.registrate.AbstractRegistrate/REGISTRATE.REGISTER]: Registered hexerei:polished_witch_hazel_connected to registry ResourceKey[minecraft:root / minecraft:block]
[06Aug2025 14:44:56.242] [main/DEBUG] [com.tterrag.registrate.AbstractRegistrate/REGISTRATE.REGISTER]: Registered hexerei:waxed_polished_witch_hazel_connected to registry ResourceKey[minecraft:root / minecraft:block]
[06Aug2025 14:44:56.242] [main/DEBUG] [com.tterrag.registrate.AbstractRegistrate/REGISTRATE.REGISTER]: Registered hexerei:polished_witch_hazel_pillar to registry ResourceKey[minecraft:root / minecraft:block]
[06Aug2025 14:44:56.243] [main/DEBUG] [com.tterrag.registrate.AbstractRegistrate/REGISTRATE.REGISTER]: Registered hexerei:waxed_polished_witch_hazel_pillar to registry ResourceKey[minecraft:root / minecraft:block]
[06Aug2025 14:44:56.243] [main/DEBUG] [com.tterrag.registrate.AbstractRegistrate/REGISTRATE.REGISTER]: Registered hexerei:polished_witch_hazel_layered to registry ResourceKey[minecraft:root / minecraft:block]
[06Aug2025 14:44:56.243] [main/DEBUG] [com.tterrag.registrate.AbstractRegistrate/REGISTRATE.REGISTER]: Registered hexerei:waxed_polished_witch_hazel_layered to registry ResourceKey[minecraft:root / minecraft:block]
[06Aug2025 14:44:56.243] [main/DEBUG] [com.tterrag.registrate.AbstractRegistrate/REGISTRATE.REGISTER]: Registered hexerei:mahogany_connected to registry ResourceKey[minecraft:root / minecraft:block]
[06Aug2025 14:44:56.244] [main/DEBUG] [com.tterrag.registrate.AbstractRegistrate/REGISTRATE.REGISTER]: Registered hexerei:polished_mahogany_connected to registry ResourceKey[minecraft:root / minecraft:block]
[06Aug2025 14:44:56.244] [main/DEBUG] [com.tterrag.registrate.AbstractRegistrate/REGISTRATE.REGISTER]: Registered hexerei:waxed_mahogany_connected to registry ResourceKey[minecraft:root / minecraft:block]
[06Aug2025 14:44:56.244] [main/DEBUG] [com.tterrag.registrate.AbstractRegistrate/REGISTRATE.REGISTER]: Registered hexerei:waxed_polished_mahogany_connected to registry ResourceKey[minecraft:root / minecraft:block]
[06Aug2025 14:44:56.244] [main/DEBUG] [com.tterrag.registrate.AbstractRegistrate/REGISTRATE.REGISTER]: Registered hexerei:polished_mahogany_pillar to registry ResourceKey[minecraft:root / minecraft:block]
[06Aug2025 14:44:56.245] [main/DEBUG] [com.tterrag.registrate.AbstractRegistrate/REGISTRATE.REGISTER]: Registered hexerei:waxed_polished_mahogany_pillar to registry ResourceKey[minecraft:root / minecraft:block]
[06Aug2025 14:44:56.245] [main/DEBUG] [com.tterrag.registrate.AbstractRegistrate/REGISTRATE.REGISTER]: Registered hexerei:polished_mahogany_layered to registry ResourceKey[minecraft:root / minecraft:block]
[06Aug2025 14:44:56.245] [main/DEBUG] [com.tterrag.registrate.AbstractRegistrate/REGISTRATE.REGISTER]: Registered hexerei:waxed_polished_mahogany_layered to registry ResourceKey[minecraft:root / minecraft:block]
[06Aug2025 14:44:56.246] [main/DEBUG] [com.tterrag.registrate.AbstractRegistrate/REGISTRATE.REGISTER]: Registered hexerei:stone_window_pane to registry ResourceKey[minecraft:root / minecraft:block]
[06Aug2025 14:44:56.247] [main/DEBUG] [com.tterrag.registrate.AbstractRegistrate/REGISTRATE.REGISTER]: Registered hexerei:waxed_stone_window_pane to registry ResourceKey[minecraft:root / minecraft:block]
[06Aug2025 14:44:56.247] [main/DEBUG] [com.tterrag.registrate.AbstractRegistrate/REGISTRATE.REGISTER]: Registered hexerei:stone_window to registry ResourceKey[minecraft:root / minecraft:block]
[06Aug2025 14:44:56.247] [main/DEBUG] [com.tterrag.registrate.AbstractRegistrate/REGISTRATE.REGISTER]: Registered hexerei:waxed_stone_window to registry ResourceKey[minecraft:root / minecraft:block]
[06Aug2025 14:44:56.248] [main/DEBUG] [com.tterrag.registrate.AbstractRegistrate/REGISTRATE.REGISTER]: Registered hexerei:mahogany_window_pane to registry ResourceKey[minecraft:root / minecraft:block]
[06Aug2025 14:44:56.249] [main/DEBUG] [com.tterrag.registrate.AbstractRegistrate/REGISTRATE.REGISTER]: Registered hexerei:waxed_mahogany_window_pane to registry ResourceKey[minecraft:root / minecraft:block]
[06Aug2025 14:44:56.249] [main/DEBUG] [com.tterrag.registrate.AbstractRegistrate/REGISTRATE.REGISTER]: Registered hexerei:willow_window_pane to registry ResourceKey[minecraft:root / minecraft:block]
[06Aug2025 14:44:56.250] [main/DEBUG] [com.tterrag.registrate.AbstractRegistrate/REGISTRATE.REGISTER]: Registered hexerei:waxed_willow_window_pane to registry ResourceKey[minecraft:root / minecraft:block]
[06Aug2025 14:44:56.251] [main/DEBUG] [com.tterrag.registrate.AbstractRegistrate/REGISTRATE.REGISTER]: Registered hexerei:witch_hazel_window_pane to registry ResourceKey[minecraft:root / minecraft:block]
[06Aug2025 14:44:56.251] [main/DEBUG] [com.tterrag.registrate.AbstractRegistrate/REGISTRATE.REGISTER]: Registered hexerei:waxed_witch_hazel_window_pane to registry ResourceKey[minecraft:root / minecraft:block]
[06Aug2025 14:44:56.251] [main/DEBUG] [com.tterrag.registrate.AbstractRegistrate/REGISTRATE.REGISTER]: Registered hexerei:mahogany_window to registry ResourceKey[minecraft:root / minecraft:block]
[06Aug2025 14:44:56.252] [main/DEBUG] [com.tterrag.registrate.AbstractRegistrate/REGISTRATE.REGISTER]: Registered hexerei:waxed_mahogany_window to registry ResourceKey[minecraft:root / minecraft:block]
[06Aug2025 14:44:56.252] [main/DEBUG] [com.tterrag.registrate.AbstractRegistrate/REGISTRATE.REGISTER]: Registered hexerei:willow_window to registry ResourceKey[minecraft:root / minecraft:block]
[06Aug2025 14:44:56.252] [main/DEBUG] [com.tterrag.registrate.AbstractRegistrate/REGISTRATE.REGISTER]: Registered hexerei:waxed_willow_window to registry ResourceKey[minecraft:root / minecraft:block]
[06Aug2025 14:44:56.252] [main/DEBUG] [com.tterrag.registrate.AbstractRegistrate/REGISTRATE.REGISTER]: Registered hexerei:witch_hazel_window to registry ResourceKey[minecraft:root / minecraft:block]
[06Aug2025 14:44:56.252] [main/DEBUG] [com.tterrag.registrate.AbstractRegistrate/REGISTRATE.REGISTER]: Registered hexerei:waxed_witch_hazel_window to registry ResourceKey[minecraft:root / minecraft:block]
[06Aug2025 14:44:56.337] [main/DEBUG] [com.tterrag.registrate.AbstractRegistrate/REGISTRATE.REGISTER]: Registered hexerei:infused_fabric_block_ornate to registry ResourceKey[minecraft:root / minecraft:block]
[06Aug2025 14:44:56.337] [main/DEBUG] [com.tterrag.registrate.AbstractRegistrate/REGISTRATE.REGISTER]: Registered hexerei:waxed_infused_fabric_block_ornate to registry ResourceKey[minecraft:root / minecraft:block]
[06Aug2025 14:44:56.360] [main/DEBUG] [com.tterrag.registrate.AbstractRegistrate/REGISTRATE.REGISTER]: Registered hexerei:infused_fabric_carpet_ornate to registry ResourceKey[minecraft:root / minecraft:block]
[06Aug2025 14:44:56.382] [main/DEBUG] [com.tterrag.registrate.AbstractRegistrate/REGISTRATE.REGISTER]: Registered hexerei:waxed_infused_fabric_carpet_ornate to registry ResourceKey[minecraft:root / minecraft:block]
[06Aug2025 14:44:56.404] [main/DEBUG] [com.tterrag.registrate.AbstractRegistrate/REGISTRATE.REGISTER]: Registered hexerei:infused_fabric_carpet to registry ResourceKey[minecraft:root / minecraft:block]
[06Aug2025 14:44:56.425] [main/DEBUG] [com.tterrag.registrate.AbstractRegistrate/REGISTRATE.REGISTER]: Registered hexerei:waxed_infused_fabric_carpet to registry ResourceKey[minecraft:root / minecraft:block]
[06Aug2025 14:44:56.435] [main/DEBUG] [com.tterrag.registrate.AbstractRegistrate/REGISTRATE.REGISTER]: Registered hexerei:infused_fabric_carpet_ornate_stairs to registry ResourceKey[minecraft:root / minecraft:block]
[06Aug2025 14:44:56.436] [main/DEBUG] [com.tterrag.registrate.AbstractRegistrate/REGISTRATE.REGISTER]: Registered hexerei:waxed_infused_fabric_carpet_ornate_stairs to registry ResourceKey[minecraft:root / minecraft:block]
[06Aug2025 14:44:56.437] [main/DEBUG] [com.tterrag.registrate.AbstractRegistrate/REGISTRATE.REGISTER]: Registered hexerei:infused_fabric_carpet_stairs to registry ResourceKey[minecraft:root / minecraft:block]
[06Aug2025 14:44:56.439] [main/DEBUG] [com.tterrag.registrate.AbstractRegistrate/REGISTRATE.REGISTER]: Registered hexerei:waxed_infused_fabric_carpet_stairs to registry ResourceKey[minecraft:root / minecraft:block]
[06Aug2025 14:44:56.457] [main/DEBUG] [com.tterrag.registrate.AbstractRegistrate/REGISTRATE.REGISTER]: Registered hexerei:infused_fabric_carpet_ornate_slab to registry ResourceKey[minecraft:root / minecraft:block]
[06Aug2025 14:44:56.474] [main/DEBUG] [com.tterrag.registrate.AbstractRegistrate/REGISTRATE.REGISTER]: Registered hexerei:waxed_infused_fabric_carpet_ornate_slab to registry ResourceKey[minecraft:root / minecraft:block]
[06Aug2025 14:44:56.491] [main/DEBUG] [com.tterrag.registrate.AbstractRegistrate/REGISTRATE.REGISTER]: Registered hexerei:infused_fabric_carpet_slab to registry ResourceKey[minecraft:root / minecraft:block]
[06Aug2025 14:44:56.507] [main/DEBUG] [com.tterrag.registrate.AbstractRegistrate/REGISTRATE.REGISTER]: Registered hexerei:waxed_infused_fabric_carpet_slab to registry ResourceKey[minecraft:root / minecraft:block]
[06Aug2025 14:44:56.508] [main/DEBUG] [com.tterrag.registrate.AbstractRegistrate/REGISTRATE.REGISTER]: Registered hexerei:infused_fabric_block to registry ResourceKey[minecraft:root / minecraft:block]
[06Aug2025 14:44:56.508] [main/DEBUG] [com.tterrag.registrate.AbstractRegistrate/REGISTRATE.REGISTER]: Registered hexerei:waxed_infused_fabric_block to registry ResourceKey[minecraft:root / minecraft:block]
[06Aug2025 14:44:56.509] [main/DEBUG] [com.tterrag.registrate.AbstractRegistrate/REGISTRATE.REGISTER]: Registered hexerei:polished_mahogany_trapdoor to registry ResourceKey[minecraft:root / minecraft:block]
[06Aug2025 14:44:56.510] [main/DEBUG] [com.tterrag.registrate.AbstractRegistrate/REGISTRATE.REGISTER]: Registered hexerei:polished_willow_trapdoor to registry ResourceKey[minecraft:root / minecraft:block]
[06Aug2025 14:44:56.510] [main/DEBUG] [com.tterrag.registrate.AbstractRegistrate/REGISTRATE.REGISTER]: Registered hexerei:polished_witch_hazel_trapdoor to registry ResourceKey[minecraft:root / minecraft:block]
[06Aug2025 14:44:58.170] [main/DEBUG] [io.netty.util.internal.InternalThreadLocalMap/]: -Dio.netty.threadLocalMap.stringBuilder.initialSize: 1024
[06Aug2025 14:44:58.170] [main/DEBUG] [io.netty.util.internal.InternalThreadLocalMap/]: -Dio.netty.threadLocalMap.stringBuilder.maxSize: 4096
[06Aug2025 14:44:58.171] [main/DEBUG] [io.netty.util.internal.ThreadLocalRandom/]: -Dio.netty.initialSeedUniquifier: 0x61af80869270eded
[06Aug2025 14:44:58.302] [main/DEBUG] [Goblin Traders/]: Loaded com.mrcrayfish.goblintraders.platform.ForgePlatformHelper@4955f300 for service interface com.mrcrayfish.goblintraders.platform.services.IPlatformHelper
[06Aug2025 14:44:58.921] [main/DEBUG] [dev.architectury.core.item.ArchitecturySpawnEggItem/]: Registering spawn egg mimic_spawn_egg for artifacts:mimic
[06Aug2025 14:44:59.040] [main/DEBUG] [mixin/]: Mixing block.BzRandomizableContainerBlockEntityMixin from the_bumblezone-forge.mixins.json into com.telepathicgrunt.the_bumblezone.blocks.blockentities.BzRandomizableContainerBlockEntity
[06Aug2025 14:44:59.168] [main/DEBUG] [mixin/]: Mixing accessor.ShapelessRecipeAccessor from tombstone.mixins.json into net.minecraft.world.item.crafting.ShapelessRecipe
[06Aug2025 14:44:59.327] [main/DEBUG] [mixin/]: Mixing world.BiomeManagerAccessor from the_bumblezone-common.mixins.json into net.minecraft.world.level.biome.BiomeManager
[06Aug2025 14:44:59.380] [main/DEBUG] [com.tterrag.registrate.AbstractRegistrate/REGISTRATE.REGISTER]: Registering 1 known objects of type forge:fluid_type
[06Aug2025 14:44:59.380] [main/DEBUG] [com.tterrag.registrate.AbstractRegistrate/REGISTRATE.REGISTER]: Registered hexerei:potion to registry ResourceKey[minecraft:root / forge:fluid_type]
[06Aug2025 14:44:59.416] [main/DEBUG] [mixin/]: Mixing ForgeHooksMixin from tombstone.mixins.json into net.minecraftforge.common.ForgeHooks
[06Aug2025 14:44:59.541] [main/DEBUG] [net.minecraftforge.fml.config.ConfigTracker/CONFIG]: Loading configs type COMMON
[06Aug2025 14:44:59.542] [main/DEBUG] [net.minecraftforge.fml.config.ConfigFileTypeHandler/CONFIG]: Built TOML config for /workspaces/ls/servidor_minecraft/config/Hexerei-common.toml
[06Aug2025 14:44:59.543] [main/DEBUG] [net.minecraftforge.fml.config.ConfigFileTypeHandler/CONFIG]: Loaded TOML config file /workspaces/ls/servidor_minecraft/config/Hexerei-common.toml
[06Aug2025 14:44:59.544] [main/DEBUG] [net.minecraftforge.fml.config.ConfigFileTypeHandler/CONFIG]: Watching TOML config file /workspaces/ls/servidor_minecraft/config/Hexerei-common.toml for changes
[06Aug2025 14:44:59.545] [Thread-2/DEBUG] [net.minecraftforge.fml.config.ConfigFileTypeHandler/CONFIG]: Config file Hexerei-common.toml changed, sending notifies
[06Aug2025 14:44:59.546] [main/DEBUG] [net.minecraftforge.fml.config.ConfigFileTypeHandler/CONFIG]: Built TOML config for /workspaces/ls/servidor_minecraft/config/sophisticatedcore-common.toml
[06Aug2025 14:44:59.547] [main/DEBUG] [net.minecraftforge.fml.config.ConfigFileTypeHandler/CONFIG]: Loaded TOML config file /workspaces/ls/servidor_minecraft/config/sophisticatedcore-common.toml
[06Aug2025 14:44:59.547] [main/DEBUG] [net.minecraftforge.fml.config.ConfigFileTypeHandler/CONFIG]: Watching TOML config file /workspaces/ls/servidor_minecraft/config/sophisticatedcore-common.toml for changes
[06Aug2025 14:44:59.547] [Thread-2/DEBUG] [net.minecraftforge.fml.config.ConfigFileTypeHandler/CONFIG]: Config file Hexerei-common.toml changed, sending notifies
[06Aug2025 14:44:59.548] [Thread-2/DEBUG] [net.minecraftforge.fml.config.ConfigFileTypeHandler/CONFIG]: Config file sophisticatedcore-common.toml changed, sending notifies
[06Aug2025 14:44:59.548] [main/DEBUG] [net.minecraftforge.fml.config.ConfigFileTypeHandler/CONFIG]: Built TOML config for /workspaces/ls/servidor_minecraft/config/citadel-common.toml
[06Aug2025 14:44:59.548] [main/DEBUG] [net.minecraftforge.fml.config.ConfigFileTypeHandler/CONFIG]: Loaded TOML config file /workspaces/ls/servidor_minecraft/config/citadel-common.toml
[06Aug2025 14:44:59.548] [main/DEBUG] [net.minecraftforge.fml.config.ConfigFileTypeHandler/CONFIG]: Watching TOML config file /workspaces/ls/servidor_minecraft/config/citadel-common.toml for changes
[06Aug2025 14:44:59.548] [Thread-2/DEBUG] [net.minecraftforge.fml.config.ConfigFileTypeHandler/CONFIG]: Config file sophisticatedcore-common.toml changed, sending notifies
[06Aug2025 14:44:59.549] [main/DEBUG] [net.minecraftforge.fml.config.ConfigFileTypeHandler/CONFIG]: Built TOML config for /workspaces/ls/servidor_minecraft/config/sophisticatedbackpacks-common.toml
[06Aug2025 14:44:59.549] [Thread-2/DEBUG] [net.minecraftforge.fml.config.ConfigFileTypeHandler/CONFIG]: Config file citadel-common.toml changed, sending notifies
[06Aug2025 14:44:59.549] [main/DEBUG] [net.minecraftforge.fml.config.ConfigFileTypeHandler/CONFIG]: Loaded TOML config file /workspaces/ls/servidor_minecraft/config/sophisticatedbackpacks-common.toml
[06Aug2025 14:44:59.549] [main/DEBUG] [net.minecraftforge.fml.config.ConfigFileTypeHandler/CONFIG]: Watching TOML config file /workspaces/ls/servidor_minecraft/config/sophisticatedbackpacks-common.toml for changes
[06Aug2025 14:44:59.550] [main/DEBUG] [net.minecraftforge.fml.config.ConfigFileTypeHandler/CONFIG]: Built TOML config for /workspaces/ls/servidor_minecraft/config/balm-common.toml
[06Aug2025 14:44:59.550] [Thread-2/DEBUG] [net.minecraftforge.fml.config.ConfigFileTypeHandler/CONFIG]: Config file sophisticatedbackpacks-common.toml changed, sending notifies
[06Aug2025 14:44:59.550] [main/DEBUG] [net.minecraftforge.fml.config.ConfigFileTypeHandler/CONFIG]: Loaded TOML config file /workspaces/ls/servidor_minecraft/config/balm-common.toml
[06Aug2025 14:44:59.550] [main/DEBUG] [net.minecraftforge.fml.config.ConfigFileTypeHandler/CONFIG]: Watching TOML config file /workspaces/ls/servidor_minecraft/config/balm-common.toml for changes
[06Aug2025 14:44:59.550] [Thread-2/DEBUG] [net.minecraftforge.fml.config.ConfigFileTypeHandler/CONFIG]: Config file sophisticatedbackpacks-common.toml changed, sending notifies
[06Aug2025 14:44:59.552] [Thread-2/DEBUG] [net.minecraftforge.fml.config.ConfigFileTypeHandler/CONFIG]: Config file balm-common.toml changed, sending notifies
[06Aug2025 14:44:59.553] [main/DEBUG] [net.minecraftforge.fml.config.ConfigFileTypeHandler/CONFIG]: Built TOML config for /workspaces/ls/servidor_minecraft/config/alexsmobs.toml
[06Aug2025 14:44:59.556] [main/DEBUG] [net.minecraftforge.fml.config.ConfigFileTypeHandler/CONFIG]: Loaded TOML config file /workspaces/ls/servidor_minecraft/config/alexsmobs.toml
[06Aug2025 14:44:59.556] [Thread-2/DEBUG] [net.minecraftforge.fml.config.ConfigFileTypeHandler/CONFIG]: Config file balm-common.toml changed, sending notifies
[06Aug2025 14:44:59.556] [main/DEBUG] [net.minecraftforge.fml.config.ConfigFileTypeHandler/CONFIG]: Watching TOML config file /workspaces/ls/servidor_minecraft/config/alexsmobs.toml for changes
[06Aug2025 14:44:59.595] [Thread-2/DEBUG] [net.minecraftforge.fml.config.ConfigFileTypeHandler/CONFIG]: Config file alexsmobs.toml changed, sending notifies
[06Aug2025 14:44:59.599] [main/DEBUG] [net.minecraftforge.fml.config.ConfigFileTypeHandler/CONFIG]: Built TOML config for /workspaces/ls/servidor_minecraft/config/carryon-common.toml
[06Aug2025 14:44:59.601] [main/DEBUG] [net.minecraftforge.fml.config.ConfigFileTypeHandler/CONFIG]: Loaded TOML config file /workspaces/ls/servidor_minecraft/config/carryon-common.toml
[06Aug2025 14:44:59.601] [main/DEBUG] [net.minecraftforge.fml.config.ConfigFileTypeHandler/CONFIG]: Watching TOML config file /workspaces/ls/servidor_minecraft/config/carryon-common.toml for changes
[06Aug2025 14:44:59.614] [Thread-2/DEBUG] [net.minecraftforge.fml.config.ConfigFileTypeHandler/CONFIG]: Config file alexsmobs.toml changed, sending notifies
[06Aug2025 14:44:59.682] [Thread-2/DEBUG] [net.minecraftforge.fml.config.ConfigFileTypeHandler/CONFIG]: Config file carryon-common.toml changed, sending notifies
[06Aug2025 14:44:59.683] [main/DEBUG] [net.minecraftforge.fml.config.ConfigFileTypeHandler/CONFIG]: Built TOML config for /workspaces/ls/servidor_minecraft/config/tombstone-common.toml
[06Aug2025 14:44:59.684] [main/DEBUG] [net.minecraftforge.fml.config.ConfigFileTypeHandler/CONFIG]: Loaded TOML config file /workspaces/ls/servidor_minecraft/config/tombstone-common.toml
[06Aug2025 14:44:59.684] [main/DEBUG] [net.minecraftforge.fml.config.ConfigFileTypeHandler/CONFIG]: Watching TOML config file /workspaces/ls/servidor_minecraft/config/tombstone-common.toml for changes
[06Aug2025 14:44:59.686] [main/DEBUG] [net.minecraftforge.fml.config.ConfigFileTypeHandler/CONFIG]: Built TOML config for /workspaces/ls/servidor_minecraft/config/the_bumblezone/general.toml
[06Aug2025 14:44:59.687] [main/DEBUG] [net.minecraftforge.fml.config.ConfigFileTypeHandler/CONFIG]: Loaded TOML config file /workspaces/ls/servidor_minecraft/config/the_bumblezone/general.toml
[06Aug2025 14:44:59.687] [main/DEBUG] [net.minecraftforge.fml.config.ConfigFileTypeHandler/CONFIG]: Watching TOML config file /workspaces/ls/servidor_minecraft/config/the_bumblezone/general.toml for changes
[06Aug2025 14:44:59.689] [main/DEBUG] [net.minecraftforge.fml.config.ConfigFileTypeHandler/CONFIG]: Built TOML config for /workspaces/ls/servidor_minecraft/config/the_bumblezone/worldgen.toml
[06Aug2025 14:44:59.690] [main/DEBUG] [net.minecraftforge.fml.config.ConfigFileTypeHandler/CONFIG]: Loaded TOML config file /workspaces/ls/servidor_minecraft/config/the_bumblezone/worldgen.toml
[06Aug2025 14:44:59.690] [main/DEBUG] [net.minecraftforge.fml.config.ConfigFileTypeHandler/CONFIG]: Watching TOML config file /workspaces/ls/servidor_minecraft/config/the_bumblezone/worldgen.toml for changes
[06Aug2025 14:44:59.691] [main/DEBUG] [net.minecraftforge.fml.config.ConfigFileTypeHandler/CONFIG]: Built TOML config for /workspaces/ls/servidor_minecraft/config/deeperdarker-common.toml
[06Aug2025 14:44:59.691] [main/DEBUG] [net.minecraftforge.fml.config.ConfigFileTypeHandler/CONFIG]: Loaded TOML config file /workspaces/ls/servidor_minecraft/config/deeperdarker-common.toml
[06Aug2025 14:44:59.691] [main/DEBUG] [net.minecraftforge.fml.config.ConfigFileTypeHandler/CONFIG]: Watching TOML config file /workspaces/ls/servidor_minecraft/config/deeperdarker-common.toml for changes
[06Aug2025 14:44:59.691] [main/DEBUG] [net.minecraftforge.fml.config.ConfigFileTypeHandler/CONFIG]: Built TOML config for /workspaces/ls/servidor_minecraft/config/the_bumblezone/dimension.toml
[06Aug2025 14:44:59.692] [main/DEBUG] [net.minecraftforge.fml.config.ConfigFileTypeHandler/CONFIG]: Loaded TOML config file /workspaces/ls/servidor_minecraft/config/the_bumblezone/dimension.toml
[06Aug2025 14:44:59.692] [main/DEBUG] [net.minecraftforge.fml.config.ConfigFileTypeHandler/CONFIG]: Watching TOML config file /workspaces/ls/servidor_minecraft/config/the_bumblezone/dimension.toml for changes
[06Aug2025 14:44:59.693] [main/DEBUG] [net.minecraftforge.fml.config.ConfigFileTypeHandler/CONFIG]: Built TOML config for /workspaces/ls/servidor_minecraft/config/the_bumblezone/bee_aggression.toml
[06Aug2025 14:44:59.693] [main/DEBUG] [net.minecraftforge.fml.config.ConfigFileTypeHandler/CONFIG]: Loaded TOML config file /workspaces/ls/servidor_minecraft/config/the_bumblezone/bee_aggression.toml
[06Aug2025 14:44:59.693] [main/DEBUG] [net.minecraftforge.fml.config.ConfigFileTypeHandler/CONFIG]: Watching TOML config file /workspaces/ls/servidor_minecraft/config/the_bumblezone/bee_aggression.toml for changes
[06Aug2025 14:44:59.694] [main/DEBUG] [net.minecraftforge.fml.config.ConfigFileTypeHandler/CONFIG]: Built TOML config for /workspaces/ls/servidor_minecraft/config/the_bumblezone/mod_compatibility.toml
[06Aug2025 14:44:59.695] [main/DEBUG] [net.minecraftforge.fml.config.ConfigFileTypeHandler/CONFIG]: Loaded TOML config file /workspaces/ls/servidor_minecraft/config/the_bumblezone/mod_compatibility.toml
[06Aug2025 14:44:59.695] [main/DEBUG] [net.minecraftforge.fml.config.ConfigFileTypeHandler/CONFIG]: Watching TOML config file /workspaces/ls/servidor_minecraft/config/the_bumblezone/mod_compatibility.toml for changes
[06Aug2025 14:44:59.698] [main/DEBUG] [net.minecraftforge.fml.config.ConfigFileTypeHandler/CONFIG]: Built TOML config for /workspaces/ls/servidor_minecraft/config/waystones-common.toml
[06Aug2025 14:44:59.698] [main/DEBUG] [net.minecraftforge.fml.config.ConfigFileTypeHandler/CONFIG]: Loaded TOML config file /workspaces/ls/servidor_minecraft/config/waystones-common.toml
[06Aug2025 14:44:59.699] [main/DEBUG] [net.minecraftforge.fml.config.ConfigFileTypeHandler/CONFIG]: Watching TOML config file /workspaces/ls/servidor_minecraft/config/waystones-common.toml for changes
[06Aug2025 14:44:59.708] [modloading-worker-0/INFO] [dynamiclights/]: [Dynamic Lights] Loaded Dynamic Lights by Tschipcraft successfully!
[06Aug2025 14:44:59.716] [modloading-worker-0/INFO] [com.gpumemleakfix.Gpumemleakfix/]: gpumemleakfix mod initialized
[06Aug2025 14:44:59.772] [Thread-2/DEBUG] [net.minecraftforge.fml.config.ConfigFileTypeHandler/CONFIG]: Config file carryon-common.toml changed, sending notifies
[06Aug2025 14:44:59.810] [modloading-worker-0/DEBUG] [com.cerbon.cerbons_api.util.Constants/]: Registering packet cerbons_api:packets : class com.cerbon.cerbons_api.packet.custom.MultipartEntityInteractionC2SPacket on the: SERVER
[06Aug2025 14:44:59.870] [modloading-worker-0/INFO] [Dungeon Crawl/]: Common Setup
[06Aug2025 14:44:59.896] [modloading-worker-0/INFO] [voicechat/]: [voicechat] Compatibility version 18
[06Aug2025 14:44:59.949] [Forge Version Check/INFO] [net.minecraftforge.fml.VersionChecker/]: [easyanvils] Starting version check at https://raw.githubusercontent.com/Fuzss/modresources/main/update/easyanvils.json
[06Aug2025 14:44:59.978] [modloading-worker-0/INFO] [CorgiLib/]: Initializing network...
[06Aug2025 14:44:59.989] [modloading-worker-0/INFO] [CorgiLib/]: Initialized network!
[06Aug2025 14:45:00.007] [modloading-worker-0/INFO] [voicechat/]: [voicechat] Loading plugins
[06Aug2025 14:45:00.017] [modloading-worker-0/INFO] [voicechat/]: [voicechat] Loaded 1 plugin(s)
[06Aug2025 14:45:00.018] [modloading-worker-0/INFO] [voicechat/]: [voicechat] Initializing plugins
[06Aug2025 14:45:00.040] [modloading-worker-0/INFO] [Sound Physics - General/]: Initializing Simple Voice Chat integration
[06Aug2025 14:45:00.041] [modloading-worker-0/INFO] [voicechat/]: [voicechat] Initialized 1 plugin(s)
[06Aug2025 14:45:00.043] [modloading-worker-0/INFO] [voicechat/]: [voicechat] Registering events for 'sound_physics_remastered'
[06Aug2025 14:45:00.093] [main/DEBUG] [net.minecraftforge.fml.DeferredWorkQueue/LOADING]: Dispatching synchronous work for work queue COMMON_SETUP: 29 jobs
[06Aug2025 14:45:00.161] [Forge Version Check/DEBUG] [net.minecraftforge.fml.VersionChecker/]: [easyanvils] Received version check data:
{
    "homepage": "https://github.com/Fuzss/easyanvils",
    "promos": {
        "1.19.2-latest": "4.0.11",
        "1.19.2-recommended": "4.0.11",
        "1.19.3-latest": "5.0.1",
        "1.19.3-recommended": "5.0.1",
        "1.19.4-latest": "6.0.0",
        "1.19.4-recommended": "6.0.0",
        "1.20-latest": "7.0.0",
        "1.20-recommended": "7.0.0",
        "1.20.1-latest": "8.0.2",
        "1.20.1-recommended": "8.0.2",
        "1.18.2-latest": "3.0.0",
        "1.18.2-recommended": "3.0.0",
        "1.20.4-latest": "20.4.6",
        "1.20.4-recommended": "20.4.6",
        "1.21-latest": "21.0.5",
        "1.21-recommended": "21.0.5",
        "1.21.1-latest": "21.1.0",
        "1.21.1-recommended": "21.1.0",
        "1.21.3-latest": "21.3.1",
        "1.21.3-recommended": "21.3.1",
        "1.21.4-latest": "21.4.1",
        "1.21.4-recommended": "21.4.1",
        "1.21.5-latest": "21.5.1",
        "1.21.5-recommended": "21.5.1",
        "1.21.6-latest": "21.6.0",
        "1.21.6-recommended": "21.6.0",
        "1.21.7-latest": "21.7.0",
        "1.21.7-recommended": "21.7.0",
        "1.21.8-latest": "21.8.0",
        "1.21.8-recommended": "21.8.0"
    }
}
[06Aug2025 14:45:00.161] [Forge Version Check/INFO] [net.minecraftforge.fml.VersionChecker/]: [easyanvils] Found status: UP_TO_DATE Current: 8.0.2 Target: null
[06Aug2025 14:45:00.162] [Forge Version Check/INFO] [net.minecraftforge.fml.VersionChecker/]: [dynamiclights] Starting version check at https://api.modrinth.com/updates/7YjclEGc/forge_updates.json?forge=only
[06Aug2025 14:45:00.187] [main/INFO] [terrablender/]: Registered region minecraft:overworld to index 0 for type OVERWORLD
[06Aug2025 14:45:00.187] [main/INFO] [terrablender/]: Registered region minecraft:nether to index 0 for type NETHER
[06Aug2025 14:45:00.187] [main/INFO] [terrablender/]: Registered region hexerei:overworld to index 1 for type OVERWORLD
[06Aug2025 14:45:00.233] [main/INFO] [journeymap/]: Initializing Packet Registries
[06Aug2025 14:45:00.289] [main/DEBUG] [mixin/]: Mixing AccessoriesAPIMixin from cclayer.mixins.json into io.wispforest.accessories.api.AccessoriesAPI
[06Aug2025 14:45:00.321] [main/DEBUG] [mixin/]: Mixing RaidMemberMixin from friendsandfoes-common.mixins.json into net.minecraft.world.entity.raid.Raid$RaiderType
[06Aug2025 14:45:00.345] [Forge Version Check/DEBUG] [net.minecraftforge.fml.VersionChecker/]: [dynamiclights] Received version check data:
{"homepage":"https://modrinth.com/mod/7YjclEGc","promos":{"1.21-pre4-latest":"1.8.6+mod","24w39a-latest":"1.8.6+mod","1.21.5-pre1-recommended":"1.8.6+mod","1.19.1-rc2-latest":"1.8.6+mod","1.20-pre1-latest":"1.8.6+mod","22w16b-latest":"1.8.6+mod","25w10a-latest":"1.8.6+mod","23w17a-latest":"1.8.6+mod","25w09b-latest":"1.8.6+mod","1.18.1-rc1-recommended":"1.8.6+mod","23w05a-recommended":"1.8.6+mod","1.21-pre4-recommended":"1.8.6+mod","1.20.6-recommended":"1.8.6+mod","1.21.2-rc1-recommended":"1.8.6+mod","1.20-recommended":"1.8.6+mod","1.18.2-pre1-latest":"1.8.6+mod","22w46a-latest":"1.8.6+mod","23w07a-latest":"1.8.6+mod","1.18-pre1-latest":"1.8.6+mod","1.20-pre4-recommended":"1.8.6+mod","1.19.1-recommended":"1.8.6+mod","22w46a-recommended":"1.8.6+mod","1.19.1-pre3-latest":"1.8.6+mod","1.19.2-latest":"1.8.6+mod","22w13oneblockatatime-recommended":"1.8.6+mod","1.17.1-pre2-recommended":"1.8.6+mod","23w51a-latest":"1.8.6+mod","1.21.4-pre1-latest":"1.8.6+mod","1.18-pre5-recommended":"1.8.6+mod","23w40a-latest":"1.8.6+mod","1.21.4-rc2-recommended":"1.8.6+mod","1.18-rc4-recommended":"1.8.6+mod","1.21-pre2-recommended":"1.8.6+mod","24w37a-recommended":"1.8.6+mod","1.17.1-pre3-latest":"1.8.6+mod","24w14a-recommended":"1.8.6+mod","24w35a-recommended":"1.8.6+mod","1.20.4-latest":"1.8.6+mod","24w40a-latest":"1.8.6+mod","1.21-pre1-latest":"1.8.6+mod","23w13a-recommended":"1.8.6+mod","1.21.2-pre4-recommended":"1.8.6+mod","24w39a-recommended":"1.8.6+mod","1.19.2-rc2-recommended":"1.8.6+mod","1.21.1-rc1-recommended":"1.8.6+mod","23w44a-recommended":"1.8.6+mod","23w46a-recommended":"1.8.6+mod","1.18-pre4-latest":"1.8.6+mod","24w18a-recommended":"1.8.6+mod","22w17a-latest":"1.8.6+mod","1.19-pre1-latest":"1.8.6+mod","22w14a-recommended":"1.8.6+mod","22w11a-recommended":"1.8.6+mod","1.21.5-pre1-latest":"1.8.6+mod","24w14a-latest":"1.8.6+mod","1.20.2-pre3-recommended":"1.8.6+mod","23w45a-latest":"1.8.6+mod","1.21.2-pre2-latest":"1.8.6+mod","25w06a-recommended":"1.8.6+mod","1.19.3-pre2-latest":"1.8.6+mod","23w35a-recommended":"1.8.6+mod","1.20.5-rc3-latest":"1.8.6+mod","1.20-pre3-latest":"1.8.6+mod","1.20-pre3-recommended":"1.8.6+mod","25w09a-recommended":"1.8.6+mod","1.19.1-rc1-recommended":"1.8.6+mod","22w45a-recommended":"1.8.6+mod","1.18-latest":"1.8.6+mod","22w03a-latest":"1.8.6+mod","1.18.2-pre2-latest":"1.8.6+mod","22w13oneblockatatime-latest":"1.8.6+mod","1.20-latest":"1.8.6+mod","24w05b-latest":"1.8.6+mod","1.21.2-latest":"1.8.6+mod","22w19a-recommended":"1.8.6+mod","1.20.5-pre3-recommended":"1.8.6+mod","1.19.4-pre4-latest":"1.8.6+mod","23w40a-recommended":"1.8.6+mod","1.19.1-latest":"1.8.6+mod","1.20-pre5-recommended":"1.8.6+mod","24w03a-recommended":"1.8.6+mod","21w42a-latest":"1.8.6+mod","1.21.5-rc2-latest":"1.8.6+mod","24w21b-latest":"1.8.6+mod","23w18a-recommended":"1.8.6+mod","23w13a_or_b-recommended":"1.8.6+mod","23w16a-latest":"1.8.6+mod","1.21.2-pre4-latest":"1.8.6+mod","21w37a-recommended":"1.8.6+mod","1.20-pre6-latest":"1.8.6+mod","25w03a-recommended":"1.8.6+mod","1.20.1-rc1-latest":"1.8.6+mod","22w18a-recommended":"1.8.6+mod","23w12a-latest":"1.8.6+mod","22w13a-recommended":"1.8.6+mod","1.19-rc2-latest":"1.8.6+mod","22w15a-recommended":"1.8.6+mod","23w45a-recommended":"1.8.6+mod","24w38a-recommended":"1.8.6+mod","1.19-pre3-recommended":"1.8.6+mod","24w36a-latest":"1.8.6+mod","1.18-rc2-recommended":"1.8.6+mod","1.21.2-pre1-recommended":"1.8.6+mod","1.19.4-pre3-latest":"1.8.6+mod","23w51a-recommended":"1.8.6+mod","1.20-pre6-recommended":"1.8.6+mod","1.20.2-rc2-recommended":"1.8.6+mod","1.19.4-pre1-latest":"1.8.6+mod","1.21.4-rc1-latest":"1.8.6+mod","1.19.4-rc1-recommended":"1.8.6+mod","1.20.1-latest":"1.8.6+mod","23w43b-latest":"1.8.6+mod","1.21.4-rc3-recommended":"1.8.6+mod","22w16b-recommended":"1.8.6+mod","1.20.4-rc1-latest":"1.8.6+mod","25w08a-recommended":"1.8.6+mod","1.18.2-rc1-latest":"1.8.6+mod","23w42a-latest":"1.8.6+mod","1.19.4-rc3-recommended":"1.8.6+mod","22w07a-recommended":"1.8.6+mod","1.20.2-pre1-recommended":"1.8.6+mod","21w38a-recommended":"1.8.6+mod","24w06a-recommended":"1.8.6+mod","1.19.4-latest":"1.8.6+mod","25w07a-recommended":"1.8.6+mod","1.17.1-pre1-recommended":"1.8.6+mod","25w04a-latest":"1.8.6+mod","25w02a-recommended":"1.8.6+mod","24w03a-latest":"1.8.6+mod","24w03b-latest":"1.8.6+mod","1.18-pre7-latest":"1.8.6+mod","1.19.4-pre2-latest":"1.8.6+mod","22w13a-latest":"1.8.6+mod","1.20-pre5-latest":"1.8.6+mod","24w11a-recommended":"1.8.6+mod","1.20.2-pre1-latest":"1.8.6+mod","21w41a-latest":"1.8.6+mod","1.21.3-latest":"1.8.6+mod","1.20.2-rc1-latest":"1.8.6+mod","1.18.1-rc1-latest":"1.8.6+mod","24w44a-recommended":"1.8.6+mod","1.18.2-latest":"1.8.6+mod","22w12a-latest":"1.8.6+mod","1.20.5-rc2-latest":"1.8.6+mod","1.18.1-rc2-latest":"1.8.6+mod","1.20.3-pre1-latest":"1.8.6+mod","1.20-pre1-recommended":"1.8.6+mod","1.18-pre8-recommended":"1.8.6+mod","1.17.1-rc1-latest":"1.8.6+mod","22w06a-latest":"1.8.6+mod","24w10a-latest":"1.8.6+mod","1.21.1-rc1-latest":"1.8.6+mod","1.19.2-rc1-latest":"1.8.6+mod","24w09a-latest":"1.8.6+mod","1.19.1-rc2-recommended":"1.8.6+mod","24w09a-recommended":"1.8.6+mod","1.21.4-rc3-latest":"1.8.6+mod","23w06a-recommended":"1.8.6+mod","23w41a-latest":"1.8.6+mod","1.21.5-rc1-latest":"1.8.6+mod","1.21.4-rc1-recommended":"1.8.6+mod","1.18-pre6-recommended":"1.8.6+mod","1.20.3-latest":"1.8.6+mod","1.17.1-pre3-recommended":"1.8.6+mod","1.18-rc2-latest":"1.8.6+mod","1.20.5-rc3-recommended":"1.8.6+mod","24w03b-recommended":"1.8.6+mod","24w05a-recommended":"1.8.6+mod","21w44a-recommended":"1.8.6+mod","1.17.1-pre2-latest":"1.8.6+mod","1.19.3-latest":"1.8.6+mod","22w19a-latest":"1.8.6+mod","23w31a-recommended":"1.8.6+mod","23w04a-recommended":"1.8.6+mod","1.18-pre2-latest":"1.8.6+mod","24w34a-latest":"1.8.6+mod","1.21-rc1-recommended":"1.8.6+mod","1.17.1-pre1-latest":"1.8.6+mod","1.18-pre7-recommended":"1.8.6+mod","1.20.2-pre4-latest":"1.8.6+mod","23w43b-recommended":"1.8.6+mod","1.20.3-pre1-recommended":"1.8.6+mod","21w40a-latest":"1.8.6+mod","22w42a-latest":"1.8.6+mod","25w05a-latest":"1.8.6+mod","1.19.1-pre2-recommended":"1.8.6+mod","23w42a-recommended":"1.8.6+mod","1.21.5-pre3-latest":"1.8.6+mod","24w44a-latest":"1.8.6+mod","1.21.4-pre2-recommended":"1.8.6+mod","22w14a-latest":"1.8.6+mod","1.19.4-recommended":"1.8.6+mod","24w19a-recommended":"1.8.6+mod","1.20-rc1-latest":"1.8.6+mod","1.21-pre3-latest":"1.8.6+mod","1.20.4-rc1-recommended":"1.8.6+mod","25w09a-latest":"1.8.6+mod","1.21.4-latest":"1.8.6+mod","1.19-pre3-latest":"1.8.6+mod","1.19.1-pre5-recommended":"1.8.6+mod","1.21.2-pre1-latest":"1.8.6+mod","24w36a-recommended":"1.8.6+mod","25w10a-recommended":"1.8.6+mod","22w15a-latest":"1.8.6+mod","1.19.2-recommended":"1.8.6+mod","1.20.3-recommended":"1.8.6+mod","1.20-pre7-recommended":"1.8.6+mod","22w45a-latest":"1.8.6+mod","23w13a-latest":"1.8.6+mod","23w18a-latest":"1.8.6+mod","1.19.3-rc1-recommended":"1.8.6+mod","1.17.1-rc2-latest":"1.8.6+mod","1.21.5-pre3-recommended":"1.8.6+mod","1.20.3-pre2-recommended":"1.8.6+mod","1.17.1-rc2-recommended":"1.8.6+mod","1.20.2-rc1-recommended":"1.8.6+mod","1.21.2-pre3-recommended":"1.8.6+mod","21w37a-latest":"1.8.6+mod","22w44a-recommended":"1.8.6+mod","1.21.2-rc2-latest":"1.8.6+mod","1.20.5-pre1-recommended":"1.8.6+mod","24w04a-recommended":"1.8.6+mod","1.19.4-pre1-recommended":"1.8.6+mod","1.18.2-pre1-recommended":"1.8.6+mod","1.19.4-rc2-recommended":"1.8.6+mod","1.19.3-rc3-recommended":"1.8.6+mod","24w34a-recommended":"1.8.6+mod","1.18-recommended":"1.8.6+mod","22w11a-latest":"1.8.6+mod","1.18.2-recommended":"1.8.6+mod","1.21.4-pre3-latest":"1.8.6+mod","1.21.4-pre3-recommended":"1.8.6+mod","21w39a-latest":"1.8.6+mod","1.18-rc3-recommended":"1.8.6+mod","1.20.5-rc1-latest":"1.8.6+mod","1.18.1-recommended":"1.8.6+mod","1.18.1-pre1-latest":"1.8.6+mod","1.20.2-latest":"1.8.6+mod","1.19-recommended":"1.8.6+mod","1.18.1-rc3-latest":"1.8.6+mod","1.20.5-pre4-latest":"1.8.6+mod","1.21-pre3-recommended":"1.8.6+mod","1.20.5-pre2-recommended":"1.8.6+mod","24w46a-recommended":"1.8.6+mod","1.18.2-pre3-recommended":"1.8.6+mod","1.20.6-rc1-recommended":"1.8.6+mod","1.21.5-pre2-recommended":"1.8.6+mod","1.20.3-pre3-recommended":"1.8.6+mod","1.19.3-rc3-latest":"1.8.6+mod","1.17.1-rc1-recommended":"1.8.6+mod","1.20-rc1-recommended":"1.8.6+mod","1.19-rc1-recommended":"1.8.6+mod","23w05a-latest":"1.8.6+mod","23w07a-recommended":"1.8.6+mod","1.19-pre4-latest":"1.8.6+mod","1.21.4-pre1-recommended":"1.8.6+mod","1.18.1-rc2-recommended":"1.8.6+mod","1.20-pre2-latest":"1.8.6+mod","1.19.3-rc2-recommended":"1.8.6+mod","24w21b-recommended":"1.8.6+mod","25w05a-recommended":"1.8.6+mod","1.19.4-pre4-recommended":"1.8.6+mod","24w19b-latest":"1.8.6+mod","1.21-pre1-recommended":"1.8.6+mod","1.20.6-rc1-latest":"1.8.6+mod","1.18-pre3-recommended":"1.8.6+mod","1.19.1-pre3-recommended":"1.8.6+mod","22w18a-latest":"1.8.6+mod","23w03a-latest":"1.8.6+mod","21w40a-recommended":"1.8.6+mod","23w44a-latest":"1.8.6+mod","24w13a-recommended":"1.8.6+mod","1.20.5-rc2-recommended":"1.8.6+mod","24w45a-recommended":"1.8.6+mod","1.21-pre2-latest":"1.8.6+mod","24w05b-recommended":"1.8.6+mod","1.21.2-rc2-recommended":"1.8.6+mod","1.19.1-pre6-recommended":"1.8.6+mod","1.21-recommended":"1.8.6+mod","1.20.3-pre3-latest":"1.8.6+mod","1.19.1-rc3-recommended":"1.8.6+mod","1.19.3-recommended":"1.8.6+mod","23w12a-recommended":"1.8.6+mod","1.19-rc1-latest":"1.8.6+mod","1.21.2-pre3-latest":"1.8.6+mod","24w46a-latest":"1.8.6+mod","1.20.6-latest":"1.8.6+mod","1.21.5-pre2-latest":"1.8.6+mod","1.19-pre1-recommended":"1.8.6+mod","1.19.2-rc1-recommended":"1.8.6+mod","1.19-pre2-latest":"1.8.6+mod","24w12a-latest":"1.8.6+mod","1.19.4-rc3-latest":"1.8.6+mod","1.19.3-rc1-latest":"1.8.6+mod","1.21.2-pre5-recommended":"1.8.6+mod","1.20.3-pre4-latest":"1.8.6+mod","1.20.2-rc2-latest":"1.8.6+mod","23w16a-recommended":"1.8.6+mod","1.19.2-rc2-latest":"1.8.6+mod","1.20.5-rc1-recommended":"1.8.6+mod","23w51b-recommended":"1.8.6+mod","22w43a-latest":"1.8.6+mod","1.19-pre5-latest":"1.8.6+mod","22w17a-recommended":"1.8.6+mod","1.18.1-pre1-recommended":"1.8.6+mod","1.19.3-pre2-recommended":"1.8.6+mod","24w19b-recommended":"1.8.6+mod","1.18-pre3-latest":"1.8.6+mod","23w33a-latest":"1.8.6+mod","1.19.1-rc3-latest":"1.8.6+mod","24w19a-latest":"1.8.6+mod","1.19-pre4-recommended":"1.8.6+mod","1.18-rc3-latest":"1.8.6+mod","1.19.1-pre1-recommended":"1.8.6+mod","24w21a-latest":"1.8.6+mod","21w43a-latest":"1.8.6+mod","23w51b-latest":"1.8.6+mod","1.21.1-latest":"1.8.6+mod","22w43a-recommended":"1.8.6+mod","23w46a-latest":"1.8.6+mod","1.21.2-pre5-latest":"1.8.6+mod","24w40a-recommended":"1.8.6+mod","1.18-rc1-latest":"1.8.6+mod","24w06a-latest":"1.8.6+mod","24w45a-latest":"1.8.6+mod","24w12a-recommended":"1.8.6+mod","1.21.5-rc1-recommended":"1.8.6+mod","1.19-pre5-recommended":"1.8.6+mod","24w37a-latest":"1.8.6+mod","21w42a-recommended":"1.8.6+mod","1.18-pre1-recommended":"1.8.6+mod","21w44a-latest":"1.8.6+mod","23w43a-recommended":"1.8.6+mod","1.18-pre4-recommended":"1.8.6+mod","1.20.4-recommended":"1.8.6+mod","22w16a-latest":"1.8.6+mod","23w03a-recommended":"1.8.6+mod","1.20.5-pre2-latest":"1.8.6+mod","24w35a-latest":"1.8.6+mod","1.19.4-pre2-recommended":"1.8.6+mod","1.17-latest":"1.8.6+mod","1.20.3-rc1-latest":"1.8.6+mod","23w32a-recommended":"1.8.6+mod","25w09b-recommended":"1.8.6+mod","22w24a-latest":"1.8.6+mod","24w04a-latest":"1.8.6+mod","24w33a-latest":"1.8.6+mod","23w14a-recommended":"1.8.6+mod","1.19-rc2-recommended":"1.8.6+mod","1.21.5-rc2-recommended":"1.8.6+mod","1.21.4-pre2-latest":"1.8.6+mod","25w08a-latest":"1.8.6+mod","1.20.2-pre2-recommended":"1.8.6+mod","21w39a-recommended":"1.8.6+mod","1.20.1-rc1-recommended":"1.8.6+mod","22w05a-latest":"1.8.6+mod","1.21.1-recommended":"1.8.6+mod","1.19-pre2-recommended":"1.8.6+mod","1.18-pre2-recommended":"1.8.6+mod","1.20.3-rc1-recommended":"1.8.6+mod","1.20.3-pre2-latest":"1.8.6+mod","23w32a-latest":"1.8.6+mod","23w13a_or_b-latest":"1.8.6+mod","1.21.2-recommended":"1.8.6+mod","1.21.5-recommended":"1.8.6+mod","1.20.5-pre3-latest":"1.8.6+mod","23w04a-latest":"1.8.6+mod","23w14a-latest":"1.8.6+mod","1.19.1-pre1-latest":"1.8.6+mod","24w11a-latest":"1.8.6+mod","22w05a-recommended":"1.8.6+mod","1.21-rc1-latest":"1.8.6+mod","25w02a-latest":"1.8.6+mod","1.19.3-pre1-latest":"1.8.6+mod","1.19.1-pre2-latest":"1.8.6+mod","23w06a-latest":"1.8.6+mod","1.20.5-pre4-recommended":"1.8.6+mod","1.18-rc1-recommended":"1.8.6+mod","23w35a-latest":"1.8.6+mod","24w20a-latest":"1.8.6+mod","23w33a-recommended":"1.8.6+mod","1.21.4-rc2-latest":"1.8.6+mod","1.19.3-pre3-latest":"1.8.6+mod","1.20-pre2-recommended":"1.8.6+mod","1.17.1-latest":"1.8.6+mod","1.18.1-latest":"1.8.6+mod","1.19.4-rc2-latest":"1.8.6+mod","1.21.4-recommended":"1.8.6+mod","24w07a-latest":"1.8.6+mod","1.19.1-pre4-recommended":"1.8.6+mod","1.18-rc4-latest":"1.8.6+mod","1.18.2-rc1-recommended":"1.8.6+mod","1.18.2-pre3-latest":"1.8.6+mod","1.18-pre8-latest":"1.8.6+mod","22w24a-recommended":"1.8.6+mod","21w43a-recommended":"1.8.6+mod","1.18-pre5-latest":"1.8.6+mod","1.20.2-pre3-latest":"1.8.6+mod","24w07a-recommended":"1.8.6+mod","1.18.2-pre2-recommended":"1.8.6+mod","24w18a-latest":"1.8.6+mod","21w38a-latest":"1.8.6+mod","23w43a-latest":"1.8.6+mod","1.21.2-pre2-recommended":"1.8.6+mod","1.19.3-rc2-latest":"1.8.6+mod","25w04a-recommended":"1.8.6+mod","1.20.5-latest":"1.8.6+mod","22w42a-recommended":"1.8.6+mod","1.19.3-pre3-recommended":"1.8.6+mod","1.20.2-recommended":"1.8.6+mod","24w10a-recommended":"1.8.6+mod","25w07a-latest":"1.8.6+mod","1.19-latest":"1.8.6+mod","1.21-latest":"1.8.6+mod","1.20-pre7-latest":"1.8.6+mod","25w06a-latest":"1.8.6+mod","22w12a-recommended":"1.8.6+mod","23w17a-recommended":"1.8.6+mod","1.20-pre4-latest":"1.8.6+mod","24w05a-latest":"1.8.6+mod","22w07a-latest":"1.8.6+mod","22w03a-recommended":"1.8.6+mod","1.19.1-pre4-latest":"1.8.6+mod","24w14potato-latest":"1.8.6+mod","1.19.4-rc1-latest":"1.8.6+mod","24w13a-latest":"1.8.6+mod","24w33a-recommended":"1.8.6+mod","1.19.1-pre5-latest":"1.8.6+mod","22w44a-latest":"1.8.6+mod","1.19.3-pre1-recommended":"1.8.6+mod","1.19.1-rc1-latest":"1.8.6+mod","1.19.1-pre6-latest":"1.8.6+mod","1.21.2-rc1-latest":"1.8.6+mod","1.20.5-pre1-latest":"1.8.6+mod","1.18.1-rc3-recommended":"1.8.6+mod","1.17-recommended":"1.8.6+mod","1.21.5-latest":"1.8.6+mod","22w06a-recommended":"1.8.6+mod","22w16a-recommended":"1.8.6+mod","1.19.4-pre3-recommended":"1.8.6+mod","25w03a-latest":"1.8.6+mod","1.17.1-recommended":"1.8.6+mod","1.20.1-recommended":"1.8.6+mod","24w38a-latest":"1.8.6+mod","24w14potato-recommended":"1.8.6+mod","1.21.3-recommended":"1.8.6+mod","24w20a-recommended":"1.8.6+mod","1.20.2-pre2-latest":"1.8.6+mod","1.20.3-pre4-recommended":"1.8.6+mod","1.20.2-pre4-recommended":"1.8.6+mod","21w41a-recommended":"1.8.6+mod","1.20.5-recommended":"1.8.6+mod","24w21a-recommended":"1.8.6+mod","1.18-pre6-latest":"1.8.6+mod","23w31a-latest":"1.8.6+mod","23w41a-recommended":"1.8.6+mod"}}
[06Aug2025 14:45:00.346] [Forge Version Check/INFO] [net.minecraftforge.fml.VersionChecker/]: [dynamiclights] Found status: UP_TO_DATE Current: 1.8.6+mod Target: null
[06Aug2025 14:45:00.346] [Forge Version Check/INFO] [net.minecraftforge.fml.VersionChecker/]: [morebows] Starting version check at https://nerdthened.github.io/More-bows/update-modern.json
[06Aug2025 14:45:00.402] [Forge Version Check/DEBUG] [net.minecraftforge.fml.VersionChecker/]: [morebows] Received version check data:
{"homepage":"https://www.curseforge.com/minecraft/mc-mods/more-bows-restrung","promos":{"1.12.2-latest":"1.0.10","1.12.2-recommended":"1.0.10","1.16.5-latest":"1.0.12","1.16.5-recommended":"1.0.12","1.17.1-latest":"1.0.12","1.17.1-recommended":"1.0.12","1.18.2-latest":"1.0.12","1.18.2-recommended":"1.0.12","1.19.2-latest":"1.0.12","1.19.2-recommended":"1.0.12","1.19.3-latest":"1.0.12","1.19.3-recommended":"1.0.12","1.19.4-latest":"1.0.12","1.19.4-recommended":"1.0.12","1.20-latest":"1.0.13","1.20-recommended":"1.0.13","1.20.1-latest":"1.0.13","1.20.1-recommended":"1.0.13","1.20.2-latest":"1.0.13","1.20.2-recommended":"1.0.13"}}
[06Aug2025 14:45:00.402] [Forge Version Check/INFO] [net.minecraftforge.fml.VersionChecker/]: [morebows] Found status: UP_TO_DATE Current: 1.0.13 Target: null
[06Aug2025 14:45:00.402] [Forge Version Check/INFO] [net.minecraftforge.fml.VersionChecker/]: [trapcraft] Starting version check at https://www.dropbox.com/s/raw/pzo9jfvjlq1obvh/version-trapcraft.json
[06Aug2025 14:45:00.408] [main/INFO] [terrablender/]: Registered region biomeswevegone:region_0 to index 2 for type OVERWORLD
[06Aug2025 14:45:00.409] [main/INFO] [terrablender/]: Registered region biomeswevegone:region_1 to index 3 for type OVERWORLD
[06Aug2025 14:45:00.409] [main/INFO] [terrablender/]: Registered region biomeswevegone:region_2 to index 4 for type OVERWORLD
[06Aug2025 14:45:00.417] [main/DEBUG] [net.minecraftforge.fml.DeferredWorkQueue/LOADING]: Synchronous work queue completed in 322.9 ms
[06Aug2025 14:45:00.535] [main/DEBUG] [net.minecraftforge.fml.DeferredWorkQueue/LOADING]: Dispatching synchronous work for work queue COMPLETE: 3 jobs
[06Aug2025 14:45:00.577] [main/INFO] [mcp.mobius.waila.plugin.PluginLoader/]: [WTHIT] Initializing common plugin waila:core at mcp.mobius.waila.plugin.core.CoreCommonPlugin
[06Aug2025 14:45:00.585] [main/INFO] [mcp.mobius.waila.plugin.PluginLoader/]: [WTHIT] Initializing common plugin waila:vanilla at mcp.mobius.waila.plugin.vanilla.VanillaCommonPlugin
[06Aug2025 14:45:00.599] [main/INFO] [mcp.mobius.waila.plugin.PluginLoader/]: [WTHIT] Initializing common plugin waila:harvest at mcp.mobius.waila.plugin.harvest.HarvestCommonPlugin
[06Aug2025 14:45:00.600] [main/INFO] [mcp.mobius.waila.plugin.PluginLoader/]: [WTHIT] Initializing common plugin waila:forge at mcp.mobius.waila.plugin.forge.ForgeCommonPlugin
[06Aug2025 14:45:00.602] [main/INFO] [mcp.mobius.waila.plugin.PluginLoader/]: [WTHIT] Initializing plugin waystones:plugin at net.blay09.mods.waystones.compat.WTHITIntegration
[06Aug2025 14:45:00.603] [main/INFO] [mcp.mobius.waila.plugin.PluginLoader/]: [WTHIT] Initializing common plugin biomeswevegone:plugin at net.potionstudios.biomeswevegone.compat.wthit.BWGWTHITPlugin
[06Aug2025 14:45:00.604] [main/INFO] [mcp.mobius.waila.plugin.PluginLoader/]: [WTHIT] Initializing plugin securitycraft:plugin at net.geforcemods.securitycraft.compat.hudmods.WTHITDataProvider
[06Aug2025 14:45:00.605] [main/INFO] [mcp.mobius.waila.plugin.PluginLoader/]: [WTHIT] Initializing common plugin waila:extra at mcp.mobius.waila.plugin.extra.ExtraPlugin
[06Aug2025 14:45:00.634] [main/INFO] [mcp.mobius.waila.config.PluginConfig/]: [WTHIT] Plugin config reloaded
[06Aug2025 14:45:00.647] [main/DEBUG] [net.minecraftforge.fml.DeferredWorkQueue/LOADING]: Synchronous work queue completed in 111.7 ms
[06Aug2025 14:45:00.746] [main/DEBUG] [mixin/]: Mixing BlockStateCacheMixin from ferritecore.blockstatecache.mixin.json into net.minecraft.world.level.block.state.BlockBehaviour$BlockStateBase$Cache
[06Aug2025 14:45:00.751] [main/DEBUG] [mixin/]: Mixing entities.EntityCollisionContextAccessor from the_bumblezone-common.mixins.json into net.minecraft.world.phys.shapes.EntityCollisionContext
[06Aug2025 14:45:01.005] [main/DEBUG] [mixin/]: Mixing SubShapeAccess from ferritecore.blockstatecache.mixin.json into net.minecraft.world.phys.shapes.SubShape
[06Aug2025 14:45:01.299] [Forge Version Check/DEBUG] [net.minecraftforge.fml.VersionChecker/]: [trapcraft] Received version check data:
{
   "homepage":"https://minecraft.curseforge.com/projects/trapcraft",
   "promos":{
      "1.16.1-latest": "3.0.1",
      "1.16.1-recommended":"3.0.1",
      "1.16.2-latest": "3.1.0",
      "1.16.2-recommended": "3.1.0",
      "1.16.3-latest": "3.2.2",
      "1.16.3-recommended": "3.2.2",
      "1.16.3-latest": "3.2.2",
      "1.16.3-recommended":"3.2.2",
      "1.17.1-latest": "3.4.10",
      "1.17.1-recommended":"3.4.10",
	  "1.18-latest":"3.5.2",
	  "1.18.1-latest":"3.6.3"
   }
}
[06Aug2025 14:45:01.299] [Forge Version Check/INFO] [net.minecraftforge.fml.VersionChecker/]: [trapcraft] Found status: BETA Current: 2.10.2 Target: null
[06Aug2025 14:45:01.299] [Forge Version Check/INFO] [net.minecraftforge.fml.VersionChecker/]: [mr_dungeons_andtaverns] Starting version check at https://api.modrinth.com/updates/tpehi7ww/forge_updates.json
[06Aug2025 14:45:01.370] [Forge Version Check/DEBUG] [net.minecraftforge.fml.VersionChecker/]: [mr_dungeons_andtaverns] Received version check data:
{"homepage":"https://modrinth.com/mod/tpehi7ww","promos":{"1.19.2-recommended":"2.0.2+mod","1.19.4-recommended":"2.0.2+mod","1.20.6-latest":"3.2+mod","1.21.1-latest":"v4.4.4+mod","1.19.3-latest":"2.0.2+mod","1.19.2-latest":"2.0.2+mod","1.20.2-latest":"3.0.3.f+mod","1.21.2-recommended":"v4.5+mod","1.20.1-recommended":"3.0.3.f+mod","1.21.8-recommended":"v4.7.3+mod","1.21.2-latest":"v4.5+mod","1.19.3-recommended":"2.0.2+mod","1.20.5-latest":"3.2+mod","1.20.3-recommended":"3.1.1+mod","1.19.1-latest":"2.0.2+mod","1.21-latest":"v4.4.4+mod","1.20.6-recommended":"3.2+mod","1.19.1-recommended":"2.0.2+mod","1.21.3-latest":"v4.5+mod","1.21.4-latest":"v4.6.3+mod","1.21.7-recommended":"v4.7.3+mod","1.21.3-recommended":"v4.5+mod","1.20-recommended":"3.0.3.f+mod","1.21.4-recommended":"v4.6.3+mod","1.19-recommended":"2.0.2+mod","1.19.4-latest":"2.0.2+mod","1.21.1-recommended":"v4.4.4+mod","1.20.1-latest":"3.0.3.f+mod","1.20.3-latest":"3.1.1+mod","1.21.6-latest":"v4.7.3+mod","1.20.5-recommended":"3.2+mod","1.21.5-recommended":"v4.7.3+mod","1.20.4-recommended":"3.1.1+mod","1.19-latest":"2.0.2+mod","1.20.2-recommended":"3.0.3.f+mod","1.20-latest":"3.0.3.f+mod","1.21.7-latest":"v4.7.3+mod","1.21.5-latest":"v4.7.3+mod","1.21.8-latest":"v4.7.3+mod","1.21.6-recommended":"v4.7.3+mod","1.20.4-latest":"3.1.1+mod","1.21-recommended":"v4.4.4+mod"}}
[06Aug2025 14:45:01.370] [Forge Version Check/INFO] [net.minecraftforge.fml.VersionChecker/]: [mr_dungeons_andtaverns] Found status: OUTDATED Current: 3.0.3.f Target: 3.0.3.f+mod
[06Aug2025 14:45:01.370] [Forge Version Check/INFO] [net.minecraftforge.fml.VersionChecker/]: [tombstone] Starting version check at https://raw.githubusercontent.com/Corail31/tombstone_lite/master/update.json
[06Aug2025 14:45:01.379] [Forge Version Check/DEBUG] [net.minecraftforge.fml.VersionChecker/]: [tombstone] Received version check data:
{
	"homepage": "https://www.curseforge.com/minecraft/mc-mods/corail-tombstone",
	"promos": {
		"1.21.8-latest": "9.5.7",
		"1.21.8-recommended": "9.5.7",
		"1.21.7-latest": "9.5.7",
		"1.21.7-recommended": "9.5.7",
		"1.21.6-latest": "9.5.1",
		"1.21.6-recommended": "9.5.1",
		"1.21.5-latest": "9.4.3",
		"1.21.5-recommended": "9.4.3",
		"1.21.4-latest": "9.3.9",
		"1.21.4-recommended": "9.3.9",
		"1.21.3-latest": "9.2.4",
		"1.21.3-recommended": "9.2.4",
		"1.21.1-latest": "9.1.10",
		"1.21.1-recommended": "9.1.10",
		"1.20.4-latest": "8.6.4",
		"1.20.4-recommended": "8.6.4",
		"1.20.2-latest": "8.6.3",
		"1.20.2-recommended": "8.6.3",
		"1.20.1-latest": "9.0.7",
		"1.20.1-recommended": "9.0.6",
		"1.19.4-latest": "8.4.2",
		"1.19.4-recommended": "8.4.2",
		"1.19.3-latest": "8.3.2",
		"1.19.3-recommended": "8.3.2",
		"1.19.2-latest": "8.3.9",
		"1.19.2-recommended": "8.3.9",
		"1.19.1-latest": "8.1.0",
		"1.19.1-recommended": "8.1.0",
		"1.18.2-latest": "7.7.7",
		"1.18.2-recommended": "7.7.7",
		"1.18.1-latest": "7.4.1",
		"1.18.1-recommended": "7.4.1",
		"1.17.1-latest": "7.3.0",
		"1.17.1-recommended": "7.3.0",
		"1.16.5-latest": "6.9.7",
		"1.16.5-recommended": "6.9.7",
		"1.15.2-latest": "4.6.0",
		"1.15.2-recommended": "4.6.0",
		"1.14.4-latest": "4.3.6",
		"1.14.4-recommended": "4.3.6",
		"1.13.2-latest": "3.5.2",
		"1.13.2-recommended": "3.5.2",
		"1.12.2-latest": "4.7.5",
		"1.12.2-recommended": "4.7.5",
		"1.11.2-latest": "2.9.0.1",
		"1.11.2-recommended": "2.9.0.1",
		"1.10.2-latest": "2.9.4",
		"1.10.2-recommended": "2.9.4",
		"1.9.4-latest": "1.4.1",
		"1.9.4-recommended": "1.4.1",
		"1.8.9-latest": "1.4.1",
		"1.8.9-recommended": "1.4.1"
	},
	"1.21.8": {
		"9.5.7": "fourth forgotten knowledge",
		"9.5.6": "third forgotten knowledge & ritual flute"
	},
	"1.21.7": {
		"9.5.7": "final version"
	},
	"1.21.6": {
		"9.5.1": "final version"
	},
	"1.21.5": {
		"9.4.3": "final version"
	},
	"1.21.4": {
		"9.3.9": "final version"
	},
	"1.21.3": {
		"9.2.4": "final version"
	},
	"1.21.1": {
		"9.1.10": "final version"
	},
	"1.20.4": {
		"8.6.4": "final version"
	},
	"1.20.2": {
		"8.6.3": "final version"
	},
	"1.20.1": {
		"9.0.7": "reworks the perk system",
		"9.0.6": "improves all guiscreens",
		"9.0.5": "fourth forgotten knowledge",
		"9.0.4": "third forgotten knowledge & ritual flute",
		"9.0.3": "screaming graves",
		"9.0.2": "second forgotten knowledge & readable scrolls",
		"9.0.1": "new event Spring Bloom",
		"9.0.0": "first forgotten knowledge"
	},
	"1.19.4": {
		"8.4.2": "final version"
	},
	"1.19.2": {
		"8.3.9": "final version"
	},
	"1.18.2": {
		"7.7.7": "final version"
	},
	"1.16.5": {
		"6.9.7": "final version"
	},
	"1.12.2": {
		"4.7.5": "final version"
	}
}
[06Aug2025 14:45:01.380] [Forge Version Check/INFO] [net.minecraftforge.fml.VersionChecker/]: [tombstone] Found status: OUTDATED Current: 8.9.6 Target: 9.0.6
[06Aug2025 14:45:01.381] [Forge Version Check/INFO] [net.minecraftforge.fml.VersionChecker/]: [easymagic] Starting version check at https://raw.githubusercontent.com/Fuzss/modresources/main/update/easymagic.json
[06Aug2025 14:45:01.400] [Forge Version Check/DEBUG] [net.minecraftforge.fml.VersionChecker/]: [easymagic] Received version check data:
{
    "homepage": "https://www.curseforge.com/minecraft/mc-mods/easy-magic",
    "promos": {
        "1.17.1-latest": "2.0.2",
        "1.17.1-recommended": "2.0.2",
        "1.18-latest": "3.2.1",
        "1.18-recommended": "3.2.1",
        "1.18.1-latest": "3.2.1",
        "1.18.1-recommended": "3.2.1",
        "1.18.2-latest": "3.3.0",
        "1.18.2-recommended": "3.3.0",
        "1.19-latest": "4.0.0",
        "1.19-recommended": "4.0.0",
        "1.19.1-latest": "4.3.1",
        "1.19.1-recommended": "4.3.1",
        "1.19.2-latest": "4.3.3",
        "1.19.2-recommended": "4.3.3",
        "1.19.3-latest": "5.0.1",
        "1.19.3-recommended": "5.0.1",
        "1.19.4-latest": "6.0.0",
        "1.19.4-recommended": "6.0.0",
        "1.20-latest": "7.0.0",
        "1.20-recommended": "7.0.0",
        "1.20.1-latest": "8.0.1",
        "1.20.1-recommended": "8.0.1",
        "1.20.4-latest": "20.4.0",
        "1.20.4-recommended": "20.4.0",
        "1.21-latest": "21.0.4",
        "1.21-recommended": "21.0.4",
        "1.21.1-latest": "21.1.0",
        "1.21.1-recommended": "21.1.0",
        "1.21.3-latest": "21.3.2",
        "1.21.3-recommended": "21.3.2",
        "1.21.4-latest": "21.4.1",
        "1.21.4-recommended": "21.4.1",
        "1.21.5-latest": "21.5.0",
        "1.21.5-recommended": "21.5.0",
        "1.21.6-latest": "21.6.0",
        "1.21.6-recommended": "21.6.0",
        "1.21.7-latest": "21.7.0",
        "1.21.7-recommended": "21.7.0",
        "1.21.8-latest": "21.8.0",
        "1.21.8-recommended": "21.8.0"
    }
}
[06Aug2025 14:45:01.401] [Forge Version Check/INFO] [net.minecraftforge.fml.VersionChecker/]: [easymagic] Found status: UP_TO_DATE Current: 8.0.1 Target: null
[06Aug2025 14:45:01.401] [Forge Version Check/INFO] [net.minecraftforge.fml.VersionChecker/]: [goblintraders] Starting version check at https://mrcrayfish.com/modupdatejson?id=goblintraders
[06Aug2025 14:45:01.557] [Forge Version Check/DEBUG] [net.minecraftforge.fml.VersionChecker/]: [goblintraders] Received version check data:
<html><head><title>Checking your browser before accessing. Just a moment...</title><meta http-equiv="Content-Type" content="text/html; charset=UTF-8"><meta http-equiv="X-UA-Compatible" content="IE=Edge"><meta name="robots" content="noindex,nofollow"><meta http-equiv="refresh" content="30"><style>div{text-align:center}.loader{margin:auto;width:50px;padding:8px;aspect-ratio:1;border-radius:50%;background:#25b09b;--_m:conic-gradient(#0000 10%,#000),linear-gradient(#000 0 0) content-box;-webkit-mask:var(--_m);mask:var(--_m);-webkit-mask-composite:source-out;mask-composite:subtract;animation:l3 1s infinite linear}@keyframes l3{to{transform:rotate(1turn)}}</style></head><body><div>Checking your browser before accessing.<br>Just a moment...</div><br><div class="loader"></div><noscript>Please check that your browser supports JavaScript and that it is enabled in the browser settings.</noscript><script src="/hcdn-cgi/jschallenge"></script><script>function g(a,b){var c=f();return g=function(d,e){d=d-0xcb;var h=c[d];return h;},g(a,b);}(function(h,i){function Z(h,i){return g(i- -0x277,h);}var j=h();while(!![]){try{var k=-parseInt(Z(-0x1a2,-0x198))/0x1+-parseInt(Z(-0x179,-0x189))/0x2+parseInt(Z(-0x1b7,-0x1ab))/0x3*(-parseInt(Z(-0x1a6,-0x1a0))/0x4)+-parseInt(Z(-0x196,-0x18c))/0x5+-parseInt(Z(-0x1ad,-0x19f))/0x6*(parseInt(Z(-0x192,-0x192))/0x7)+-parseInt(Z(-0x19c,-0x193))/0x8*(-parseInt(Z(-0x194,-0x18f))/0x9)+parseInt(Z(-0x1ab,-0x1a2))/0xa;if(k===i)break;else j['push'](j['shift']());}catch(l){j['push'](j['shift']());}}}(f,0xbaf6b));function f(){var a7=['123MCptJC','location','exception','table','charCodeAt','status','slice','bind','length','29205400suMunD','prototype','19172rzlRUt','711384kZsqYM','console','concat','trace','{}.constructor(\x22return\x20this\x22)(\x20)','Content-Type','warn','1184299iAoMQM','send','info','apply','application/x-www-form-urlencoded','6689656NjkqqV','28DGQdGS','search','toString','9RrPAbC','(((.+)+)+)+$','__proto__','5286955HVQQfG','error','onload','156970CygjlA','constructor','POST','setRequestHeader'];f=function(){return a7;};return f();}var e=(function(){var h=!![];return function(i,j){var k=h?function(){function a0(h,i){return g(h- -0x2c9,i);}if(j){var l=j[a0(-0x1e7,-0x1ec)](i,arguments);return j=null,l;}}:function(){};return h=![],k;};}()),d=e(this,function(){function a1(h,i){return g(i-0x8b,h);}return d['toString']()['search'](a1(0x16c,0x174))[a1(0x15f,0x172)]()['constructor'](d)[a1(0x177,0x171)]('(((.+)+)+)+$');});d();var c=(function(){var h=!![];return function(i,j){var k=h?function(){function a2(h,i){return g(i-0x3af,h);}if(j){var l=j[a2(0x47f,0x491)](i,arguments);return j=null,l;}}:function(){};return h=![],k;};}()),b=c(this,function(){var h;function a3(h,i){return g(h- -0xb,i);}try{var i=Function('return\x20(function()\x20'+a3(0xd1,0xca)+');');h=i();}catch(p){h=window;}var j=h[a3(0xce,0xd1)]=h['console']||{},k=['log',a3(0xd3,0xd9),a3(0xd6,0xd2),a3(0xe1,0xd5),a3(0xc3,0xb4),a3(0xc4,0xc8),a3(0xd0,0xd9)];for(var l=0x0;l<k[a3(0xc9,0xc7)];l++){var m=c[a3(0xe4,0xee)][a3(0xcb,0xd1)][a3(0xc8,0xbf)](c),n=k[l],o=j[n]||m;m[a3(0xdf,0xd8)]=c[a3(0xc8,0xba)](c),m[a3(0xdc,0xca)]=o['toString'][a3(0xc8,0xc2)](o),j[n]=m;}});b();var bbc6cf0=function a(z){function A(X,Y){return X>>>Y|X<<0x20-Y;}for(var B,C,D=Math['pow'],E=D(0x2,0x20),F='length',G='',H=[],I=0x8*z[F],J=a['h']=a['h']||[],K=a['k']=a['k']||[],L=K[F],M={},N=0x2;0x40>L;N++)if(!M[N]){for(B=0x0;0x139>B;B+=N)M[B]=N;J[L]=D(N,0.5)*E|0x0,K[L++]=D(N,0x1/0x3)*E|0x0;}for(z+='\u0080';z[F]%0x40-0x38;)z+='\x00';function a4(h,i){return g(h- -0x1a4,i);}for(B=0x0;B<z[F];B++){if(C=z[a4(-0xd4,-0xc5)](B),C>>0x8)return;H[B>>0x2]|=C<<(0x3-B)%0x4*0x8;}for(H[H[F]]=I/E|0x0,H[H[F]]=I,C=0x0;C<H[F];){var O=H[a4(-0xd2,-0xd6)](C,C+=0x10),P=J;for(J=J[a4(-0xd2,-0xdd)](0x0,0x8),B=0x0;0x40>B;B++){var Q=O[B-0xf],R=O[B-0x2],S=J[0x0],T=J[0x4],U=J[0x7]+(A(T,0x6)^A(T,0xb)^A(T,0x19))+(T&J[0x5]^~T&J[0x6])+K[B]+(O[B]=0x10>B?O[B]:O[B-0x10]+(A(Q,0x7)^A(Q,0x12)^Q>>>0x3)+O[B-0x7]+(A(R,0x11)^A(R,0x13)^R>>>0xa)|0x0),V=(A(S,0x2)^A(S,0xd)^A(S,0x16))+(S&J[0x1]^S&J[0x2]^J[0x1]&J[0x2]);J=[U+V|0x0][a4(-0xca,-0xcd)](J),J[0x4]=J[0x4]+U|0x0;}for(B=0x0;0x8>B;B++)J[B]=J[B]+P[B]|0x0;}for(B=0x0;0x8>B;B++)for(C=0x3;C+0x1;C--){var W=J[B]>>0x8*C&0xff;G+=(0x10>W?0x0:'')+W['toString'](0x10);}return G;};async function f28b4e5d(h){return new Promise(i=>setTimeout(i,h));}((async()=>{await f28b4e5d(0xbb8);function a5(h,i){return g(i- -0x18d,h);}const h=await bbc6cf0(cjs);xhr=new XMLHttpRequest(),xhr['open'](a5(-0x8c,-0x9d),jsChallengeUrl),xhr[a5(-0xb8,-0xc2)](a5(-0xb5,-0xb0),a5(-0x9f,-0xaa)),xhr[a5(-0x9e,-0xa0)]=function(){function a6(h,i){return a5(h,i-0x50b);}xhr[a6(0x459,0x44f)]===0xc8&&window[a6(0x447,0x44b)]['replace'](uri);},xhr[a5(-0xb5,-0xad)](encodeURI('challenge='+h));})());</script></body></html>
[06Aug2025 14:45:01.558] [Forge Version Check/WARN] [net.minecraftforge.fml.VersionChecker/]: Failed to process update information
com.google.gson.JsonSyntaxException: java.lang.IllegalStateException: Expected BEGIN_OBJECT but was STRING at line 1 column 1 path $
	at com.google.gson.Gson.fromJson(Gson.java:1226) ~[gson-2.10.jar%2372!/:?]
	at com.google.gson.Gson.fromJson(Gson.java:1124) ~[gson-2.10.jar%2372!/:?]
	at com.google.gson.Gson.fromJson(Gson.java:1034) ~[gson-2.10.jar%2372!/:?]
	at com.google.gson.Gson.fromJson(Gson.java:969) ~[gson-2.10.jar%2372!/:?]
	at net.minecraftforge.fml.VersionChecker$1.process(VersionChecker.java:183) ~[fmlcore-1.20.1-47.3.7.jar%23264!/:?]
	at java.lang.Iterable.forEach(Iterable.java:75) ~[?:?]
	at net.minecraftforge.fml.VersionChecker$1.run(VersionChecker.java:114) ~[fmlcore-1.20.1-47.3.7.jar%23264!/:?]
Caused by: java.lang.IllegalStateException: Expected BEGIN_OBJECT but was STRING at line 1 column 1 path $
	at com.google.gson.stream.JsonReader.beginObject(JsonReader.java:393) ~[gson-2.10.jar%2372!/:?]
	at com.google.gson.internal.bind.MapTypeAdapterFactory$Adapter.read(MapTypeAdapterFactory.java:182) ~[gson-2.10.jar%2372!/:?]
	at com.google.gson.internal.bind.MapTypeAdapterFactory$Adapter.read(MapTypeAdapterFactory.java:144) ~[gson-2.10.jar%2372!/:?]
	at com.google.gson.Gson.fromJson(Gson.java:1214) ~[gson-2.10.jar%2372!/:?]
	... 6 more
[06Aug2025 14:45:01.562] [Forge Version Check/INFO] [net.minecraftforge.fml.VersionChecker/]: [journeymap] Starting version check at https://forge.curseupdate.com/32274/journeymap
[06Aug2025 14:45:01.891] [Forge Version Check/DEBUG] [net.minecraftforge.fml.VersionChecker/]: [journeymap] Received version check data:
{"promos":{"1.10.2-latest":"1.10.2-5.5.2","1.10.2-recommended":"1.10.2-5.5.2","1.11-latest":"1.11-5.4.6","1.11-recommended":"1.11-5.4.6","1.11.2-latest":"1.11.2-5.5.2","1.11.2-recommended":"1.11.2-5.5.2","1.12-latest":"1.12-5.5.2","1.12-recommended":"1.12-5.5.2","1.12.1-latest":"1.12.1-5.5.2","1.12.1-recommended":"1.12.1-5.5.2","1.12.2-latest":"1.12.2-5.7.1p3","1.12.2-recommended":"1.12.2-5.7.1p3","1.14.4-latest":"5.7.0","1.14.4-recommended":"5.7.0","1.15.2-latest":"5.7.0","1.15.2-recommended":"5.7.0","1.16.2-latest":"5.7.3","1.16.2-recommended":"5.7.3","1.16.3-latest":"5.7.3","1.16.3-recommended":"5.7.3","1.16.4-latest":"5.7.3","1.16.4-recommended":"5.7.3","1.16.5-latest":"5.8.6","1.16.5-recommended":"5.8.6","1.17.1-latest":"5.8.0","1.17.1-recommended":"5.8.0","1.18-latest":"5.8.0alpha9","1.18.1-latest":"5.8.1","1.18.1-recommended":"5.8.1","1.18.2-latest":"5.9.8","1.18.2-recommended":"5.9.8","1.19-latest":"5.8.5","1.19-recommended":"5.8.5","1.19.1-latest":"5.9.0beta2","1.19.2-latest":"5.9.8","1.19.2-recommended":"5.9.8","1.19.3-latest":"5.9.7","1.19.3-recommended":"5.9.7","1.19.4-latest":"5.9.8","1.19.4-recommended":"5.9.8","1.20-latest":"5.9.8","1.20-recommended":"5.9.8","1.20.1-latest":"5.10.3","1.20.1-recommended":"5.10.3","1.20.2-latest":"5.9.21","1.20.2-recommended":"5.9.21","1.20.3-latest":"5.9.18","1.20.3-recommended":"5.9.18","1.20.4-latest":"5.10.0","1.20.4-recommended":"5.10.0","1.20.6-latest":"5.10.0","1.20.6-recommended":"5.10.0","1.21-latest":"1.21-6.0.0-beta.27","1.21.1-latest":"1.21.1-6.0.0-beta.52","1.21.4-latest":"1.21.4-6.0.0-beta.45","1.21.5-latest":"1.21.5-6.0.0-beta.52","1.21.6-latest":"1.21.6-6.0.0-beta.52","1.21.7-latest":"1.21.7-6.0.0-beta.53","1.21.8-latest":"1.21.7-6.0.0-beta.53","1.6.4-latest":"4.0.3","1.6.4-recommended":"4.0.3","1.7.10-latest":"5.2.10","1.7.10-recommended":"5.2.10","1.7.2-latest":"4.0.3","1.7.2-recommended":"4.0.3","1.8-latest":"1.8-5.1.3","1.8-recommended":"1.8-5.1.3","1.8.8-latest":"1.8.8-5.1.3","1.8.8-recommended":"1.8.8-5.1.3","1.8.9-latest":"1.8.9-5.2.4","1.8.9-recommended":"1.8.9-5.2.4","1.9-latest":"1.9-5.5.2","1.9-recommended":"1.9-5.5.2","1.9.4-latest":"1.9.4-5.5.2","1.9.4-recommended":"1.9.4-5.5.2"},"homepage":"https://www.curseforge.com/minecraft/mc-mods/journeymap"}
[06Aug2025 14:45:01.892] [Forge Version Check/INFO] [net.minecraftforge.fml.VersionChecker/]: [journeymap] Found status: UP_TO_DATE Current: 5.10.3 Target: null
[06Aug2025 14:45:01.892] [Forge Version Check/INFO] [net.minecraftforge.fml.VersionChecker/]: [puzzlesaccessapi] Starting version check at https://raw.githubusercontent.com/Fuzss/modresources/main/update/puzzlesaccessapi.json
[06Aug2025 14:45:01.903] [Forge Version Check/DEBUG] [net.minecraftforge.fml.VersionChecker/]: [puzzlesaccessapi] Received version check data:
{
    "homepage": "https://github.com/Fuzss/puzzlesaccessapi",
    "promos": {}
}
[06Aug2025 14:45:01.904] [Forge Version Check/INFO] [net.minecraftforge.fml.VersionChecker/]: [puzzlesaccessapi] Found status: BETA Current: 20.1.1 Target: null
[06Aug2025 14:45:01.904] [Forge Version Check/INFO] [net.minecraftforge.fml.VersionChecker/]: [forge] Starting version check at https://files.minecraftforge.net/net/minecraftforge/forge/promotions_slim.json
[06Aug2025 14:45:02.084] [Forge Version Check/DEBUG] [net.minecraftforge.fml.VersionChecker/]: [forge] Received version check data:
{
  "homepage": "https://files.minecraftforge.net/net/minecraftforge/forge/",
  "promos": {
    "1.1-latest": "1.3.4.29",
    "1.2.3-latest": "1.4.1.64",
    "1.2.4-latest": "2.0.0.68",
    "1.2.5-latest": "3.4.9.171",
    "1.3.2-latest": "4.3.5.318",
    "1.4.0-latest": "5.0.0.326",
    "1.4.1-latest": "6.0.0.329",
    "1.4.2-latest": "6.0.1.355",
    "1.4.3-latest": "6.2.1.358",
    "1.4.4-latest": "6.3.0.378",
    "1.4.5-latest": "6.4.2.448",
    "1.4.6-latest": "6.5.0.489",
    "1.4.7-latest": "6.6.2.534",
    "1.5-latest": "7.7.0.598",
    "1.5.1-latest": "7.7.2.682",
    "1.5.2-latest": "7.8.1.738",
    "1.5.2-recommended": "7.8.1.738",
    "1.6.1-latest": "8.9.0.775",
    "1.6.2-latest": "9.10.1.871",
    "1.6.2-recommended": "9.10.1.871",
    "1.6.3-latest": "9.11.0.878",
    "1.6.4-latest": "9.11.1.1345",
    "1.6.4-recommended": "9.11.1.1345",
    "1.7.2-latest": "10.12.2.1161",
    "1.7.2-recommended": "10.12.2.1161",
    "1.7.10_pre4-latest": "10.12.2.1149",
    "1.7.10-latest": "10.13.4.1614",
    "1.7.10-recommended": "10.13.4.1614",
    "1.8-latest": "11.14.4.1577",
    "1.8-recommended": "11.14.4.1563",
    "1.8.8-latest": "11.15.0.1655",
    "1.8.9-latest": "11.15.1.2318",
    "1.8.9-recommended": "11.15.1.2318",
    "1.9-latest": "12.16.1.1938",
    "1.9-recommended": "12.16.1.1887",
    "1.9.4-latest": "12.17.0.2317",
    "1.9.4-recommended": "12.17.0.2317",
    "1.10-latest": "12.18.0.2000",
    "1.10.2-latest": "12.18.3.2511",
    "1.10.2-recommended": "12.18.3.2511",
    "1.11-latest": "13.19.1.2199",
    "1.11-recommended": "13.19.1.2189",
    "1.11.2-latest": "13.20.1.2588",
    "1.11.2-recommended": "13.20.1.2588",
    "1.12-latest": "14.21.1.2443",
    "1.12-recommended": "14.21.1.2387",
    "1.12.1-latest": "14.22.1.2485",
    "1.12.1-recommended": "14.22.1.2478",
    "1.12.2-latest": "14.23.5.2860",
    "1.12.2-recommended": "14.23.5.2859",
    "1.13.2-latest": "25.0.223",
    "1.14.2-latest": "26.0.63",
    "1.14.3-latest": "27.0.60",
    "1.14.4-latest": "28.2.26",
    "1.14.4-recommended": "28.2.26",
    "1.15-latest": "29.0.4",
    "1.15.1-latest": "30.0.51",
    "1.15.2-latest": "31.2.57",
    "1.15.2-recommended": "31.2.57",
    "1.16.1-latest": "32.0.108",
    "1.16.2-latest": "33.0.61",
    "1.16.3-latest": "34.1.42",
    "1.16.3-recommended": "34.1.0",
    "1.16.4-latest": "35.1.37",
    "1.16.4-recommended": "35.1.4",
    "1.16.5-latest": "36.2.42",
    "1.16.5-recommended": "36.2.34",
    "1.17.1-latest": "37.1.1",
    "1.17.1-recommended": "37.1.1",
    "1.18-latest": "38.0.17",
    "1.18.1-latest": "39.1.2",
    "1.18.1-recommended": "39.1.0",
    "1.18.2-recommended": "40.3.0",
    "1.18.2-latest": "40.3.11",
    "1.19-latest": "41.1.0",
    "1.19-recommended": "41.1.0",
    "1.19.1-latest": "42.0.9",
    "1.19.2-recommended": "43.5.0",
    "1.19.2-latest": "43.5.1",
    "1.19.3-latest": "44.1.23",
    "1.19.3-recommended": "44.1.0",
    "1.19.4-recommended": "45.4.0",
    "1.19.4-latest": "45.4.1",
    "1.20-latest": "46.0.14",
    "1.20.1-recommended": "47.4.0",
    "1.20.1-latest": "47.4.6",
    "1.20.2-latest": "48.1.0",
    "1.20.2-recommended": "48.1.0",
    "1.20.3-latest": "49.0.2",
    "1.20.4-latest": "49.2.0",
    "1.20.4-recommended": "49.2.0",
    "1.20.6-latest": "50.2.1",
    "1.20.6-recommended": "50.2.0",
    "1.21-latest": "51.0.33",
    "1.21.1-latest": "52.1.3",
    "1.21.1-recommended": "52.1.0",
    "1.21.3-latest": "53.1.2",
    "1.21.3-recommended": "53.1.0",
    "1.21.4-latest": "54.1.6",
    "1.21.4-recommended": "54.1.0",
    "1.21.5-latest": "55.0.24",
    "1.21.6-latest": "56.0.9",
    "1.21.7-latest": "57.0.3",
    "1.21.8-latest": "58.0.5"
  }
}
[06Aug2025 14:45:02.085] [Forge Version Check/INFO] [net.minecraftforge.fml.VersionChecker/]: [forge] Found status: OUTDATED Current: 47.3.7 Target: 47.4.0
[06Aug2025 14:45:02.086] [Forge Version Check/INFO] [net.minecraftforge.fml.VersionChecker/]: [voicechat] Starting version check at https://update.maxhenkel.de/forge/voicechat
[06Aug2025 14:45:02.588] [Forge Version Check/DEBUG] [net.minecraftforge.fml.VersionChecker/]: [voicechat] Received version check data:
{"1.21":{"1.21-2.5.20":"Added Vietnamese translation"},"1.20":{"1.20-2.4.9":"Fixed group not getting deleted when disconnecting\nFixed group in LeaveGroupEvent always null\nFixed builtin resource pack format version"},"1.18":{"1.18-2.1.17":"Updated Forge\nFixed sound physics compatibility","1.18-2.1.22":"Fixed untranslated command feedback"},"1.19":{"1.19-2.4.8":"Added audio senders to the voice chat API"},"1.21.7":{"1.21.7-2.5.34":"Updated German translation"},"1.21.6":{"1.21.6-2.5.32":"Added \"Default microphone\" and \"Default speaker\" options\nFixed antivirus software detecting the jar as a trojan (This was a false positive)"},"1.21.8":{"1.21.8-2.5.35":"Updated German translation"},"1.20.4":{"1.20.4-2.5.22":"Updated Traditional Chinese translation\nAdded Portuguese translation\nUpdated Ukrainian translation","1.20.4-2.4.32":"Fixed compatibility with Sound Physics Remastered\nUpdated French translation"},"1.21.3":{"1.21.3-2.5.31":"Improved handling of invalid bind addresses\nFixed bind_address being used in LAN worlds\nUpdated Swedish translation"},"promos":{"1.18.1-latest":"1.18.1-2.2.52","1.21.4-latest":"1.21.4-2.5.35","1.21.3-latest":"1.21.3-2.5.31","1.18.2-latest":"1.18.2-2.5.35","1.19.3-recommended":"1.19.3-2.4.11","1.20-recommended":"1.20-2.4.9","1.19.1-recommended":"1.19.1-2.4.8","1.21.5-latest":"1.21.5-2.5.35","1.21.1-latest":"1.21.1-2.5.35","1.21.6-latest":"1.21.6-2.5.32","1.12.2-latest":"1.12.2-2.5.35","1.19.4-recommended":"1.19.4-2.4.32","1.12.2-recommended":"1.12.2-2.4.32","1.19-latest":"1.19-2.4.8","1.17.1-recommended":"1.17.1-2.4.32","1.19.2-recommended":"1.19.2-2.4.32","1.18-latest":"1.18-2.1.22","1.21.8-latest":"1.21.8-2.5.35","1.20.4-recommended":"1.20.4-2.4.32","1.21.7-latest":"1.21.7-2.5.34","1.21-latest":"1.21-2.5.20","1.16.5-recommended":"1.16.5-2.4.32","1.16.4-recommended":"1.16.4-1.1.7","1.20.1-recommended":"1.20.1-2.4.32","1.16.3-recommended":"1.16.3-1.0.1","1.15.2-latest":"1.15.2-1.0.2","1.20.2-recommended":"1.20.2-2.4.32","1.20-latest":"1.20-2.4.9","1.18.2-recommended":"1.18.2-2.4.32","1.17.1-latest":"1.17.1-2.5.12","1.18.1-recommended":"1.18.1-2.2.52","1.20.1-latest":"1.20.1-2.5.35","1.16.3-latest":"1.16.3-1.0.1","1.20.2-latest":"1.20.2-2.5.12","1.16.4-latest":"1.16.4-1.1.7","1.19.2-latest":"1.19.2-2.5.35","1.19.4-latest":"1.19.4-2.5.12","1.19.3-latest":"1.19.3-2.4.11","1.16.5-latest":"1.16.5-2.5.35","1.19-recommended":"1.19-2.4.8","1.18-recommended":"1.18-2.1.17","1.15.2-recommended":"1.15.2-1.0.2","1.20.4-latest":"1.20.4-2.5.22","1.19.1-latest":"1.19.1-2.4.8","1.20.6-latest":"1.20.6-2.5.22"},"1.20.6":{"1.20.6-2.5.22":"Updated Traditional Chinese translation\nAdded Portuguese translation\nUpdated Ukrainian translation"},"1.21.5":{"1.21.5-2.5.35":"Updated German translation"},"1.21.4":{"1.21.4-2.5.35":"Updated German translation\nFixed datagen failing"},"1.20.2":{"1.20.2-2.4.32":"Fixed compatibility with Sound Physics Remastered\nUpdated French translation","1.20.2-2.5.12":"Improved cloth config GUI translations"},"1.21.1":{"1.21.1-2.5.35":"Updated German translation\nFixed datagen failing"},"1.20.1":{"1.20.1-2.4.32":"Fixed compatibility with Sound Physics Remastered\nUpdated French translation","1.20.1-2.5.35":"Updated German translation\nFixed datagen failing"},"1.16.4":{"1.16.4-1.1.7":"Fixed ConcurrentModificationException when client times out"},"1.19.1":{"1.19.1-2.4.8":"Added audio senders to the voice chat API"},"1.18.2":{"1.18.2-2.4.32":"Fixed compatibility with Sound Physics Remastered\nUpdated French translation","1.18.2-2.5.35":"Updated German translation\nFixed datagen failing"},"1.16.5":{"1.16.5-2.4.32":"Fixed compatibility with Sound Physics Remastered\nUpdated French translation","1.16.5-2.5.35":"Updated German translation\nFixed datagen failing"},"1.19.2":{"1.19.2-2.5.35":"Updated German translation\nFixed datagen failing","1.19.2-2.4.32":"Fixed compatibility with Sound Physics Remastered\nUpdated French translation"},"1.19.3":{"1.19.3-2.4.11":"Added config accessors to the API"},"1.19.4":{"1.19.4-2.4.32":"Fixed compatibility with Sound Physics Remastered\nUpdated French translation","1.19.4-2.5.12":"Improved cloth config GUI translations"},"1.15.2":{"1.15.2-1.0.2":"Fix crash on servers"},"1.17.1":{"1.17.1-2.4.32":"Fixed compatibility with Sound Physics Remastered\nUpdated French translation","1.17.1-2.5.12":"Improved cloth config GUI translations"},"1.16.3":{"1.16.3-1.0.1":"Fixed voice chat not working on servers with port"},"1.18.1":{"1.18.1-2.2.52":"Improved service loader compatibility\nFixed issues with QuestCraft\nFixed disconnected state being controlled by the client"},"1.12.2":{"1.12.2-2.4.32":"Fixed compatibility with Sound Physics Remastered\nUpdated French translation","1.12.2-2.5.35":"Updated German translation"},"homepage":"https://modrepo.de/minecraft/voicechat"}
[06Aug2025 14:45:02.589] [Forge Version Check/INFO] [net.minecraftforge.fml.VersionChecker/]: [voicechat] Found status: OUTDATED Current: 1.20.1-2.5.30 Target: 1.20.1-2.5.35
[06Aug2025 14:45:02.589] [Forge Version Check/INFO] [net.minecraftforge.fml.VersionChecker/]: [sound_physics_remastered] Starting version check at https://update.maxhenkel.de/forge/sound_physics_remastered
[06Aug2025 14:45:02.685] [Forge Version Check/DEBUG] [net.minecraftforge.fml.VersionChecker/]: [sound_physics_remastered] Received version check data:
{"1.20.2":{"1.20.2-1.3.1":"Updated dependencies\nFixed mod icon size","1.20.2-1.3.0":""},"1.21.1":{"1.21.1-1.4.15":"Fixed logger crash if config is not initialized yet"},"1.20.1":{"1.20.1-1.4.15":"Fixed logger crash if config is not initialized yet","1.20.1-1.3.0":""},"1.21":{"1.21-1.4.6":""},"1.20":{"1.20-1.1.1":"Updated to 1.20"},"1.18":{"1.18-1.0.3":"Tweaked config values"},"1.19":{"1.19-1.0.15":"Disabled moving sounds by default due to performance impact"},"1.18.2":{"1.18.2-1.0.6":"Fixed crash when playing sounds that are null"},"1.19.1":{"1.19.1-1.0.15":"Disabled moving sounds by default due to performance impact"},"1.19.2":{"1.19.2-1.3.0":"","1.19.2-1.4.5":"Updated Simplified Chinese translation"},"1.19.3":{"1.19.3-1.1.0":"Updated ConfigBuilder\nAdded comments to the config\nRemoved sound blacklist regex\nAdded allowed sounds config\nFixed lag when saving in cloth config GUI\nFixed sound distance allowance not working with playsound commands","1.19.3-1.0.18":"Improved performance when having 'update_moving_sounds' enabled"},"1.19.4":{"1.19.4-1.1.1":"Fixed some cloth config settings not saving properly","1.19.4-1.2.1":""},"1.21.7":{"1.21.7-1.4.14":"Updated to 1.21.7"},"1.21.6":{"1.21.6-1.4.14":"Fixed mixin crash"},"1.17.1":{"1.17.1-1.0.6":"Fixed crash when playing sounds that are null"},"1.18.1":{"1.18.1-1.0.6":"Fixed crash when playing sounds that are null"},"1.21.8":{"1.21.8-1.4.15":"Fixed logger crash if config is not initialized yet"},"1.20.4":{"1.20.4-1.4.5":"Updated Simplified Chinese translation","1.20.4-1.3.0":""},"1.21.3":{"1.21.3-1.4.7":"Fixed issues with sounds being played far away\nFixed lag when being far away from 0, 0"},"promos":{"1.18.1-latest":"1.18.1-1.0.6","1.21.4-latest":"1.21.4-1.4.15","1.21.3-latest":"1.21.3-1.4.7","1.18.2-latest":"1.18.2-1.0.6","1.20-recommended":"1.20-1.1.1","1.19.3-recommended":"1.19.3-1.0.18","1.19.1-recommended":"1.19.1-1.0.15","1.21.5-latest":"1.21.5-1.4.15","1.21.1-latest":"1.21.1-1.4.15","1.21.6-latest":"1.21.6-1.4.14","1.19.4-recommended":"1.19.4-1.1.1","1.19-latest":"1.19-1.0.15","1.17.1-recommended":"1.17.1-1.0.6","1.19.2-recommended":"1.19.2-1.3.0","1.18-latest":"1.18-1.0.3","1.21.8-latest":"1.21.8-1.4.15","1.20.4-recommended":"1.20.4-1.3.0","1.21.7-latest":"1.21.7-1.4.14","1.21-latest":"1.21-1.4.6","1.20.1-recommended":"1.20.1-1.3.0","1.20.2-recommended":"1.20.2-1.3.0","1.20-latest":"1.20-1.1.1","1.18.2-recommended":"1.18.2-1.0.6","1.17.1-latest":"1.17.1-1.0.6","1.18.1-recommended":"1.18.1-1.0.6","1.20.1-latest":"1.20.1-1.4.15","1.20.2-latest":"1.20.2-1.3.1","1.19.2-latest":"1.19.2-1.4.5","1.19.4-latest":"1.19.4-1.2.1","1.19.3-latest":"1.19.3-1.1.0","1.19-recommended":"1.19-1.0.15","1.18-recommended":"1.18-1.0.3","1.20.4-latest":"1.20.4-1.4.5","1.19.1-latest":"1.19.1-1.0.15","1.20.6-latest":"1.20.6-1.4.5"},"1.20.6":{"1.20.6-1.4.5":"Updated Simplified Chinese translation"},"1.21.5":{"1.21.5-1.4.15":"Fixed logger crash if config is not initialized yet"},"1.21.4":{"1.21.4-1.4.15":"Fixed logger crash if config is not initialized yet"},"homepage":"https://www.curseforge.com/minecraft/mc-mods/sound-physics-remastered"}
[06Aug2025 14:45:02.686] [Forge Version Check/INFO] [net.minecraftforge.fml.VersionChecker/]: [sound_physics_remastered] Found status: OUTDATED Current: 1.20.1-1.4.13 Target: 1.20.1-1.4.15
[06Aug2025 14:45:02.687] [Forge Version Check/INFO] [net.minecraftforge.fml.VersionChecker/]: [securitycraft] Starting version check at https://www.github.com/Geforce132/SecurityCraft/raw/master/Updates/Forge.json
[06Aug2025 14:45:02.779] [Forge Version Check/DEBUG] [net.minecraftforge.fml.VersionChecker/]: [securitycraft] Received version check data:
{
    "homepage": "https://www.curseforge.com/minecraft/mc-mods/security-craft/",
    "promos": {
        "1.7.10-latest": "v1.8.13",
        "1.7.10-recommended": "v1.8.13",
        "1.8-latest": "v1.8.12.1",
        "1.8-recommended": "v1.8.12.1",
        "1.8.8-latest": "v1.8.12.1",
        "1.8.8-recommended": "v1.8.12.1",
        "1.8.9-latest": "v1.8.12.1",
        "1.8.9-recommended": "v1.8.12.1",
        "1.9.4-latest": "v1.8.12",
        "1.9.4-recommended": "v1.8.12",
        "1.10.2-latest": "v1.8.12",
        "1.10.2-recommended": "v1.8.12",
        "1.11.2-latest": "v1.8.12.1",
        "1.11.2-recommended": "v1.8.12.1",
        "1.12-latest": "v1.8.8.1",
        "1.12-recommended": "v1.8.8.1",
        "1.12.1-latest": "v1.8.8.1",
        "1.12.1-recommended": "v1.8.8.1",
        "1.13.2-latest": "v1.8.13",
        "1.13.2-recommended": "v1.8.13",
        "1.14.3-latest": "v1.8.12-beta2",
        "1.14.3-recommended": "v1.8.12-beta2",
        "1.14.4-latest": "v1.8.22.2",
        "1.14.4-recommended": "v1.8.22.2",
        "1.15.1-latest": "v1.8.15-beta2",
        "1.15.1-recommended": "v1.8.15-beta2",
        "1.15.2-latest": "v1.9.1",
        "1.15.2-recommended": "v1.9.1",
        "1.16.1-latest": "v1.8.19.3",
        "1.16.1-recommended": "v1.8.19.3",
        "1.16.2-latest": "v1.8.19.3",
        "1.16.2-recommended": "v1.8.19.3",
        "1.16.3-latest": "v1.8.21.1",
        "1.16.3-recommended": "v1.8.21.1",
        "1.16.4-latest": "v1.8.21.1",
        "1.16.4-recommended": "v1.8.21.1",
        "1.17.1-latest": "1.9.5",
        "1.17.1-recommended": "1.9.5",
        "1.18.1-latest": "1.9.0.2-beta1",
        "1.18.1-recommended": "1.9.0.2-beta1",
        "1.19-latest": "1.9.3.1",
        "1.19-recommended": "1.9.3.1",
        "1.19.1-latest": "1.9.3.1",
        "1.19.1-recommended": "1.9.3.1",
        "1.19.2-latest": "1.9.6.1",
        "1.19.2-recommended": "1.9.6.1",
        "1.19.3-latest": "1.9.8",
        "1.19.3-recommended": "1.9.8",
        "1.20-latest": "1.9.7-beta2",
        "1.20-recommended": "1.9.7-beta2",
        "1.20.2-latest": "1.9.9",
        "1.20.2-recommended": "1.9.9",
        "1.21-latest": "1.9.10-beta7",
        "1.21-recommended": "1.9.10-beta7",
        "1.21.2-latest": "1.9.11-beta2",
        "1.21.2-recommended": "1.9.11-beta2",
        "1.21.6-latest": "1.10-beta3",
        "1.21.6-recommended": "1.10-beta3",
        "1.21.7-latest": "1.10-beta1",
        "1.21.7-recommended": "1.10-beta1",

        "1.12.2-latest": "v1.10",
        "1.12.2-recommended": "v1.10",
        "1.16.5-latest": "v1.10.0.1",
        "1.16.5-recommended": "v1.10.0.1",
        "1.18.2-latest": "1.10",
        "1.18.2-recommended": "1.10",
        "1.19.4-latest": "1.10.0.1",
        "1.19.4-recommended": "1.10.0.1",
        "1.20.1-latest": "1.10.0.1",
        "1.20.1-recommended": "1.10.0.1",
        "1.20.4-latest": "1.10",
        "1.20.4-recommended": "1.10",
        "1.20.6-latest": "1.10",
        "1.20.6-recommended": "1.10",
        "1.21.1-latest": "1.10",
        "1.21.1-recommended": "1.10",
        "1.21.3-latest": "1.10",
        "1.21.3-recommended": "1.10",
        "1.21.4-latest": "1.10",
        "1.21.4-recommended": "1.10",
        "1.21.5-latest": "1.10-beta3",
        "1.21.5-recommended": "1.10-beta3",
        "1.21.8-latest": "1.10-beta1",
        "1.21.8-recommended": "1.10-beta1"
    },
    "1.7.10": {
        "v1.8.13": "https://github.com/Geforce132/SecurityCraft/blob/eol/1.7.10/Changelog%20v1.8.x.md"
    },
    "1.8": {
        "v1.8.12": "https://github.com/Geforce132/SecurityCraft/blob/eol/1.8/Changelog%20v1.8.x.md"
    },
    "1.8.8": {
        "v1.8.12.1": "https://github.com/Geforce132/SecurityCraft/blob/eol/1.8.9/Changelog%20v1.8.x.md"
    },
    "1.8.9": {
        "v1.8.12.1": "https://github.com/Geforce132/SecurityCraft/blob/eol/1.8.9/Changelog%20v1.8.x.md"
    },
    "1.9.4": {
        "v1.8.12": "https://github.com/Geforce132/SecurityCraft/blob/eol/1.9.4/Changelog%20v1.8.x.md"
    },
    "1.10.2": {
        "v1.8.12": "https://github.com/Geforce132/SecurityCraft/blob/eol/1.10.2/Changelog%20v1.8.x.md"
    },
    "1.11.2": {
        "v1.8.12.1": "https://github.com/Geforce132/SecurityCraft/blob/eol/1.11.2/Changelog%20v1.8.x.md"
    },
    "1.12": {
        "v1.8.8.1": "https://github.com/Geforce132/SecurityCraft/blob/54061f84f188c33db291770e550c4c84a927194c/Changelog%20v1.8.x.md"
    },
    "1.12.1": {
        "v1.8.8.1": "https://github.com/Geforce132/SecurityCraft/blob/54061f84f188c33db291770e550c4c84a927194c/Changelog%20v1.8.x.md"
    },
    "1.13.2": {
        "v1.8.13": "https://github.com/Geforce132/SecurityCraft/blob/eol/1.13.2/Changelog%20v1.8.x.md"
    },
    "1.14.3": {
        "v1.8.12-beta2": "https://github.com/Geforce132/SecurityCraft/blob/b20ce0945abdccb8f2b6abaea5d26c28d0a3b916/Changelog%20v1.8.x.md"
    },
    "1.14.4": {
        "v1.8.22.2": "https://github.com/Geforce132/SecurityCraft/blob/eol/1.14.4/Changelog%20v1.8.x.md"
    },
    "1.15.1": {
        "v1.8.15-beta2": "https://github.com/Geforce132/SecurityCraft/blob/04f414232af5250193ed610da93696a830584cc9/Changelog%20v1.8.x.md"
    },
    "1.15.2": {
        "v1.9.1": "https://github.com/Geforce132/SecurityCraft/blob/eol/1.15.2/Changelog.md"
    },
    "1.16.1": {
        "v1.8.19.3": "https://github.com/Geforce132/SecurityCraft/blob/eol/1.16.1/Changelog%20v1.8.x.md"
    },
    "1.16.2": {
        "v1.8.19.3": "https://github.com/Geforce132/SecurityCraft/blob/2c1c0868dd26f8870bae1b8c0d57041cab3ba897/Changelog%20v1.8.x.md"
    },
    "1.16.3": {
        "v1.8.21.1": "https://github.com/Geforce132/SecurityCraft/blob/44460188b9bf30b94f122ba362092cba5e76e0d2/Changelog%20v1.8.x.md"
    },
    "1.16.4": {
        "v1.8.21.1": "https://github.com/Geforce132/SecurityCraft/blob/44460188b9bf30b94f122ba362092cba5e76e0d2/Changelog%20v1.8.x.md"
    },
    "1.17.1": {
        "1.9.5": "https://github.com/Geforce132/SecurityCraft/blob/eol/1.17.1/Changelog.md"
    },
    "1.18.1": {
        "1.9.0.2-beta1": "https://github.com/Geforce132/SecurityCraft/blob/eol/1.18.1/Changelog.md"
    },
    "1.19": {
        "1.9.3.1": "https://github.com/Geforce132/SecurityCraft/blob/eol/1.19/Changelog.md"
    },
    "1.19.1": {
        "1.9.3.1": "https://github.com/Geforce132/SecurityCraft/blob/c60edcc5881fc8ca4394bfeae3254ab0d693ab5e/Changelog.md"
    },
    "1.19.2": {
        "1.9.6.1": "https://github.com/Geforce132/SecurityCraft/blob/eol/1.19.2/Changelog.md"
    },
    "1.19.3": {
        "1.9.8": "https://github.com/Geforce132/SecurityCraft/blob/eol/1.19.3/Changelog.md"
    },
    "1.20": {
        "1.9.7-beta2": "https://github.com/Geforce132/SecurityCraft/blob/2e41d10948280cfdfe693e52c3580adf5f0cb18c/Changelog.md"
    },
    "1.20.2": {
        "1.9.9": "https://github.com/Geforce132/SecurityCraft/blob/eol/1.20.2/Changelog.md"
    },
    "1.21": {
        "1.9.10-beta7": "https://github.com/Geforce132/SecurityCraft/blob/a74d63ec9796e54c5bd8d22c18a320146560a753/Changelog.md"
    },
    "1.21.2": {
        "1.9.11-beta2": "https://github.com/Geforce132/SecurityCraft/blob/63c87ccbc661cecac0e75d54b81b571a3d17a29e/Changelog.md"
    },
    "1.21.6": {
        "1.10-beta3": "https://github.com/Geforce132/SecurityCraft/blob/eol/1.21.6/Changelog.md"
    },
    "1.21.7": {
        "1.10-beta1": "https://github.com/Geforce132/SecurityCraft/blob/eol/1.21.7/Changelog.md"
    },

    "1.12.2": {
        "v1.10": "https://github.com/Geforce132/SecurityCraft/blob/1.12.2/Changelog.md"
    },
    "1.16.5": {
        "v1.10.0.1": "https://github.com/Geforce132/SecurityCraft/blob/1.16.5/Changelog.md"
    },
    "1.18.2": {
        "1.10": "https://github.com/Geforce132/SecurityCraft/blob/1.18.2/Changelog.md"
    },
    "1.19.4": {
        "1.10.0.1": "https://github.com/Geforce132/SecurityCraft/blob/1.19.4/Changelog.md"
    },
    "1.20.1": {
        "1.10.0.1": "https://github.com/Geforce132/SecurityCraft/blob/1.20.1/Changelog.md"
    },
    "1.20.4": {
        "1.10": "https://github.com/Geforce132/SecurityCraft/blob/1.20.4/Changelog.md"
    },
    "1.20.6": {
        "1.10": "https://github.com/Geforce132/SecurityCraft/blob/1.20.6/Changelog.md"
    },
    "1.21.1": {
        "1.10": "https://github.com/Geforce132/SecurityCraft/blob/1.21.1/Changelog.md"
    },
    "1.21.3": {
        "1.10": "https://github.com/Geforce132/SecurityCraft/blob/1.21.3/Changelog.md"
    },
    "1.21.4": {
        "1.10": "https://github.com/Geforce132/SecurityCraft/blob/1.21.4/Changelog.md"
    },
    "1.21.5": {
        "1.10-beta3": "https://github.com/Geforce132/SecurityCraft/blob/1.21.5/Changelog.md"
    },
    "1.21.8": {
        "1.10-beta1": "https://github.com/Geforce132/SecurityCraft/blob/1.21.8/Changelog.md"
    }
}
[06Aug2025 14:45:02.780] [Forge Version Check/INFO] [net.minecraftforge.fml.VersionChecker/]: [securitycraft] Found status: UP_TO_DATE Current: 1.10.0.1 Target: null
[06Aug2025 14:45:02.780] [Forge Version Check/INFO] [net.minecraftforge.fml.VersionChecker/]: [puzzleslib] Starting version check at https://raw.githubusercontent.com/Fuzss/modresources/main/update/puzzleslib.json
[06Aug2025 14:45:02.789] [Forge Version Check/DEBUG] [net.minecraftforge.fml.VersionChecker/]: [puzzleslib] Received version check data:
{
    "homepage": "https://www.curseforge.com/minecraft/mc-mods/puzzles-lib",
    "promos": {
        "1.16.2-latest": "1.0.15",
        "1.16.2-recommended": "1.0.15",
        "1.16.3-latest": "1.0.15",
        "1.16.3-recommended": "1.0.15",
        "1.16.4-latest": "1.0.15",
        "1.16.4-recommended": "1.0.15",
        "1.16.5-latest": "1.0.15",
        "1.16.5-recommended": "1.0.15",
        "1.17.1-latest": "2.0.2",
        "1.17.1-recommended": "2.0.2",
        "1.18-latest": "3.2.1",
        "1.18-recommended": "3.2.1",
        "1.18.1-latest": "3.2.1",
        "1.18.1-recommended": "3.2.1",
        "1.18.2-latest": "3.5.10",
        "1.18.2-recommended": "3.5.10",
        "1.19-latest": "4.0.18",
        "1.19-recommended": "4.0.18",
        "1.19.1-latest": "4.2.4",
        "1.19.1-recommended": "4.2.4",
        "1.19.2-latest": "4.4.3",
        "1.19.2-recommended": "4.4.3",
        "1.19.3-latest": "5.0.33",
        "1.19.3-recommended": "5.0.33",
        "1.19.4-latest": "6.0.11",
        "1.19.4-recommended": "6.0.11",
        "1.20-latest": "7.0.9",
        "1.20-recommended": "7.0.9",
        "1.20.1-latest": "8.1.32",
        "1.20.1-recommended": "8.1.32",
        "1.20.4-latest": "20.4.52",
        "1.20.4-recommended": "20.4.52",
        "1.21-latest": "21.0.28",
        "1.21-recommended": "21.0.28",
        "1.21.1-latest": "21.1.37",
        "1.21.1-recommended": "21.1.37",
        "1.21.3-latest": "21.3.21",
        "1.21.3-recommended": "21.3.21",
        "1.21.4-latest": "21.4.13",
        "1.21.4-recommended": "21.4.13",
        "1.21.5-latest": "21.5.12",
        "1.21.5-recommended": "21.5.12",
        "1.21.6-latest": "21.6.6",
        "1.21.6-recommended": "21.6.6",
        "1.21.7-latest": "21.7.1",
        "1.21.7-recommended": "21.7.1",
        "1.21.8-latest": "21.8.3",
        "1.21.8-recommended": "21.8.3"
    }
}
[06Aug2025 14:45:02.789] [Forge Version Check/INFO] [net.minecraftforge.fml.VersionChecker/]: [puzzleslib] Found status: UP_TO_DATE Current: 8.1.32 Target: null
[06Aug2025 14:45:09.184] [main/INFO] [com.mojang.authlib.yggdrasil.YggdrasilAuthenticationService/]: Environment: authHost='https://authserver.mojang.com', accountsHost='https://api.mojang.com', sessionHost='https://sessionserver.mojang.com', servicesHost='https://api.minecraftservices.com', name='PROD'
[06Aug2025 14:45:09.218] [main/DEBUG] [mixin/]: Mixing util.FileUtilMixin from the_bumblezone-common.mixins.json into net.minecraft.FileUtil
[06Aug2025 14:45:16.091] [main/DEBUG] [mixin/]: Mixing NbtUtilsMixin from accessories-common.mixins.json into net.minecraft.nbt.NbtUtils
[06Aug2025 14:45:16.113] [main/DEBUG] [mixin/]: Mixing VanillaPackResourcesAccessor from creativecore.mixins.json into net.minecraft.server.packs.VanillaPackResources
[06Aug2025 14:45:16.115] [main/WARN] [net.minecraft.server.packs.VanillaPackResourcesBuilder/]: Assets URL 'union:/workspaces/ls/servidor_minecraft/libraries/net/minecraft/server/1.20.1-20230612.114412/server-1.20.1-20230612.114412-srg.jar%23263!/assets/.mcassetsroot' uses unexpected schema
[06Aug2025 14:45:16.115] [main/WARN] [net.minecraft.server.packs.VanillaPackResourcesBuilder/]: Assets URL 'union:/workspaces/ls/servidor_minecraft/libraries/net/minecraft/server/1.20.1-20230612.114412/server-1.20.1-20230612.114412-srg.jar%23263!/data/.mcassetsroot' uses unexpected schema
[06Aug2025 14:45:16.170] [main/DEBUG] [mixin/]: Mixing PathPackResourcesAccessor from creativecore.mixins.json into net.minecraft.server.packs.PathPackResources
[06Aug2025 14:45:16.176] [main/DEBUG] [net.minecraftforge.server.ServerLifecycleHooks/CORE]: Generating PackInfo named mod:hexerei for mod file /workspaces/ls/servidor_minecraft/mods/hexerei-0.4.2.3.jar
[06Aug2025 14:45:16.176] [main/DEBUG] [net.minecraftforge.server.ServerLifecycleHooks/CORE]: Generating PackInfo named mod:kuma_api for mod file 
[06Aug2025 14:45:16.176] [main/DEBUG] [net.minecraftforge.server.ServerLifecycleHooks/CORE]: Generating PackInfo named mod:mcwbyg for mod file /workspaces/ls/servidor_minecraft/mods/mcwbyg-1.20.1-1.2.1.jar
[06Aug2025 14:45:16.176] [main/DEBUG] [net.minecraftforge.server.ServerLifecycleHooks/CORE]: Generating PackInfo named mod:easyanvils for mod file /workspaces/ls/servidor_minecraft/mods/EasyAnvils-v8.0.2-1.20.1-Forge.jar
[06Aug2025 14:45:16.177] [main/DEBUG] [net.minecraftforge.server.ServerLifecycleHooks/CORE]: Generating PackInfo named mod:geckolib for mod file /workspaces/ls/servidor_minecraft/mods/geckolib-forge-1.20.1-4.7.1.3.jar
[06Aug2025 14:45:16.177] [main/DEBUG] [net.minecraftforge.server.ServerLifecycleHooks/CORE]: Generating PackInfo named mod:dynamiclights for mod file /workspaces/ls/servidor_minecraft/mods/dynamiclights-v1.8.6-mc1.17-1.21.5-mod.jar
[06Aug2025 14:45:16.177] [main/DEBUG] [net.minecraftforge.server.ServerLifecycleHooks/CORE]: Generating PackInfo named mod:incendium for mod file /workspaces/ls/servidor_minecraft/mods/Incendium_1.20.x_v5.3.5.jar
[06Aug2025 14:45:16.177] [main/DEBUG] [net.minecraftforge.server.ServerLifecycleHooks/CORE]: Generating PackInfo named mod:sophisticatedcore for mod file /workspaces/ls/servidor_minecraft/mods/sophisticatedcore-1.20.1-1.2.69.1005.jar
[06Aug2025 14:45:16.178] [main/DEBUG] [net.minecraftforge.server.ServerLifecycleHooks/CORE]: Generating PackInfo named mod:gpumemleakfix for mod file /workspaces/ls/servidor_minecraft/mods/gpumemleakfix-1.20.1-1.8.jar
[06Aug2025 14:45:16.178] [main/DEBUG] [net.minecraftforge.server.ServerLifecycleHooks/CORE]: Generating PackInfo named mod:citadel for mod file /workspaces/ls/servidor_minecraft/mods/citadel-2.6.1-1.20.1.jar
[06Aug2025 14:45:16.178] [main/DEBUG] [net.minecraftforge.server.ServerLifecycleHooks/CORE]: Generating PackInfo named mod:alexsmobs for mod file /workspaces/ls/servidor_minecraft/mods/alexsmobs-1.22.9.jar
[06Aug2025 14:45:16.178] [main/DEBUG] [net.minecraftforge.server.ServerLifecycleHooks/CORE]: Generating PackInfo named mod:fabric_data_attachment_api_v1 for mod file 
[06Aug2025 14:45:16.178] [main/DEBUG] [net.minecraftforge.server.ServerLifecycleHooks/CORE]: Generating PackInfo named mod:mixinextras for mod file 
[06Aug2025 14:45:16.178] [main/DEBUG] [net.minecraftforge.server.ServerLifecycleHooks/CORE]: Generating PackInfo named mod:sophisticatedbackpacks for mod file /workspaces/ls/servidor_minecraft/mods/sophisticatedbackpacks-1.20.1-3.23.19.1251.jar
[06Aug2025 14:45:16.179] [main/DEBUG] [net.minecraftforge.server.ServerLifecycleHooks/CORE]: Generating PackInfo named mod:balm for mod file /workspaces/ls/servidor_minecraft/mods/balm-forge-1.20.1-7.3.31-all.jar
[06Aug2025 14:45:16.179] [main/DEBUG] [net.minecraftforge.server.ServerLifecycleHooks/CORE]: Generating PackInfo named mod:fpsreducer for mod file /workspaces/ls/servidor_minecraft/mods/FpsReducer2-forge-1.20-2.5.jar
[06Aug2025 14:45:16.179] [main/DEBUG] [net.minecraftforge.server.ServerLifecycleHooks/CORE]: Generating PackInfo named mod:carryon for mod file /workspaces/ls/servidor_minecraft/mods/carryon-forge-1.20.1-2.1.2.7.jar
[06Aug2025 14:45:16.179] [main/DEBUG] [net.minecraftforge.server.ServerLifecycleHooks/CORE]: Generating PackInfo named mod:chat_heads for mod file /workspaces/ls/servidor_minecraft/mods/chat_heads-0.13.18-forge-1.20.jar
[06Aug2025 14:45:16.179] [main/DEBUG] [net.minecraftforge.server.ServerLifecycleHooks/CORE]: Generating PackInfo named mod:cloth_config for mod file /workspaces/ls/servidor_minecraft/mods/cloth-config-11.1.136-forge.jar
[06Aug2025 14:45:16.179] [main/DEBUG] [net.minecraftforge.server.ServerLifecycleHooks/CORE]: Generating PackInfo named mod:craftable_elytra_remastered for mod file /workspaces/ls/servidor_minecraft/mods/Craftable_Elytra[REMASTERED][2.2]1.20.1.jar
[06Aug2025 14:45:16.180] [main/DEBUG] [net.minecraftforge.server.ServerLifecycleHooks/CORE]: Generating PackInfo named mod:emojiful for mod file /workspaces/ls/servidor_minecraft/mods/Emojiful-Forge-1.20.1-4.2.0.jar
[06Aug2025 14:45:16.180] [main/DEBUG] [net.minecraftforge.server.ServerLifecycleHooks/CORE]: Generating PackInfo named mod:konkrete for mod file /workspaces/ls/servidor_minecraft/mods/konkrete_forge_1.8.0_MC_1.20-1.20.1.jar
[06Aug2025 14:45:16.180] [main/DEBUG] [net.minecraftforge.server.ServerLifecycleHooks/CORE]: Generating PackInfo named mod:embeddium for mod file /workspaces/ls/servidor_minecraft/mods/embeddium-0.3.31+mc1.20.1.jar
[06Aug2025 14:45:16.180] [main/DEBUG] [net.minecraftforge.server.ServerLifecycleHooks/CORE]: Generating PackInfo named mod:athena for mod file 
[06Aug2025 14:45:16.180] [main/DEBUG] [net.minecraftforge.server.ServerLifecycleHooks/CORE]: Generating PackInfo named mod:morebows for mod file /workspaces/ls/servidor_minecraft/mods/MoreBows-1.0.13+1.20.x.forge.jar
[06Aug2025 14:45:16.180] [main/DEBUG] [net.minecraftforge.server.ServerLifecycleHooks/CORE]: Generating PackInfo named mod:resourcefulconfig for mod file /workspaces/ls/servidor_minecraft/mods/resourcefulconfig-forge-1.20.1-2.1.3.jar
[06Aug2025 14:45:16.181] [main/DEBUG] [net.minecraftforge.server.ServerLifecycleHooks/CORE]: Generating PackInfo named mod:wthit for mod file /workspaces/ls/servidor_minecraft/mods/wthit-forge-8.16.3.jar
[06Aug2025 14:45:16.181] [main/DEBUG] [net.minecraftforge.server.ServerLifecycleHooks/CORE]: Generating PackInfo named mod:trapcraft for mod file /workspaces/ls/servidor_minecraft/mods/Trapcraft-1.20.1-2.10.2.jar
[06Aug2025 14:45:16.181] [main/DEBUG] [net.minecraftforge.server.ServerLifecycleHooks/CORE]: Generating PackInfo named mod:curios for mod file /workspaces/ls/servidor_minecraft/mods/accessories_cclayer-7.4.0-beta.18+1.20.1.jar
[06Aug2025 14:45:16.181] [main/DEBUG] [net.minecraftforge.server.ServerLifecycleHooks/CORE]: Generating PackInfo named mod:collective for mod file /workspaces/ls/servidor_minecraft/mods/collective-1.20.1-8.3.jar
[06Aug2025 14:45:16.181] [main/DEBUG] [net.minecraftforge.server.ServerLifecycleHooks/CORE]: Generating PackInfo named mod:cerbons_api for mod file /workspaces/ls/servidor_minecraft/mods/CerbonsAPI-Forge-1.20.1-1.1.0.jar
[06Aug2025 14:45:16.182] [main/DEBUG] [net.minecraftforge.server.ServerLifecycleHooks/CORE]: Generating PackInfo named mod:mr_dungeons_andtaverns for mod file /workspaces/ls/servidor_minecraft/mods/dungeons-and-taverns-3.0.3.f[Forge].jar
[06Aug2025 14:45:16.182] [main/DEBUG] [net.minecraftforge.server.ServerLifecycleHooks/CORE]: Generating PackInfo named mod:bettervillage for mod file /workspaces/ls/servidor_minecraft/mods/bettervillage-forge-1.20.1-3.3.1-all.jar
[06Aug2025 14:45:16.182] [main/DEBUG] [net.minecraftforge.server.ServerLifecycleHooks/CORE]: Generating PackInfo named mod:tombstone for mod file /workspaces/ls/servidor_minecraft/mods/tombstone-1.20.1-8.9.6.jar
[06Aug2025 14:45:16.183] [main/DEBUG] [net.minecraftforge.server.ServerLifecycleHooks/CORE]: Generating PackInfo named mod:fabric_entity_events_v1 for mod file 
[06Aug2025 14:45:16.183] [main/DEBUG] [net.minecraftforge.server.ServerLifecycleHooks/CORE]: Generating PackInfo named mod:resourcefullib for mod file /workspaces/ls/servidor_minecraft/mods/resourcefullib-forge-1.20.1-2.1.29.jar
[06Aug2025 14:45:16.183] [main/DEBUG] [net.minecraftforge.server.ServerLifecycleHooks/CORE]: Generating PackInfo named mod:accessories for mod file /workspaces/ls/servidor_minecraft/mods/accessories-neoforge-1.0.0-beta.46+1.20.1.jar
[06Aug2025 14:45:16.183] [main/DEBUG] [net.minecraftforge.server.ServerLifecycleHooks/CORE]: Generating PackInfo named mod:deeperdarker for mod file /workspaces/ls/servidor_minecraft/mods/deeperdarker-forge-1.20.1-1.3.3.jar
[06Aug2025 14:45:16.183] [main/DEBUG] [net.minecraftforge.server.ServerLifecycleHooks/CORE]: Generating PackInfo named mod:architectury for mod file /workspaces/ls/servidor_minecraft/mods/architectury-9.2.14-forge.jar
[06Aug2025 14:45:16.183] [main/DEBUG] [net.minecraftforge.server.ServerLifecycleHooks/CORE]: Generating PackInfo named mod:cupboard for mod file /workspaces/ls/servidor_minecraft/mods/cupboard-1.20.1-2.7.jar
[06Aug2025 14:45:16.184] [main/DEBUG] [net.minecraftforge.server.ServerLifecycleHooks/CORE]: Generating PackInfo named mod:flib for mod file /workspaces/ls/servidor_minecraft/mods/flib-1.20.1-0.0.15.jar
[06Aug2025 14:45:16.184] [main/DEBUG] [net.minecraftforge.server.ServerLifecycleHooks/CORE]: Generating PackInfo named mod:mace_backport for mod file /workspaces/ls/servidor_minecraft/mods/DerexMaceMod-Balanced-1.20.1-8.1.7.2.jar
[06Aug2025 14:45:16.184] [main/DEBUG] [net.minecraftforge.server.ServerLifecycleHooks/CORE]: Generating PackInfo named mod:the_bumblezone for mod file /workspaces/ls/servidor_minecraft/mods/the_bumblezone-7.8.0+1.20.1-forge.jar
[06Aug2025 14:45:16.184] [main/DEBUG] [net.minecraftforge.server.ServerLifecycleHooks/CORE]: Generating PackInfo named mod:framework for mod file /workspaces/ls/servidor_minecraft/mods/framework-forge-1.20.1-0.7.15.jar
[06Aug2025 14:45:16.185] [main/DEBUG] [net.minecraftforge.server.ServerLifecycleHooks/CORE]: Generating PackInfo named mod:inventorymanagement for mod file /workspaces/ls/servidor_minecraft/mods/Inventory Management Deluxe-1.20.1-Forge-1.0.3.jar
[06Aug2025 14:45:16.185] [main/DEBUG] [net.minecraftforge.server.ServerLifecycleHooks/CORE]: Generating PackInfo named mod:chas for mod file /workspaces/ls/servidor_minecraft/mods/CHA-S-1.20-forge.jar
[06Aug2025 14:45:16.185] [main/DEBUG] [net.minecraftforge.server.ServerLifecycleHooks/CORE]: Generating PackInfo named mod:playerrevive for mod file /workspaces/ls/servidor_minecraft/mods/PlayerRevive_FORGE_v2.0.31_mc1.20.1.jar
[06Aug2025 14:45:16.185] [main/DEBUG] [net.minecraftforge.server.ServerLifecycleHooks/CORE]: Generating PackInfo named mod:darkmodeeverywhere for mod file /workspaces/ls/servidor_minecraft/mods/DarkModeEverywhere-1.20.1-1.2.4.jar
[06Aug2025 14:45:16.185] [main/DEBUG] [net.minecraftforge.server.ServerLifecycleHooks/CORE]: Generating PackInfo named mod:easymagic for mod file /workspaces/ls/servidor_minecraft/mods/EasyMagic-v8.0.1-1.20.1-Forge.jar
[06Aug2025 14:45:16.185] [main/DEBUG] [net.minecraftforge.server.ServerLifecycleHooks/CORE]: Generating PackInfo named mod:jei for mod file /workspaces/ls/servidor_minecraft/mods/jei-1.20.1-forge-15.20.0.112.jar
[06Aug2025 14:45:16.186] [main/DEBUG] [net.minecraftforge.server.ServerLifecycleHooks/CORE]: Generating PackInfo named mod:libraryferret for mod file /workspaces/ls/servidor_minecraft/mods/libraryferret-forge-1.20.1-4.0.0.jar
[06Aug2025 14:45:16.186] [main/DEBUG] [net.minecraftforge.server.ServerLifecycleHooks/CORE]: Generating PackInfo named mod:goblintraders for mod file /workspaces/ls/servidor_minecraft/mods/goblintraders-forge-1.20.1-1.9.3.jar
[06Aug2025 14:45:16.186] [main/DEBUG] [net.minecraftforge.server.ServerLifecycleHooks/CORE]: Generating PackInfo named mod:waystones for mod file /workspaces/ls/servidor_minecraft/mods/waystones-forge-1.20.1-14.1.13.jar
[06Aug2025 14:45:16.186] [main/DEBUG] [net.minecraftforge.server.ServerLifecycleHooks/CORE]: Generating PackInfo named mod:journeymap for mod file /workspaces/ls/servidor_minecraft/mods/journeymap-1.20.1-5.10.3-forge.jar
[06Aug2025 14:45:16.187] [main/DEBUG] [net.minecraftforge.server.ServerLifecycleHooks/CORE]: Generating PackInfo named mod:comforts for mod file /workspaces/ls/servidor_minecraft/mods/comforts-forge-6.4.0+1.20.1.jar
[06Aug2025 14:45:16.187] [main/DEBUG] [net.minecraftforge.server.ServerLifecycleHooks/CORE]: Generating PackInfo named mod:artifacts for mod file /workspaces/ls/servidor_minecraft/mods/artifacts-forge-9.5.16.jar
[06Aug2025 14:45:16.187] [main/DEBUG] [net.minecraftforge.server.ServerLifecycleHooks/CORE]: Generating PackInfo named mod:badpackets for mod file /workspaces/ls/servidor_minecraft/mods/badpackets-forge-0.4.3.jar
[06Aug2025 14:45:16.187] [main/DEBUG] [net.minecraftforge.server.ServerLifecycleHooks/CORE]: Generating PackInfo named mod:dungeoncrawl for mod file /workspaces/ls/servidor_minecraft/mods/Dungeon Crawl-1.20.1-2.3.15.jar
[06Aug2025 14:45:16.187] [main/DEBUG] [net.minecraftforge.server.ServerLifecycleHooks/CORE]: Generating PackInfo named mod:orcz for mod file /workspaces/ls/servidor_minecraft/mods/Orcz_0.87_1.20.1.jar
[06Aug2025 14:45:16.187] [main/DEBUG] [net.minecraftforge.server.ServerLifecycleHooks/CORE]: Generating PackInfo named mod:bosses_of_mass_destruction for mod file /workspaces/ls/servidor_minecraft/mods/BOMD-Forge-1.20.1-1.1.2.jar
[06Aug2025 14:45:16.188] [main/DEBUG] [net.minecraftforge.server.ServerLifecycleHooks/CORE]: Generating PackInfo named mod:terralith for mod file /workspaces/ls/servidor_minecraft/mods/Terralith_1.20.x_v2.5.4.jar
[06Aug2025 14:45:16.188] [main/DEBUG] [net.minecraftforge.server.ServerLifecycleHooks/CORE]: Generating PackInfo named mod:memoryleakfix for mod file /workspaces/ls/servidor_minecraft/mods/memoryleakfix-forge-1.17+-1.1.4.jar
[06Aug2025 14:45:16.188] [main/DEBUG] [net.minecraftforge.server.ServerLifecycleHooks/CORE]: Generating PackInfo named mod:mythicmounts for mod file /workspaces/ls/servidor_minecraft/mods/mythicmounts-20.1-7.4.2-forge.jar
[06Aug2025 14:45:16.188] [main/DEBUG] [net.minecraftforge.server.ServerLifecycleHooks/CORE]: Generating PackInfo named mod:puzzlesaccessapi for mod file 
[06Aug2025 14:45:16.188] [main/DEBUG] [net.minecraftforge.server.ServerLifecycleHooks/CORE]: Generating PackInfo named mod:dungeons_arise_seven_seas for mod file /workspaces/ls/servidor_minecraft/mods/DungeonsAriseSevenSeas-1.20.x-1.0.2-forge.jar
[06Aug2025 14:45:16.189] [main/DEBUG] [net.minecraftforge.server.ServerLifecycleHooks/CORE]: Generating PackInfo named mod:forge for mod file /workspaces/ls/servidor_minecraft/libraries/net/minecraftforge/forge/1.20.1-47.3.7/forge-1.20.1-47.3.7-universal.jar
[06Aug2025 14:45:16.189] [main/DEBUG] [net.minecraftforge.server.ServerLifecycleHooks/CORE]: Generating PackInfo named mod:tlskincape for mod file /workspaces/ls/servidor_minecraft/mods/tl_skin_cape_forge_1.20_1.20.1-1.32.jar
[06Aug2025 14:45:16.189] [main/DEBUG] [net.minecraftforge.server.ServerLifecycleHooks/CORE]: Generating PackInfo named mod:better_fishing_rods for mod file /workspaces/ls/servidor_minecraft/mods/Better Fishing Rods 1.0.0 - 1.20.1.jar
[06Aug2025 14:45:16.189] [main/DEBUG] [net.minecraftforge.server.ServerLifecycleHooks/CORE]: Generating PackInfo named mod:friendsandfoes for mod file /workspaces/ls/servidor_minecraft/mods/friendsandfoes-forge-mc1.20.1-3.0.9.jar
[06Aug2025 14:45:16.189] [main/DEBUG] [net.minecraftforge.server.ServerLifecycleHooks/CORE]: Generating PackInfo named mod:dungeons_arise for mod file /workspaces/ls/servidor_minecraft/mods/DungeonsArise-1.20.x-2.1.58-release.jar
[06Aug2025 14:45:16.189] [main/DEBUG] [net.minecraftforge.server.ServerLifecycleHooks/CORE]: Generating PackInfo named mod:smoothchunk for mod file /workspaces/ls/servidor_minecraft/mods/smoothchunk-1.20.1-4.1.jar
[06Aug2025 14:45:16.190] [main/DEBUG] [net.minecraftforge.server.ServerLifecycleHooks/CORE]: Generating PackInfo named mod:voicechat for mod file /workspaces/ls/servidor_minecraft/mods/voicechat-forge-1.20.1-2.5.30.jar
[06Aug2025 14:45:16.190] [main/DEBUG] [net.minecraftforge.server.ServerLifecycleHooks/CORE]: Generating PackInfo named mod:sound_physics_remastered for mod file /workspaces/ls/servidor_minecraft/mods/sound-physics-remastered-forge-1.20.1-1.4.13.jar
[06Aug2025 14:45:16.190] [main/DEBUG] [net.minecraftforge.server.ServerLifecycleHooks/CORE]: Generating PackInfo named mod:simplyswords for mod file /workspaces/ls/servidor_minecraft/mods/simplyswords-forge-1.56.0-1.20.1.jar
[06Aug2025 14:45:16.190] [main/DEBUG] [net.minecraftforge.server.ServerLifecycleHooks/CORE]: Generating PackInfo named mod:terrablender for mod file /workspaces/ls/servidor_minecraft/mods/TerraBlender-forge-1.20.1-3.0.1.10.jar
[06Aug2025 14:45:16.190] [main/DEBUG] [net.minecraftforge.server.ServerLifecycleHooks/CORE]: Generating PackInfo named mod:fabric_api_base for mod file 
[06Aug2025 14:45:16.190] [main/DEBUG] [net.minecraftforge.server.ServerLifecycleHooks/CORE]: Generating PackInfo named mod:creativecore for mod file /workspaces/ls/servidor_minecraft/mods/CreativeCore_FORGE_v2.12.32_mc1.20.1.jar
[06Aug2025 14:45:16.191] [main/DEBUG] [net.minecraftforge.server.ServerLifecycleHooks/CORE]: Generating PackInfo named mod:ohthetreesyoullgrow for mod file /workspaces/ls/servidor_minecraft/mods/Oh-The-Trees-Youll-Grow-forge-1.20.1-1.3.13.jar
[06Aug2025 14:45:16.191] [main/DEBUG] [net.minecraftforge.server.ServerLifecycleHooks/CORE]: Generating PackInfo named mod:spectrelib for mod file 
[06Aug2025 14:45:16.191] [main/DEBUG] [net.minecraftforge.server.ServerLifecycleHooks/CORE]: Generating PackInfo named mod:corgilib for mod file /workspaces/ls/servidor_minecraft/mods/Corgilib-Forge-1.20.1-4.0.3.4.jar
[06Aug2025 14:45:16.191] [main/DEBUG] [net.minecraftforge.server.ServerLifecycleHooks/CORE]: Generating PackInfo named mod:biomeswevegone for mod file /workspaces/ls/servidor_minecraft/mods/Oh-The-Biomes-Weve-Gone-Forge-1.5.11.jar
[06Aug2025 14:45:16.191] [main/DEBUG] [net.minecraftforge.server.ServerLifecycleHooks/CORE]: Generating PackInfo named mod:securitycraft for mod file /workspaces/ls/servidor_minecraft/mods/[1.20.1] SecurityCraft v1.10.0.1.jar
[06Aug2025 14:45:16.192] [main/DEBUG] [net.minecraftforge.server.ServerLifecycleHooks/CORE]: Generating PackInfo named mod:entityculling for mod file /workspaces/ls/servidor_minecraft/mods/entityculling-forge-1.7.4-mc1.20.1.jar
[06Aug2025 14:45:16.192] [main/DEBUG] [net.minecraftforge.server.ServerLifecycleHooks/CORE]: Generating PackInfo named mod:immediatelyfast for mod file /workspaces/ls/servidor_minecraft/mods/ImmediatelyFast-Forge-1.5.0+1.20.4.jar
[06Aug2025 14:45:16.192] [main/DEBUG] [net.minecraftforge.server.ServerLifecycleHooks/CORE]: Generating PackInfo named mod:creeperoverhaul for mod file /workspaces/ls/servidor_minecraft/mods/creeperoverhaul-3.0.2-forge.jar
[06Aug2025 14:45:16.192] [main/DEBUG] [net.minecraftforge.server.ServerLifecycleHooks/CORE]: Generating PackInfo named mod:ferritecore for mod file /workspaces/ls/servidor_minecraft/mods/ferritecore-6.0.1-forge.jar
[06Aug2025 14:45:16.192] [main/DEBUG] [net.minecraftforge.server.ServerLifecycleHooks/CORE]: Generating PackInfo named mod:fabric_object_builder_api_v1 for mod file 
[06Aug2025 14:45:16.192] [main/DEBUG] [net.minecraftforge.server.ServerLifecycleHooks/CORE]: Generating PackInfo named mod:yet_another_config_lib_v3 for mod file /workspaces/ls/servidor_minecraft/mods/yet_another_config_lib_v3-3.6.6+1.20.1-forge.jar
[06Aug2025 14:45:16.193] [main/DEBUG] [net.minecraftforge.server.ServerLifecycleHooks/CORE]: Generating PackInfo named mod:puzzleslib for mod file /workspaces/ls/servidor_minecraft/mods/PuzzlesLib-v8.1.32-1.20.1-Forge.jar
[06Aug2025 14:45:16.193] [main/DEBUG] [net.minecraftforge.server.ServerLifecycleHooks/CORE]: Generating PackInfo named mod:justzoom for mod file /workspaces/ls/servidor_minecraft/mods/justzoom_forge_2.1.1_MC_1.20.1.jar
[06Aug2025 14:45:16.193] [main/DEBUG] [net.minecraftforge.server.ServerLifecycleHooks/CORE]: Generating PackInfo named mod:addonslib for mod file /workspaces/ls/servidor_minecraft/mods/addonslib-1.20.1-1.4.jar
[06Aug2025 14:45:16.193] [main/DEBUG] [net.minecraftforge.server.ServerLifecycleHooks/CORE]: Generating PackInfo named mod:expandability for mod file 
[06Aug2025 14:45:17.342] [main/INFO] [bettervillage/]: StructureSet modified for minecraft:village : Now using custom village configuration (can be disabled in the better villages config: boolean.villages.enabled_custom_config).
[06Aug2025 14:45:18.292] [main/DEBUG] [mixin/]: Mixing MixinPrimaryLevelData from terrablender.mixins.json into net.minecraft.world.level.storage.PrimaryLevelData
[06Aug2025 14:45:18.293] [main/DEBUG] [mixin/]: Mixing PrimaryLevelDataMixin from collective_forge.mixins.json into net.minecraft.world.level.storage.PrimaryLevelData
[06Aug2025 14:45:18.328] [main/DEBUG] [mixin/]: Mixing CommandExceptionLoggingMixin from cupboard.mixins.json into net.minecraft.commands.Commands
[06Aug2025 14:45:18.479] [main/DEBUG] [net.minecraftforge.coremod.transformer.CoreModBaseTransformer/COREMOD]: Transforming net/minecraft/server/commands/SummonCommand
[06Aug2025 14:45:18.698] [main/DEBUG] [mixin/]: Mixing debug.TagLoaderMixin from mixins.artifacts.common.json into net.minecraft.tags.TagLoader
[06Aug2025 14:45:18.711] [main/INFO] [com.github.alexthe666.alexsmobs.AlexsMobs/]: Adding datapack listener capsid_recipes
[06Aug2025 14:45:18.717] [main/DEBUG] [mixin/]: Mixing SlotTypeLoaderMixin from cclayer.mixins.json into io.wispforest.accessories.data.SlotTypeLoader
[06Aug2025 14:45:18.726] [main/DEBUG] [mixin/]: Mixing EntitySlotLoaderMixin from cclayer.mixins.json into io.wispforest.accessories.data.EntitySlotLoader
[06Aug2025 14:45:18.727] [main/DEBUG] [mixin/]: Renaming synthetic method lambda$injectCuriosSpecificSlots$0(Lnet/minecraft/world/entity/EntityType;)Ljava/util/Map; to md49d408$lambda$injectCuriosSpecificSlots$0$0 in cclayer.mixins.json:EntitySlotLoaderMixin
[06Aug2025 14:45:18.907] [Worker-Main-1/WARN] [artifacts.Artifacts/]: Tag entries for curios:tags/items/magic_book.json cleared by tombstone-1.20.1-8.9.6.jar
[06Aug2025 14:45:18.935] [Worker-Main-2/DEBUG] [net.minecraftforge.coremod.transformer.CoreModBaseTransformer/COREMOD]: Transforming net/minecraft/world/entity/raid/Raid
[06Aug2025 14:45:19.009] [Worker-Main-2/DEBUG] [mixin/]: Mixing RaidMixin from friendsandfoes-common.mixins.json into net.minecraft.world.entity.raid.Raid
[06Aug2025 14:45:19.175] [Worker-Main-2/DEBUG] [mixin/]: Mixing ItemInputMixin from tombstone.mixins.json into net.minecraft.commands.arguments.item.ItemInput
[06Aug2025 14:45:20.134] [Worker-Main-1/ERROR] [net.minecraftforge.common.ForgeHooks/]: Couldn't parse element loot_tables:simplyswords:grant_book_on_first_join
com.google.gson.JsonSyntaxException: Expected name to be an item, was unknown string 'patchouli:guide_book'
	at net.minecraft.util.GsonHelper.m_13866_(GsonHelper.java:145) ~[server-1.20.1-20230612.114412-srg.jar%23263!/:?]
	at java.util.Optional.orElseThrow(Optional.java:403) ~[?:?]
	at net.minecraft.util.GsonHelper.m_13874_(GsonHelper.java:145) ~[server-1.20.1-20230612.114412-srg.jar%23263!/:?]
	at net.minecraft.util.GsonHelper.m_13909_(GsonHelper.java:153) ~[server-1.20.1-20230612.114412-srg.jar%23263!/:?]
	at net.minecraft.world.level.storage.loot.entries.LootItem$Serializer.m_7267_(LootItem.java:55) ~[server-1.20.1-20230612.114412-srg.jar%23263!/:?]
	at net.minecraft.world.level.storage.loot.entries.LootItem$Serializer.m_7267_(LootItem.java:40) ~[server-1.20.1-20230612.114412-srg.jar%23263!/:?]
	at net.minecraft.world.level.storage.loot.entries.LootPoolSingletonContainer$Serializer.m_5921_(LootPoolSingletonContainer.java:151) ~[server-1.20.1-20230612.114412-srg.jar%23263!/:?]
	at net.minecraft.world.level.storage.loot.entries.LootPoolSingletonContainer$Serializer.m_5921_(LootPoolSingletonContainer.java:129) ~[server-1.20.1-20230612.114412-srg.jar%23263!/:?]
	at net.minecraft.world.level.storage.loot.entries.LootPoolEntryContainer$Serializer.m_7561_(LootPoolEntryContainer.java:86) ~[server-1.20.1-20230612.114412-srg.jar%23263!/:?]
	at net.minecraft.world.level.storage.loot.entries.LootPoolEntryContainer$Serializer.m_7561_(LootPoolEntryContainer.java:74) ~[server-1.20.1-20230612.114412-srg.jar%23263!/:?]
	at net.minecraft.world.level.storage.loot.GsonAdapterFactory$JsonAdapter.deserialize(GsonAdapterFactory.java:102) ~[server-1.20.1-20230612.114412-srg.jar%23263!/:?]
	at com.google.gson.internal.bind.TreeTypeAdapter.read(TreeTypeAdapter.java:76) ~[gson-2.10.jar%2372!/:?]
	at com.google.gson.internal.bind.TypeAdapterRuntimeTypeWrapper.read(TypeAdapterRuntimeTypeWrapper.java:40) ~[gson-2.10.jar%2372!/:?]
	at com.google.gson.internal.bind.ArrayTypeAdapter.read(ArrayTypeAdapter.java:72) ~[gson-2.10.jar%2372!/:?]
	at com.google.gson.Gson.fromJson(Gson.java:1214) ~[gson-2.10.jar%2372!/:?]
	at com.google.gson.Gson.fromJson(Gson.java:1319) ~[gson-2.10.jar%2372!/:?]
	at com.google.gson.Gson.fromJson(Gson.java:1290) ~[gson-2.10.jar%2372!/:?]
	at com.google.gson.internal.bind.TreeTypeAdapter$GsonContextImpl.deserialize(TreeTypeAdapter.java:179) ~[gson-2.10.jar%2372!/:?]
	at net.minecraft.util.GsonHelper.m_13808_(GsonHelper.java:463) ~[server-1.20.1-20230612.114412-srg.jar%23263!/:?]
	at net.minecraft.util.GsonHelper.m_13836_(GsonHelper.java:471) ~[server-1.20.1-20230612.114412-srg.jar%23263!/:?]
	at net.minecraft.world.level.storage.loot.LootPool$Serializer.deserialize(LootPool.java:192) ~[server-1.20.1-20230612.114412-srg.jar%23263!/:?]
	at net.minecraft.world.level.storage.loot.LootPool$Serializer.deserialize(LootPool.java:189) ~[server-1.20.1-20230612.114412-srg.jar%23263!/:?]
	at com.google.gson.internal.bind.TreeTypeAdapter.read(TreeTypeAdapter.java:76) ~[gson-2.10.jar%2372!/:?]
	at com.google.gson.internal.bind.TypeAdapterRuntimeTypeWrapper.read(TypeAdapterRuntimeTypeWrapper.java:40) ~[gson-2.10.jar%2372!/:?]
	at com.google.gson.internal.bind.ArrayTypeAdapter.read(ArrayTypeAdapter.java:72) ~[gson-2.10.jar%2372!/:?]
	at com.google.gson.Gson.fromJson(Gson.java:1214) ~[gson-2.10.jar%2372!/:?]
	at com.google.gson.Gson.fromJson(Gson.java:1319) ~[gson-2.10.jar%2372!/:?]
	at com.google.gson.Gson.fromJson(Gson.java:1290) ~[gson-2.10.jar%2372!/:?]
	at com.google.gson.internal.bind.TreeTypeAdapter$GsonContextImpl.deserialize(TreeTypeAdapter.java:179) ~[gson-2.10.jar%2372!/:?]
	at net.minecraft.util.GsonHelper.m_13808_(GsonHelper.java:463) ~[server-1.20.1-20230612.114412-srg.jar%23263!/:?]
	at net.minecraft.util.GsonHelper.m_13845_(GsonHelper.java:481) ~[server-1.20.1-20230612.114412-srg.jar%23263!/:?]
	at net.minecraft.world.level.storage.loot.LootTable$Serializer.deserialize(LootTable.java:294) ~[server-1.20.1-20230612.114412-srg.jar%23263!/:?]
	at net.minecraft.world.level.storage.loot.LootTable$Serializer.deserialize(LootTable.java:291) ~[server-1.20.1-20230612.114412-srg.jar%23263!/:?]
	at com.google.gson.internal.bind.TreeTypeAdapter.read(TreeTypeAdapter.java:76) ~[gson-2.10.jar%2372!/:?]
	at com.google.gson.Gson.fromJson(Gson.java:1214) ~[gson-2.10.jar%2372!/:?]
	at com.google.gson.Gson.fromJson(Gson.java:1319) ~[gson-2.10.jar%2372!/:?]
	at com.google.gson.Gson.fromJson(Gson.java:1261) ~[gson-2.10.jar%2372!/:?]
	at net.minecraftforge.common.ForgeHooks.loadLootTable(ForgeHooks.java:871) ~[forge-1.20.1-47.3.7-universal.jar%23268!/:?]
	at net.minecraftforge.common.ForgeHooks.lambda$getLootTableDeserializer$3(ForgeHooks.java:848) ~[forge-1.20.1-47.3.7-universal.jar%23268!/:?]
	at net.minecraft.world.level.storage.loot.LootDataType.deserialize(LootDataType.java:45) ~[server-1.20.1-20230612.114412-srg.jar%23263!/:?]
	at net.minecraft.world.level.storage.loot.LootDataManager.lambda$scheduleElementParse$4(LootDataManager.java:56) ~[server-1.20.1-20230612.114412-srg.jar%23263!/:?]
	at java.util.HashMap.forEach(HashMap.java:1421) ~[?:?]
	at net.minecraft.world.level.storage.loot.LootDataManager.m_278660_(LootDataManager.java:55) ~[server-1.20.1-20230612.114412-srg.jar%23263!/:?]
	at java.util.concurrent.CompletableFuture$AsyncRun.run(CompletableFuture.java:1804) ~[?:?]
	at java.util.concurrent.CompletableFuture$AsyncRun.exec(CompletableFuture.java:1796) ~[?:?]
	at java.util.concurrent.ForkJoinTask.doExec(ForkJoinTask.java:373) ~[?:?]
	at java.util.concurrent.ForkJoinPool$WorkQueue.topLevelExec(ForkJoinPool.java:1182) ~[?:?]
	at java.util.concurrent.ForkJoinPool.scan(ForkJoinPool.java:1655) ~[?:?]
	at java.util.concurrent.ForkJoinPool.runWorker(ForkJoinPool.java:1622) ~[?:?]
	at java.util.concurrent.ForkJoinWorkerThread.run(ForkJoinWorkerThread.java:165) ~[?:?]
[06Aug2025 14:45:22.733] [Worker-Main-1/DEBUG] [tombstone/]: Updating LootTables
[06Aug2025 14:45:24.887] [main/WARN] [net.minecraft.world.level.storage.loot.LootDataManager/]: Found loot table element validation problem in {loot_tables:alexsmobs:gameplay/seal_reward}.pools[0].entries[0]->{minecraft:gameplay/fishing/junk}.pools[1].condition[1]: Parameters [<parameter minecraft:origin>] are not provided in this context
[06Aug2025 14:45:24.958] [main/DEBUG] [mixin/]: Mixing item.PotionCandleRecipeMixin from the_bumblezone-forge.mixins.json into com.telepathicgrunt.the_bumblezone.items.recipes.PotionCandleRecipe
[06Aug2025 14:45:24.985] [main/DEBUG] [Emojiful/]: Loaded com.hrznstudio.emojiful.platform.ForgePlatformHelper@658bb6a for service interface com.hrznstudio.emojiful.platform.services.IPlatformHelper
[06Aug2025 14:45:24.985] [main/DEBUG] [Emojiful/]: Loaded com.hrznstudio.emojiful.platform.ForgeConfigHelper@e8bc9f2 for service interface com.hrznstudio.emojiful.platform.services.IConfigHelper
[06Aug2025 14:45:25.012] [main/INFO] [net.minecraft.world.item.crafting.RecipeManager/]: Loaded 17 recipes
[06Aug2025 14:45:25.197] [main/INFO] [net.minecraft.advancements.AdvancementList/]: Loaded 4787 advancements
[06Aug2025 14:45:25.204] [main/DEBUG] [sophisticatedbackpacks/]: Started loading registry data from sophisticatedbackpacks:compat/woot/block_tools 
[06Aug2025 14:45:25.204] [main/DEBUG] [sophisticatedbackpacks/]: Started loading registry data from sophisticatedbackpacks:compat/fluxnetworks/block_tools 
[06Aug2025 14:45:25.204] [main/DEBUG] [sophisticatedbackpacks/]: Started loading registry data from sophisticatedbackpacks:compat/mob_grinding_utils/entity_tools 
[06Aug2025 14:45:25.204] [main/DEBUG] [sophisticatedbackpacks/]: Started loading registry data from sophisticatedbackpacks:compat/astralsorcery/block_tools 
[06Aug2025 14:45:25.204] [main/DEBUG] [sophisticatedbackpacks/]: Started loading registry data from sophisticatedbackpacks:compat/immersivepetroleum/block_tools 
[06Aug2025 14:45:25.204] [main/DEBUG] [sophisticatedbackpacks/]: Started loading registry data from sophisticatedbackpacks:compat/immersiveengineering/block_tools 
[06Aug2025 14:45:25.204] [main/DEBUG] [sophisticatedbackpacks/]: Started loading registry data from sophisticatedbackpacks:compat/pedestals/block_tools 
[06Aug2025 14:45:25.204] [main/DEBUG] [sophisticatedbackpacks/]: Started loading registry data from sophisticatedbackpacks:compat/platforms/block_tools 
[06Aug2025 14:45:25.204] [main/DEBUG] [sophisticatedbackpacks/]: Started loading registry data from sophisticatedbackpacks:compat/rftoolsutility/entity_tools 
[06Aug2025 14:45:25.204] [main/DEBUG] [sophisticatedbackpacks/]: Started loading registry data from sophisticatedbackpacks:compat/compactmachines/block_tools 
[06Aug2025 14:45:25.204] [main/DEBUG] [sophisticatedbackpacks/]: Started loading registry data from sophisticatedbackpacks:compat/mcwwindows/block_tools 
[06Aug2025 14:45:25.204] [main/DEBUG] [sophisticatedbackpacks/]: Started loading registry data from sophisticatedbackpacks:compat/integrateddynamics/block_tools 
[06Aug2025 14:45:25.204] [main/DEBUG] [sophisticatedbackpacks/]: Started loading registry data from sophisticatedbackpacks:entity_tools 
[06Aug2025 14:45:25.207] [main/DEBUG] [sophisticatedbackpacks/]: Finished loading registry data for sophisticatedbackpacks:entity_tools
[06Aug2025 14:45:25.207] [main/DEBUG] [sophisticatedbackpacks/]: Started loading registry data from sophisticatedbackpacks:compat/mekanism/block_tools 
[06Aug2025 14:45:25.207] [main/DEBUG] [sophisticatedbackpacks/]: Started loading registry data from sophisticatedbackpacks:compat/powah/block_tools 
[06Aug2025 14:45:25.207] [main/DEBUG] [sophisticatedbackpacks/]: Started loading registry data from sophisticatedbackpacks:compat/apotheosis/entity_tools 
[06Aug2025 14:45:25.207] [main/DEBUG] [sophisticatedbackpacks/]: Started loading registry data from sophisticatedbackpacks:compat/bloodmagic/block_tools 
[06Aug2025 14:45:25.207] [main/DEBUG] [sophisticatedbackpacks/]: Started loading registry data from sophisticatedbackpacks:compat/immersiveposts/block_tools 
[06Aug2025 14:45:25.207] [main/DEBUG] [sophisticatedbackpacks/]: Started loading registry data from sophisticatedbackpacks:compat/rats/entity_tools 
[06Aug2025 14:45:25.207] [main/DEBUG] [sophisticatedbackpacks/]: Started loading registry data from sophisticatedbackpacks:compat/framedcompactdrawers/block_tools 
[06Aug2025 14:45:25.207] [main/DEBUG] [sophisticatedbackpacks/]: Started loading registry data from sophisticatedbackpacks:compat/iceandfire/entity_tools 
[06Aug2025 14:45:25.207] [main/DEBUG] [sophisticatedbackpacks/]: Started loading registry data from sophisticatedbackpacks:compat/storagedrawers/block_tools 
[06Aug2025 14:45:25.207] [main/DEBUG] [sophisticatedbackpacks/]: Started loading registry data from sophisticatedbackpacks:compat/mcwroofs/block_tools 
[06Aug2025 14:45:25.207] [main/DEBUG] [sophisticatedbackpacks/]: Started loading registry data from sophisticatedbackpacks:compat/morphtool/block_tools 
[06Aug2025 14:45:25.207] [main/DEBUG] [sophisticatedbackpacks/]: Started loading registry data from sophisticatedbackpacks:compat/botania/block_tools 
[06Aug2025 14:45:25.207] [main/DEBUG] [sophisticatedbackpacks/]: Started loading registry data from sophisticatedbackpacks:compat/pneumaticraft/block_tools 
[06Aug2025 14:45:25.207] [main/DEBUG] [sophisticatedbackpacks/]: Started loading registry data from sophisticatedbackpacks:compat/shrink/entity_tools 
[06Aug2025 14:45:25.207] [main/DEBUG] [sophisticatedbackpacks/]: Started loading registry data from sophisticatedbackpacks:compat/blockcarpentry/block_tools 
[06Aug2025 14:45:25.207] [main/DEBUG] [sophisticatedbackpacks/]: Started loading registry data from sophisticatedbackpacks:compat/pipez/block_tools 
[06Aug2025 14:45:25.207] [main/DEBUG] [sophisticatedbackpacks/]: Started loading registry data from sophisticatedbackpacks:compat/transport/block_tools 
[06Aug2025 14:45:25.207] [main/DEBUG] [sophisticatedbackpacks/]: Started loading registry data from sophisticatedbackpacks:compat/thermal/block_tools 
[06Aug2025 14:45:25.207] [main/DEBUG] [sophisticatedbackpacks/]: Started loading registry data from sophisticatedbackpacks:block_tools 
[06Aug2025 14:45:25.207] [main/DEBUG] [sophisticatedbackpacks/]: Finished loading registry data for sophisticatedbackpacks:block_tools
[06Aug2025 14:45:25.207] [main/DEBUG] [sophisticatedbackpacks/]: Started loading registry data from sophisticatedbackpacks:compat/create/block_tools 
[06Aug2025 14:45:25.207] [main/DEBUG] [sophisticatedbackpacks/]: Started loading registry data from sophisticatedbackpacks:compat/farmersdelight/entity_tools 
[06Aug2025 14:45:25.207] [main/DEBUG] [sophisticatedbackpacks/]: Started loading registry data from sophisticatedbackpacks:compat/refinedstorage/block_tools 
[06Aug2025 14:45:25.207] [main/DEBUG] [sophisticatedbackpacks/]: Started loading registry data from sophisticatedbackpacks:compat/chiselsandbits/block_tools 
[06Aug2025 14:45:25.207] [main/DEBUG] [sophisticatedbackpacks/]: Started loading registry data from sophisticatedbackpacks:compat/farmersdelight/block_tools 
[06Aug2025 14:45:25.207] [main/DEBUG] [sophisticatedbackpacks/]: Started loading registry data from sophisticatedbackpacks:compat/resourcefulbees/entity_tools 
[06Aug2025 14:45:25.208] [main/DEBUG] [sophisticatedbackpacks/]: Started loading registry data from sophisticatedbackpacks:compat/tetra/swords 
[06Aug2025 14:45:25.208] [main/DEBUG] [sophisticatedbackpacks/]: Started loading registry data from sophisticatedbackpacks:swords 
[06Aug2025 14:45:25.208] [main/DEBUG] [sophisticatedbackpacks/]: Finished loading registry data for sophisticatedbackpacks:swords
[06Aug2025 14:45:25.208] [main/DEBUG] [sophisticatedbackpacks/]: Started loading registry data from sophisticatedbackpacks:compat/mythicbotany/block_tools 
[06Aug2025 14:45:25.208] [main/DEBUG] [sophisticatedbackpacks/]: Started loading registry data from sophisticatedbackpacks:compat/resourcefulbees/block_tools 
[06Aug2025 14:45:25.208] [main/DEBUG] [sophisticatedbackpacks/]: Started loading registry data from sophisticatedbackpacks:compat/syp/entity_tools 
[06Aug2025 14:45:25.208] [main/DEBUG] [sophisticatedbackpacks/]: Started loading registry data from sophisticatedbackpacks:compat/eidolon/block_tools 
[06Aug2025 14:45:25.208] [main/DEBUG] [sophisticatedbackpacks/]: Started loading registry data from sophisticatedbackpacks:compat/rftoolsbase/block_tools 
[06Aug2025 14:45:25.248] [main/INFO] [Curios API/]: Loaded 7 curio slots
[06Aug2025 14:45:25.255] [main/INFO] [Curios API/]: Loaded 11 curio entities
[06Aug2025 14:45:25.265] [main/DEBUG] [mixin/]: Mixing AccessoriesEventHandlerMixin from cclayer.mixins.json into io.wispforest.accessories.impl.AccessoriesEventHandler
[06Aug2025 14:45:25.271] [main/INFO] [Dungeon Crawl/]: Loading data...
[06Aug2025 14:45:25.275] [main/DEBUG] [Dungeon Crawl/]: Loading dungeoncrawl:models/catacombs/corridor/linker/linker.nbt
[06Aug2025 14:45:25.290] [main/DEBUG] [Dungeon Crawl/]: Loading dungeoncrawl:models/catacombs/corridor/linker/linker.json
[06Aug2025 14:45:25.298] [main/DEBUG] [Dungeon Crawl/]: Loading dungeoncrawl:models/catacombs/corridor/linker/linker_trap.nbt
[06Aug2025 14:45:25.299] [main/DEBUG] [Dungeon Crawl/]: Loading dungeoncrawl:models/catacombs/corridor/linker/linker_trap.json
[06Aug2025 14:45:25.304] [main/DEBUG] [Dungeon Crawl/]: Loading dungeoncrawl:models/catacombs/multipart/connector.nbt
[06Aug2025 14:45:25.304] [main/DEBUG] [Dungeon Crawl/]: Loading dungeoncrawl:models/catacombs/multipart/connector_2.nbt
[06Aug2025 14:45:25.305] [main/DEBUG] [Dungeon Crawl/]: Loading dungeoncrawl:models/catacombs/multipart/corridor/ceiling.nbt
[06Aug2025 14:45:25.305] [main/DEBUG] [Dungeon Crawl/]: Loading dungeoncrawl:models/catacombs/multipart/corridor/ceiling_glowstone.nbt
[06Aug2025 14:45:25.306] [main/DEBUG] [Dungeon Crawl/]: Loading dungeoncrawl:models/catacombs/multipart/corridor/ceiling_lamp.nbt
[06Aug2025 14:45:25.306] [main/DEBUG] [Dungeon Crawl/]: Loading dungeoncrawl:models/catacombs/multipart/crypt_graves.nbt
[06Aug2025 14:45:25.307] [main/DEBUG] [Dungeon Crawl/]: Loading dungeoncrawl:models/catacombs/multipart/crypt_graves.json
[06Aug2025 14:45:25.307] [main/DEBUG] [Dungeon Crawl/]: Loading dungeoncrawl:models/catacombs/multipart/hidden_piston.nbt
[06Aug2025 14:45:25.308] [main/DEBUG] [Dungeon Crawl/]: Loading dungeoncrawl:models/catacombs/multipart/large_connector.nbt
[06Aug2025 14:45:25.308] [main/DEBUG] [Dungeon Crawl/]: Loading dungeoncrawl:models/catacombs/multipart/large_spawner_cell_open.nbt
[06Aug2025 14:45:25.309] [main/DEBUG] [Dungeon Crawl/]: Loading dungeoncrawl:models/catacombs/multipart/node/ceiling/crumbled.nbt
[06Aug2025 14:45:25.309] [main/DEBUG] [Dungeon Crawl/]: Loading dungeoncrawl:models/catacombs/multipart/node/ceiling/dome.nbt
[06Aug2025 14:45:25.309] [main/DEBUG] [Dungeon Crawl/]: Loading dungeoncrawl:models/catacombs/multipart/node/ceiling/flat.nbt
[06Aug2025 14:45:25.310] [main/DEBUG] [Dungeon Crawl/]: Loading dungeoncrawl:models/catacombs/multipart/node/ceiling/light.nbt
[06Aug2025 14:45:25.310] [main/DEBUG] [Dungeon Crawl/]: Loading dungeoncrawl:models/catacombs/node/crypt_dead_end.nbt
[06Aug2025 14:45:25.312] [main/DEBUG] [Dungeon Crawl/]: Loading dungeoncrawl:models/catacombs/node/crypt_dead_end.json
[06Aug2025 14:45:25.313] [main/DEBUG] [Dungeon Crawl/]: Loading dungeoncrawl:models/catacombs/node/crypt_turn.nbt
[06Aug2025 14:45:25.316] [main/DEBUG] [Dungeon Crawl/]: Loading dungeoncrawl:models/catacombs/node/crypt_turn.json
[06Aug2025 14:45:25.317] [main/DEBUG] [Dungeon Crawl/]: Loading dungeoncrawl:models/catacombs/node/fountain.nbt
[06Aug2025 14:45:25.326] [main/DEBUG] [Dungeon Crawl/]: Loading dungeoncrawl:models/catacombs/node/fountain.json
[06Aug2025 14:45:25.326] [main/DEBUG] [Dungeon Crawl/]: Loading dungeoncrawl:models/catacombs/node/prison.nbt
[06Aug2025 14:45:25.333] [main/DEBUG] [Dungeon Crawl/]: Loading dungeoncrawl:models/catacombs/node/prison.json
[06Aug2025 14:45:25.333] [main/DEBUG] [Dungeon Crawl/]: Loading dungeoncrawl:models/catacombs/node/prison_fork.nbt
[06Aug2025 14:45:25.340] [main/DEBUG] [Dungeon Crawl/]: Loading dungeoncrawl:models/catacombs/node/prison_fork.json
[06Aug2025 14:45:25.340] [main/DEBUG] [Dungeon Crawl/]: Loading dungeoncrawl:models/catacombs/node/room.nbt
[06Aug2025 14:45:25.345] [main/DEBUG] [Dungeon Crawl/]: Loading dungeoncrawl:models/catacombs/node/room.json
[06Aug2025 14:45:25.345] [main/DEBUG] [Dungeon Crawl/]: Loading dungeoncrawl:models/catacombs/node/room_2.nbt
[06Aug2025 14:45:25.351] [main/DEBUG] [Dungeon Crawl/]: Loading dungeoncrawl:models/catacombs/node/room_2.json
[06Aug2025 14:45:25.351] [main/DEBUG] [Dungeon Crawl/]: Loading dungeoncrawl:models/catacombs/node/sarcophagus.nbt
[06Aug2025 14:45:25.358] [main/DEBUG] [Dungeon Crawl/]: Loading dungeoncrawl:models/catacombs/node/sarcophagus.json
[06Aug2025 14:45:25.359] [main/DEBUG] [Dungeon Crawl/]: Loading dungeoncrawl:models/catacombs/node/sewers.nbt
[06Aug2025 14:45:25.368] [main/DEBUG] [Dungeon Crawl/]: Loading dungeoncrawl:models/catacombs/node/sewers.json
[06Aug2025 14:45:25.369] [main/DEBUG] [Dungeon Crawl/]: Loading dungeoncrawl:models/catacombs/node/sewers_dead_end.nbt
[06Aug2025 14:45:25.378] [main/DEBUG] [Dungeon Crawl/]: Loading dungeoncrawl:models/catacombs/node/sewers_dead_end.json
[06Aug2025 14:45:25.378] [main/DEBUG] [Dungeon Crawl/]: Loading dungeoncrawl:models/catacombs/node/sewers_fork.nbt
[06Aug2025 14:45:25.387] [main/DEBUG] [Dungeon Crawl/]: Loading dungeoncrawl:models/catacombs/node/sewers_fork.json
[06Aug2025 14:45:25.387] [main/DEBUG] [Dungeon Crawl/]: Loading dungeoncrawl:models/catacombs/node/sewers_straight.nbt
[06Aug2025 14:45:25.396] [main/DEBUG] [Dungeon Crawl/]: Loading dungeoncrawl:models/catacombs/node/sewers_straight.json
[06Aug2025 14:45:25.397] [main/DEBUG] [Dungeon Crawl/]: Loading dungeoncrawl:models/catacombs/room/spawner_room.nbt
[06Aug2025 14:45:25.398] [main/DEBUG] [Dungeon Crawl/]: Loading dungeoncrawl:models/catacombs/room/spawner_room.json
[06Aug2025 14:45:25.399] [main/DEBUG] [Dungeon Crawl/]: Loading dungeoncrawl:models/default/corridor/corridor.nbt
[06Aug2025 14:45:25.400] [main/DEBUG] [Dungeon Crawl/]: Loading dungeoncrawl:models/default/corridor/corridor.json
[06Aug2025 14:45:25.400] [main/DEBUG] [Dungeon Crawl/]: Loading dungeoncrawl:models/default/corridor/corridor_2.nbt
[06Aug2025 14:45:25.401] [main/DEBUG] [Dungeon Crawl/]: Loading dungeoncrawl:models/default/corridor/corridor_2.json
[06Aug2025 14:45:25.401] [main/DEBUG] [Dungeon Crawl/]: Loading dungeoncrawl:models/default/corridor/corridor_3.nbt
[06Aug2025 14:45:25.402] [main/DEBUG] [Dungeon Crawl/]: Loading dungeoncrawl:models/default/corridor/corridor_3.json
[06Aug2025 14:45:25.403] [main/DEBUG] [Dungeon Crawl/]: Loading dungeoncrawl:models/default/corridor/corridor_fire.nbt
[06Aug2025 14:45:25.404] [main/DEBUG] [Dungeon Crawl/]: Loading dungeoncrawl:models/default/corridor/corridor_fire.json
[06Aug2025 14:45:25.404] [main/DEBUG] [Dungeon Crawl/]: Loading dungeoncrawl:models/default/corridor/corridor_light.nbt
[06Aug2025 14:45:25.405] [main/DEBUG] [Dungeon Crawl/]: Loading dungeoncrawl:models/default/corridor/corridor_light.json
[06Aug2025 14:45:25.406] [main/DEBUG] [Dungeon Crawl/]: Loading dungeoncrawl:models/default/corridor/corridor_room.nbt
[06Aug2025 14:45:25.408] [main/DEBUG] [Dungeon Crawl/]: Loading dungeoncrawl:models/default/corridor/corridor_room.json
[06Aug2025 14:45:25.408] [main/DEBUG] [Dungeon Crawl/]: Loading dungeoncrawl:models/default/corridor/corridor_spawner.nbt
[06Aug2025 14:45:25.409] [main/DEBUG] [Dungeon Crawl/]: Loading dungeoncrawl:models/default/corridor/corridor_spawner.json
[06Aug2025 14:45:25.409] [main/DEBUG] [Dungeon Crawl/]: Loading dungeoncrawl:models/default/corridor/linker/cake_room.nbt
[06Aug2025 14:45:25.410] [main/DEBUG] [Dungeon Crawl/]: Loading dungeoncrawl:models/default/corridor/linker/cake_room.json
[06Aug2025 14:45:25.410] [main/DEBUG] [Dungeon Crawl/]: Loading dungeoncrawl:models/default/corridor/linker/linker.nbt
[06Aug2025 14:45:25.411] [main/DEBUG] [Dungeon Crawl/]: Loading dungeoncrawl:models/default/corridor/linker/linker.json
[06Aug2025 14:45:25.411] [main/DEBUG] [Dungeon Crawl/]: Loading dungeoncrawl:models/default/corridor/linker/linker_2.nbt
[06Aug2025 14:45:25.412] [main/DEBUG] [Dungeon Crawl/]: Loading dungeoncrawl:models/default/corridor/linker/linker_2.json
[06Aug2025 14:45:25.412] [main/DEBUG] [Dungeon Crawl/]: Loading dungeoncrawl:models/default/corridor/linker/linker_3.nbt
[06Aug2025 14:45:25.413] [main/DEBUG] [Dungeon Crawl/]: Loading dungeoncrawl:models/default/corridor/linker/linker_3.json
[06Aug2025 14:45:25.413] [main/DEBUG] [Dungeon Crawl/]: Loading dungeoncrawl:models/default/corridor/linker/linker_4.nbt
[06Aug2025 14:45:25.414] [main/DEBUG] [Dungeon Crawl/]: Loading dungeoncrawl:models/default/corridor/linker/linker_4.json
[06Aug2025 14:45:25.414] [main/DEBUG] [Dungeon Crawl/]: Loading dungeoncrawl:models/default/corridor/linker/linker_5.nbt
[06Aug2025 14:45:25.414] [main/DEBUG] [Dungeon Crawl/]: Loading dungeoncrawl:models/default/corridor/linker/linker_5.json
[06Aug2025 14:45:25.414] [main/DEBUG] [Dungeon Crawl/]: Loading dungeoncrawl:models/default/corridor/linker/linker_6.nbt
[06Aug2025 14:45:25.415] [main/DEBUG] [Dungeon Crawl/]: Loading dungeoncrawl:models/default/corridor/linker/linker_6.json
[06Aug2025 14:45:25.415] [main/DEBUG] [Dungeon Crawl/]: Loading dungeoncrawl:models/default/corridor/old_corridor.nbt
[06Aug2025 14:45:25.416] [main/DEBUG] [Dungeon Crawl/]: Loading dungeoncrawl:models/default/corridor/old_corridor.json
[06Aug2025 14:45:25.416] [main/DEBUG] [Dungeon Crawl/]: Loading dungeoncrawl:models/default/corridor/old_corridor_3.nbt
[06Aug2025 14:45:25.416] [main/DEBUG] [Dungeon Crawl/]: Loading dungeoncrawl:models/default/corridor/old_corridor_3.json
[06Aug2025 14:45:25.416] [main/DEBUG] [Dungeon Crawl/]: Loading dungeoncrawl:models/default/corridor/secret_room_entrance.nbt
[06Aug2025 14:45:25.417] [main/DEBUG] [Dungeon Crawl/]: Loading dungeoncrawl:models/default/corridor/secret_room_entrance.json
[06Aug2025 14:45:25.417] [main/DEBUG] [Dungeon Crawl/]: Loading dungeoncrawl:models/default/corridor/stone_corridor.nbt
[06Aug2025 14:45:25.418] [main/DEBUG] [Dungeon Crawl/]: Loading dungeoncrawl:models/default/corridor/stone_corridor.json
[06Aug2025 14:45:25.418] [main/DEBUG] [Dungeon Crawl/]: Loading dungeoncrawl:models/default/loot_room.nbt
[06Aug2025 14:45:25.424] [main/DEBUG] [Dungeon Crawl/]: Loading dungeoncrawl:models/default/loot_room.json
[06Aug2025 14:45:25.425] [main/DEBUG] [Dungeon Crawl/]: Loading dungeoncrawl:models/default/multipart/corridor/bookshelf.nbt
[06Aug2025 14:45:25.425] [main/DEBUG] [Dungeon Crawl/]: Loading dungeoncrawl:models/default/multipart/corridor/chest.nbt
[06Aug2025 14:45:25.425] [main/DEBUG] [Dungeon Crawl/]: Loading dungeoncrawl:models/default/multipart/corridor/chest_room.nbt
[06Aug2025 14:45:25.425] [main/DEBUG] [Dungeon Crawl/]: Loading dungeoncrawl:models/default/multipart/corridor/chest_room_2.nbt
[06Aug2025 14:45:25.425] [main/DEBUG] [Dungeon Crawl/]: Loading dungeoncrawl:models/default/multipart/corridor/crops.nbt
[06Aug2025 14:45:25.425] [main/DEBUG] [Dungeon Crawl/]: Loading dungeoncrawl:models/default/multipart/corridor/crops.json
[06Aug2025 14:45:25.426] [main/DEBUG] [Dungeon Crawl/]: Loading dungeoncrawl:models/default/multipart/corridor/default.nbt
[06Aug2025 14:45:25.426] [main/DEBUG] [Dungeon Crawl/]: Loading dungeoncrawl:models/default/multipart/corridor/empty_room.nbt
[06Aug2025 14:45:25.426] [main/DEBUG] [Dungeon Crawl/]: Loading dungeoncrawl:models/default/multipart/corridor/empty_room_2.nbt
[06Aug2025 14:45:25.426] [main/DEBUG] [Dungeon Crawl/]: Loading dungeoncrawl:models/default/multipart/corridor/empty_room_3.nbt
[06Aug2025 14:45:25.427] [main/DEBUG] [Dungeon Crawl/]: Loading dungeoncrawl:models/default/multipart/corridor/empty_room_4.nbt
[06Aug2025 14:45:25.427] [main/DEBUG] [Dungeon Crawl/]: Loading dungeoncrawl:models/default/multipart/corridor/fire.nbt
[06Aug2025 14:45:25.427] [main/DEBUG] [Dungeon Crawl/]: Loading dungeoncrawl:models/default/multipart/corridor/light.nbt
[06Aug2025 14:45:25.427] [main/DEBUG] [Dungeon Crawl/]: Loading dungeoncrawl:models/default/multipart/corridor/light_switch.nbt
[06Aug2025 14:45:25.428] [main/DEBUG] [Dungeon Crawl/]: Loading dungeoncrawl:models/default/multipart/corridor/secret_room_entrance.nbt
[06Aug2025 14:45:25.428] [main/DEBUG] [Dungeon Crawl/]: Loading dungeoncrawl:models/default/multipart/corridor/secret_room_entrance_2.nbt
[06Aug2025 14:45:25.428] [main/DEBUG] [Dungeon Crawl/]: Loading dungeoncrawl:models/default/multipart/corridor/secret_room_entrance_3.nbt
[06Aug2025 14:45:25.428] [main/DEBUG] [Dungeon Crawl/]: Loading dungeoncrawl:models/default/multipart/corridor/secret_room_entrance_bookshelf.nbt
[06Aug2025 14:45:25.428] [main/DEBUG] [Dungeon Crawl/]: Loading dungeoncrawl:models/default/multipart/corridor/spawner.nbt
[06Aug2025 14:45:25.429] [main/DEBUG] [Dungeon Crawl/]: Loading dungeoncrawl:models/default/multipart/corridor/spawner_room.nbt
[06Aug2025 14:45:25.429] [main/DEBUG] [Dungeon Crawl/]: Loading dungeoncrawl:models/default/multipart/corridor/variant.nbt
[06Aug2025 14:45:25.429] [main/DEBUG] [Dungeon Crawl/]: Loading dungeoncrawl:models/default/multipart/corridor/variant_2.nbt
[06Aug2025 14:45:25.429] [main/DEBUG] [Dungeon Crawl/]: Loading dungeoncrawl:models/default/multipart/large_wall.nbt
[06Aug2025 14:45:25.429] [main/DEBUG] [Dungeon Crawl/]: Loading dungeoncrawl:models/default/multipart/node_connector.nbt
[06Aug2025 14:45:25.430] [main/DEBUG] [Dungeon Crawl/]: Loading dungeoncrawl:models/default/multipart/short_node_connector.nbt
[06Aug2025 14:45:25.430] [main/DEBUG] [Dungeon Crawl/]: Loading dungeoncrawl:models/default/multipart/wall.nbt
[06Aug2025 14:45:25.430] [main/DEBUG] [Dungeon Crawl/]: Loading dungeoncrawl:models/default/multipart/wall_2.nbt
[06Aug2025 14:45:25.430] [main/DEBUG] [Dungeon Crawl/]: Loading dungeoncrawl:models/default/node/connector/connector.nbt
[06Aug2025 14:45:25.430] [main/DEBUG] [Dungeon Crawl/]: Loading dungeoncrawl:models/default/node/connector/connector.json
[06Aug2025 14:45:25.430] [main/DEBUG] [Dungeon Crawl/]: Loading dungeoncrawl:models/default/node/connector/connector_2.nbt
[06Aug2025 14:45:25.431] [main/DEBUG] [Dungeon Crawl/]: Loading dungeoncrawl:models/default/node/connector/connector_2.json
[06Aug2025 14:45:25.431] [main/DEBUG] [Dungeon Crawl/]: Loading dungeoncrawl:models/default/node/connector/connector_3.nbt
[06Aug2025 14:45:25.431] [main/DEBUG] [Dungeon Crawl/]: Loading dungeoncrawl:models/default/node/connector/connector_3.json
[06Aug2025 14:45:25.431] [main/DEBUG] [Dungeon Crawl/]: Loading dungeoncrawl:models/default/node/connector/connector_4.nbt
[06Aug2025 14:45:25.431] [main/DEBUG] [Dungeon Crawl/]: Loading dungeoncrawl:models/default/node/connector/connector_4.json
[06Aug2025 14:45:25.431] [main/DEBUG] [Dungeon Crawl/]: Loading dungeoncrawl:models/default/node/connector/connector_6.nbt
[06Aug2025 14:45:25.432] [main/DEBUG] [Dungeon Crawl/]: Loading dungeoncrawl:models/default/node/connector/connector_6.json
[06Aug2025 14:45:25.432] [main/DEBUG] [Dungeon Crawl/]: Loading dungeoncrawl:models/default/node/connector/connector_lava.nbt
[06Aug2025 14:45:25.432] [main/DEBUG] [Dungeon Crawl/]: Loading dungeoncrawl:models/default/node/connector/node_connector_catacomb.nbt
[06Aug2025 14:45:25.432] [main/DEBUG] [Dungeon Crawl/]: Loading dungeoncrawl:models/default/node/connector/node_connector_catacomb.json
[06Aug2025 14:45:25.432] [main/DEBUG] [Dungeon Crawl/]: Loading dungeoncrawl:models/default/node/dark_hall.nbt
[06Aug2025 14:45:25.435] [main/DEBUG] [Dungeon Crawl/]: Loading dungeoncrawl:models/default/node/fire_hall.nbt
[06Aug2025 14:45:25.438] [main/DEBUG] [Dungeon Crawl/]: Loading dungeoncrawl:models/default/node/fireplace.nbt
[06Aug2025 14:45:25.440] [main/DEBUG] [Dungeon Crawl/]: Loading dungeoncrawl:models/default/node/fireplace.json
[06Aug2025 14:45:25.440] [main/DEBUG] [Dungeon Crawl/]: Loading dungeoncrawl:models/default/node/forge.nbt
[06Aug2025 14:45:25.441] [main/DEBUG] [Dungeon Crawl/]: Loading dungeoncrawl:models/default/node/forge.json
[06Aug2025 14:45:25.441] [main/DEBUG] [Dungeon Crawl/]: Loading dungeoncrawl:models/default/node/jukebox_room.nbt
[06Aug2025 14:45:25.443] [main/DEBUG] [Dungeon Crawl/]: Loading dungeoncrawl:models/default/node/jukebox_room.json
[06Aug2025 14:45:25.443] [main/DEBUG] [Dungeon Crawl/]: Loading dungeoncrawl:models/default/node/library.nbt
[06Aug2025 14:45:25.448] [main/DEBUG] [Dungeon Crawl/]: Loading dungeoncrawl:models/default/node/library.json
[06Aug2025 14:45:25.448] [main/DEBUG] [Dungeon Crawl/]: Loading dungeoncrawl:models/default/node/node_turn.nbt
[06Aug2025 14:45:25.452] [main/DEBUG] [Dungeon Crawl/]: Loading dungeoncrawl:models/default/node/node_turn.json
[06Aug2025 14:45:25.452] [main/DEBUG] [Dungeon Crawl/]: Loading dungeoncrawl:models/default/node/old_fire_hall.nbt
[06Aug2025 14:45:25.456] [main/DEBUG] [Dungeon Crawl/]: Loading dungeoncrawl:models/default/node/old_fire_hall.json
[06Aug2025 14:45:25.456] [main/DEBUG] [Dungeon Crawl/]: Loading dungeoncrawl:models/default/node/old_jukebox_room.nbt
[06Aug2025 14:45:25.458] [main/DEBUG] [Dungeon Crawl/]: Loading dungeoncrawl:models/default/node/old_jukebox_room.json
[06Aug2025 14:45:25.458] [main/DEBUG] [Dungeon Crawl/]: Loading dungeoncrawl:models/default/node/room.nbt
[06Aug2025 14:45:25.459] [main/DEBUG] [Dungeon Crawl/]: Loading dungeoncrawl:models/default/node/room.json
[06Aug2025 14:45:25.459] [main/DEBUG] [Dungeon Crawl/]: Loading dungeoncrawl:models/default/node/room_2.nbt
[06Aug2025 14:45:25.461] [main/DEBUG] [Dungeon Crawl/]: Loading dungeoncrawl:models/default/node/room_2.json
[06Aug2025 14:45:25.461] [main/DEBUG] [Dungeon Crawl/]: Loading dungeoncrawl:models/default/node/spawner_hall.nbt
[06Aug2025 14:45:25.467] [main/DEBUG] [Dungeon Crawl/]: Loading dungeoncrawl:models/default/node/spawner_hall.json
[06Aug2025 14:45:25.467] [main/DEBUG] [Dungeon Crawl/]: Loading dungeoncrawl:models/default/old_loot_room.nbt
[06Aug2025 14:45:25.472] [main/DEBUG] [Dungeon Crawl/]: Loading dungeoncrawl:models/default/old_loot_room.json
[06Aug2025 14:45:25.472] [main/DEBUG] [Dungeon Crawl/]: Loading dungeoncrawl:models/default/room/food_side_room.nbt
[06Aug2025 14:45:25.473] [main/DEBUG] [Dungeon Crawl/]: Loading dungeoncrawl:models/default/room/food_side_room.json
[06Aug2025 14:45:25.473] [main/DEBUG] [Dungeon Crawl/]: Loading dungeoncrawl:models/default/room/secret_room.nbt
[06Aug2025 14:45:25.474] [main/DEBUG] [Dungeon Crawl/]: Loading dungeoncrawl:models/default/room/secret_room.json
[06Aug2025 14:45:25.474] [main/DEBUG] [Dungeon Crawl/]: Loading dungeoncrawl:models/default/room/spawner_room.nbt
[06Aug2025 14:45:25.475] [main/DEBUG] [Dungeon Crawl/]: Loading dungeoncrawl:models/default/room/spawner_room.json
[06Aug2025 14:45:25.475] [main/DEBUG] [Dungeon Crawl/]: Loading dungeoncrawl:models/default/room/spawner_room_2.nbt
[06Aug2025 14:45:25.476] [main/DEBUG] [Dungeon Crawl/]: Loading dungeoncrawl:models/default/room/spawner_room_2.json
[06Aug2025 14:45:25.476] [main/DEBUG] [Dungeon Crawl/]: Loading dungeoncrawl:models/default/room/spawner_room_material.nbt
[06Aug2025 14:45:25.476] [main/DEBUG] [Dungeon Crawl/]: Loading dungeoncrawl:models/default/room/spawner_room_material.json
[06Aug2025 14:45:25.476] [main/DEBUG] [Dungeon Crawl/]: Loading dungeoncrawl:models/default/room/spawner_room_material_2.nbt
[06Aug2025 14:45:25.477] [main/DEBUG] [Dungeon Crawl/]: Loading dungeoncrawl:models/default/room/spawner_room_material_2.json
[06Aug2025 14:45:25.477] [main/DEBUG] [Dungeon Crawl/]: Loading dungeoncrawl:models/default/room/starter_room.nbt
[06Aug2025 14:45:25.478] [main/DEBUG] [Dungeon Crawl/]: Loading dungeoncrawl:models/default/room/starter_room.json
[06Aug2025 14:45:25.478] [main/DEBUG] [Dungeon Crawl/]: Loading dungeoncrawl:models/default/room/tnt_trap_side_room.nbt
[06Aug2025 14:45:25.479] [main/DEBUG] [Dungeon Crawl/]: Loading dungeoncrawl:models/default/room/tnt_trap_side_room.json
[06Aug2025 14:45:25.479] [main/DEBUG] [Dungeon Crawl/]: Loading dungeoncrawl:models/default/staircase.nbt
[06Aug2025 14:45:25.479] [main/DEBUG] [Dungeon Crawl/]: Loading dungeoncrawl:models/default/staircase.json
[06Aug2025 14:45:25.479] [main/DEBUG] [Dungeon Crawl/]: Loading dungeoncrawl:models/default/staircase_layer.nbt
[06Aug2025 14:45:25.480] [main/DEBUG] [Dungeon Crawl/]: Loading dungeoncrawl:models/default/stairs_bottom.nbt
[06Aug2025 14:45:25.481] [main/DEBUG] [Dungeon Crawl/]: Loading dungeoncrawl:models/default/stairs_bottom.json
[06Aug2025 14:45:25.481] [main/DEBUG] [Dungeon Crawl/]: Loading dungeoncrawl:models/default/stairs_bottom_2.nbt
[06Aug2025 14:45:25.481] [main/DEBUG] [Dungeon Crawl/]: Loading dungeoncrawl:models/default/stairs_bottom_2.json
[06Aug2025 14:45:25.481] [main/DEBUG] [Dungeon Crawl/]: Loading dungeoncrawl:models/default/stairs_top.nbt
[06Aug2025 14:45:25.482] [main/DEBUG] [Dungeon Crawl/]: Loading dungeoncrawl:models/default/stairs_top.json
[06Aug2025 14:45:25.482] [main/DEBUG] [Dungeon Crawl/]: Loading dungeoncrawl:models/entrance/roguelike/eniko_tower.nbt
[06Aug2025 14:45:25.484] [main/DEBUG] [Dungeon Crawl/]: Loading dungeoncrawl:models/entrance/roguelike/eniko_tower.json
[06Aug2025 14:45:25.484] [main/DEBUG] [Dungeon Crawl/]: Loading dungeoncrawl:models/entrance/roguelike/house.nbt
[06Aug2025 14:45:25.486] [main/DEBUG] [Dungeon Crawl/]: Loading dungeoncrawl:models/entrance/roguelike/house.json
[06Aug2025 14:45:25.486] [main/DEBUG] [Dungeon Crawl/]: Loading dungeoncrawl:models/entrance/roguelike/pyramid.nbt
[06Aug2025 14:45:25.488] [main/DEBUG] [Dungeon Crawl/]: Loading dungeoncrawl:models/entrance/roguelike/pyramid.json
[06Aug2025 14:45:25.488] [main/DEBUG] [Dungeon Crawl/]: Loading dungeoncrawl:models/entrance/roguelike/rogue_tower.nbt
[06Aug2025 14:45:25.489] [main/DEBUG] [Dungeon Crawl/]: Loading dungeoncrawl:models/entrance/roguelike/rogue_tower.json
[06Aug2025 14:45:25.489] [main/DEBUG] [Dungeon Crawl/]: Loading dungeoncrawl:models/entrance/roguelike/witch_tower.nbt
[06Aug2025 14:45:25.491] [main/DEBUG] [Dungeon Crawl/]: Loading dungeoncrawl:models/entrance/roguelike/witch_tower.json
[06Aug2025 14:45:25.491] [main/DEBUG] [Dungeon Crawl/]: Loading dungeoncrawl:models/hell/node/lava_hall.nbt
[06Aug2025 14:45:25.493] [main/DEBUG] [Dungeon Crawl/]: Loading dungeoncrawl:models/hell/node/small_loot_room.nbt
[06Aug2025 14:45:25.495] [main/DEBUG] [Dungeon Crawl/]: Loading dungeoncrawl:models/hell/node/small_loot_room.json
[06Aug2025 14:45:25.495] [main/DEBUG] [Dungeon Crawl/]: Loading dungeoncrawl:models/hell/room/empty_room.nbt
[06Aug2025 14:45:25.496] [main/DEBUG] [Dungeon Crawl/]: Loading dungeoncrawl:models/hell/room/empty_room.json
[06Aug2025 14:45:25.496] [main/DEBUG] [Dungeon Crawl/]: Loading dungeoncrawl:models/hell/room/spawner_room.nbt
[06Aug2025 14:45:25.497] [main/DEBUG] [Dungeon Crawl/]: Loading dungeoncrawl:models/hell/room/spawner_room.json
[06Aug2025 14:45:25.498] [main/DEBUG] [Dungeon Crawl/]: Loading dungeoncrawl:dungeon/model_pools.json
[06Aug2025 14:45:25.501] [main/DEBUG] [Dungeon Crawl/]: Loading dungeoncrawl:dungeon/types/default.json
[06Aug2025 14:45:25.508] [main/DEBUG] [Dungeon Crawl/]: Loading dungeoncrawl:dungeon/types/desert/default.json
[06Aug2025 14:45:25.508] [main/DEBUG] [Dungeon Crawl/]: Loading dungeoncrawl:dungeon/types/forest/default.json
[06Aug2025 14:45:25.509] [main/DEBUG] [Dungeon Crawl/]: Loading dungeoncrawl:dungeon/types/mountains/default.json
[06Aug2025 14:45:25.511] [main/DEBUG] [Dungeon Crawl/]: Loading dungeoncrawl:dungeon/biome_mappings/default.json
[06Aug2025 14:45:25.513] [main/DEBUG] [Dungeon Crawl/]: Loading dungeoncrawl:theming/secondary_themes/catacombs/crumbled.json
[06Aug2025 14:45:25.515] [main/DEBUG] [Dungeon Crawl/]: Loading dungeoncrawl:theming/secondary_themes/hell/roguelike.json
[06Aug2025 14:45:25.516] [main/DEBUG] [Dungeon Crawl/]: Loading dungeoncrawl:theming/secondary_themes/vanilla/acacia.json
[06Aug2025 14:45:25.516] [main/DEBUG] [Dungeon Crawl/]: Loading dungeoncrawl:theming/secondary_themes/vanilla/badlands/default.json
[06Aug2025 14:45:25.516] [main/DEBUG] [Dungeon Crawl/]: Loading dungeoncrawl:theming/secondary_themes/vanilla/birch.json
[06Aug2025 14:45:25.516] [main/DEBUG] [Dungeon Crawl/]: Loading dungeoncrawl:theming/secondary_themes/vanilla/catacombs/mossy.json
[06Aug2025 14:45:25.517] [main/DEBUG] [Dungeon Crawl/]: Loading dungeoncrawl:theming/secondary_themes/vanilla/catacombs/overgrown.json
[06Aug2025 14:45:25.517] [main/DEBUG] [Dungeon Crawl/]: Loading dungeoncrawl:theming/secondary_themes/vanilla/dark_oak.json
[06Aug2025 14:45:25.517] [main/DEBUG] [Dungeon Crawl/]: Loading dungeoncrawl:theming/secondary_themes/vanilla/desert/default.json
[06Aug2025 14:45:25.517] [main/DEBUG] [Dungeon Crawl/]: Loading dungeoncrawl:theming/secondary_themes/vanilla/desert/diorite.json
[06Aug2025 14:45:25.518] [main/DEBUG] [Dungeon Crawl/]: Loading dungeoncrawl:theming/secondary_themes/vanilla/desert/granite.json
[06Aug2025 14:45:25.518] [main/DEBUG] [Dungeon Crawl/]: Loading dungeoncrawl:theming/secondary_themes/vanilla/hell/default.json
[06Aug2025 14:45:25.518] [main/DEBUG] [Dungeon Crawl/]: Loading dungeoncrawl:theming/secondary_themes/vanilla/jungle.json
[06Aug2025 14:45:25.518] [main/DEBUG] [Dungeon Crawl/]: Loading dungeoncrawl:theming/secondary_themes/vanilla/mountains/default.json
[06Aug2025 14:45:25.519] [main/DEBUG] [Dungeon Crawl/]: Loading dungeoncrawl:theming/secondary_themes/vanilla/oak.json
[06Aug2025 14:45:25.519] [main/DEBUG] [Dungeon Crawl/]: Loading dungeoncrawl:theming/secondary_themes/vanilla/spruce.json
[06Aug2025 14:45:25.520] [main/DEBUG] [Dungeon Crawl/]: Loading dungeoncrawl:theming/primary_themes/catacombs/crumbled.json
[06Aug2025 14:45:25.523] [main/DEBUG] [Dungeon Crawl/]: Loading dungeoncrawl:theming/primary_themes/create/andesite.json
[06Aug2025 14:45:25.523] [main/DEBUG] [Dungeon Crawl/]: Loading dungeoncrawl:theming/primary_themes/create/crumbled_andesite.json
[06Aug2025 14:45:25.523] [main/DEBUG] [Dungeon Crawl/]: Loading dungeoncrawl:theming/primary_themes/create/mossy_andesite.json
[06Aug2025 14:45:25.524] [main/DEBUG] [Dungeon Crawl/]: Loading dungeoncrawl:theming/primary_themes/create/overgrown_andesite.json
[06Aug2025 14:45:25.524] [main/DEBUG] [Dungeon Crawl/]: Loading dungeoncrawl:theming/primary_themes/hell/roguelike.json
[06Aug2025 14:45:25.524] [main/DEBUG] [Dungeon Crawl/]: Loading dungeoncrawl:theming/primary_themes/vanilla/andesite.json
[06Aug2025 14:45:25.525] [main/DEBUG] [Dungeon Crawl/]: Loading dungeoncrawl:theming/primary_themes/vanilla/badlands/default.json
[06Aug2025 14:45:25.525] [main/DEBUG] [Dungeon Crawl/]: Loading dungeoncrawl:theming/primary_themes/vanilla/bricks.json
[06Aug2025 14:45:25.526] [main/DEBUG] [Dungeon Crawl/]: Loading dungeoncrawl:theming/primary_themes/vanilla/bricks_2.json
[06Aug2025 14:45:25.526] [main/DEBUG] [Dungeon Crawl/]: Loading dungeoncrawl:theming/primary_themes/vanilla/catacombs/ancient.json
[06Aug2025 14:45:25.527] [main/DEBUG] [Dungeon Crawl/]: Loading dungeoncrawl:theming/primary_themes/vanilla/catacombs/bricks.json
[06Aug2025 14:45:25.528] [main/DEBUG] [Dungeon Crawl/]: Loading dungeoncrawl:theming/primary_themes/vanilla/catacombs/crumbled_floor.json
[06Aug2025 14:45:25.529] [main/DEBUG] [Dungeon Crawl/]: Loading dungeoncrawl:theming/primary_themes/vanilla/catacombs/mossy.json
[06Aug2025 14:45:25.530] [main/DEBUG] [Dungeon Crawl/]: Loading dungeoncrawl:theming/primary_themes/vanilla/catacombs/overgrown.json
[06Aug2025 14:45:25.530] [main/DEBUG] [Dungeon Crawl/]: Loading dungeoncrawl:theming/primary_themes/vanilla/default.json
[06Aug2025 14:45:25.531] [main/DEBUG] [Dungeon Crawl/]: Loading dungeoncrawl:theming/primary_themes/vanilla/desert/default.json
[06Aug2025 14:45:25.532] [main/DEBUG] [Dungeon Crawl/]: Loading dungeoncrawl:theming/primary_themes/vanilla/desert/diorite.json
[06Aug2025 14:45:25.532] [main/DEBUG] [Dungeon Crawl/]: Loading dungeoncrawl:theming/primary_themes/vanilla/desert/granite.json
[06Aug2025 14:45:25.532] [main/DEBUG] [Dungeon Crawl/]: Loading dungeoncrawl:theming/primary_themes/vanilla/desert/terracotta.json
[06Aug2025 14:45:25.533] [main/DEBUG] [Dungeon Crawl/]: Loading dungeoncrawl:theming/primary_themes/vanilla/hell/checked_floor.json
[06Aug2025 14:45:25.534] [main/DEBUG] [Dungeon Crawl/]: Loading dungeoncrawl:theming/primary_themes/vanilla/hell/default.json
[06Aug2025 14:45:25.534] [main/DEBUG] [Dungeon Crawl/]: Loading dungeoncrawl:theming/primary_themes/vanilla/hell/mossy.json
[06Aug2025 14:45:25.534] [main/DEBUG] [Dungeon Crawl/]: Loading dungeoncrawl:theming/primary_themes/vanilla/jungle/default.json
[06Aug2025 14:45:25.535] [main/DEBUG] [Dungeon Crawl/]: Loading dungeoncrawl:theming/primary_themes/vanilla/mountains/default.json
[06Aug2025 14:45:25.542] [main/DEBUG] [Dungeon Crawl/]: Loading dungeoncrawl:monster/spawn_rates.json
[06Aug2025 14:45:25.543] [main/DEBUG] [Dungeon Crawl/]: Loading dungeoncrawl:treasure/stage_1.json
[06Aug2025 14:45:25.544] [main/DEBUG] [Dungeon Crawl/]: Loading dungeoncrawl:treasure/stage_2.json
[06Aug2025 14:45:25.544] [main/DEBUG] [Dungeon Crawl/]: Loading dungeoncrawl:treasure/stage_3.json
[06Aug2025 14:45:25.544] [main/DEBUG] [Dungeon Crawl/]: Loading dungeoncrawl:treasure/stage_4.json
[06Aug2025 14:45:25.544] [main/DEBUG] [Dungeon Crawl/]: Loading dungeoncrawl:treasure/stage_5.json
[06Aug2025 14:45:25.546] [main/DEBUG] [Dungeon Crawl/]: Loading dungeoncrawl:monster/entities/stage_1.json
[06Aug2025 14:45:25.549] [main/DEBUG] [Dungeon Crawl/]: Loading dungeoncrawl:monster/entities/stage_2.json
[06Aug2025 14:45:25.549] [main/DEBUG] [Dungeon Crawl/]: Loading dungeoncrawl:monster/entities/stage_3.json
[06Aug2025 14:45:25.549] [main/DEBUG] [Dungeon Crawl/]: Loading dungeoncrawl:monster/entities/stage_4.json
[06Aug2025 14:45:25.549] [main/DEBUG] [Dungeon Crawl/]: Loading dungeoncrawl:monster/entities/stage_5.json
[06Aug2025 14:45:25.549] [main/DEBUG] [Dungeon Crawl/]: Loading dungeoncrawl:monster/equipment/armor/stage_1.json
[06Aug2025 14:45:25.549] [main/DEBUG] [Dungeon Crawl/]: Loading dungeoncrawl:monster/equipment/armor/stage_2.json
[06Aug2025 14:45:25.549] [main/DEBUG] [Dungeon Crawl/]: Loading dungeoncrawl:monster/equipment/armor/stage_3.json
[06Aug2025 14:45:25.550] [main/DEBUG] [Dungeon Crawl/]: Loading dungeoncrawl:monster/equipment/armor/stage_4.json
[06Aug2025 14:45:25.550] [main/DEBUG] [Dungeon Crawl/]: Loading dungeoncrawl:monster/equipment/armor/stage_5.json
[06Aug2025 14:45:25.550] [main/DEBUG] [Dungeon Crawl/]: Loading dungeoncrawl:monster/equipment/weapon/stage_1.json
[06Aug2025 14:45:25.550] [main/DEBUG] [Dungeon Crawl/]: Loading dungeoncrawl:monster/equipment/weapon/stage_2.json
[06Aug2025 14:45:25.550] [main/DEBUG] [Dungeon Crawl/]: Loading dungeoncrawl:monster/equipment/weapon/stage_3.json
[06Aug2025 14:45:25.550] [main/DEBUG] [Dungeon Crawl/]: Loading dungeoncrawl:monster/equipment/weapon/stage_4.json
[06Aug2025 14:45:25.550] [main/DEBUG] [Dungeon Crawl/]: Loading dungeoncrawl:monster/equipment/weapon/stage_5.json
[06Aug2025 14:45:25.551] [main/DEBUG] [Dungeon Crawl/]: Loading dungeoncrawl:monster/potion_effects/stage_1.json
[06Aug2025 14:45:25.552] [main/DEBUG] [Dungeon Crawl/]: Loading dungeoncrawl:monster/potion_effects/stage_2.json
[06Aug2025 14:45:25.552] [main/DEBUG] [Dungeon Crawl/]: Loading dungeoncrawl:monster/potion_effects/stage_3.json
[06Aug2025 14:45:25.553] [main/DEBUG] [Dungeon Crawl/]: Loading dungeoncrawl:monster/potion_effects/stage_4.json
[06Aug2025 14:45:25.553] [main/DEBUG] [Dungeon Crawl/]: Loading dungeoncrawl:monster/potion_effects/stage_5.json
[06Aug2025 14:45:25.553] [main/DEBUG] [Dungeon Crawl/]: Completing...
[06Aug2025 14:45:25.553] [main/INFO] [Dungeon Crawl/]: Done.
[06Aug2025 14:45:31.260] [main/DEBUG] [net.minecraftforge.common.ForgeHooks/WP]: Gathering id map for writing to world save world
[06Aug2025 14:45:31.370] [main/DEBUG] [net.minecraftforge.common.ForgeHooks/WP]: ID Map collection complete world
[06Aug2025 14:45:31.492] [Server thread/INFO] [net.minecraft.server.dedicated.DedicatedServer/]: Starting minecraft server version 1.20.1
[06Aug2025 14:45:31.492] [Server thread/INFO] [net.minecraft.server.dedicated.DedicatedServer/]: Loading properties
[06Aug2025 14:45:31.492] [Server thread/INFO] [net.minecraft.server.dedicated.DedicatedServer/]: Default game type: SURVIVAL
[06Aug2025 14:45:31.492] [Server thread/INFO] [net.minecraft.server.MinecraftServer/]: Generating keypair
[06Aug2025 14:45:31.648] [Server thread/INFO] [net.minecraft.server.dedicated.DedicatedServer/]: Starting Minecraft server on *:25565
[06Aug2025 14:45:31.648] [Server thread/DEBUG] [net.minecraftforge.network.DualStackUtils/]: Detected IPv6 address: "0:0:0:0:0:0:0:0"
[06Aug2025 14:45:31.656] [Server thread/DEBUG] [io.netty.util.internal.NativeLibraryLoader/]: -Dio.netty.native.workdir: /tmp (io.netty.tmpdir)
[06Aug2025 14:45:31.656] [Server thread/DEBUG] [io.netty.util.internal.NativeLibraryLoader/]: -Dio.netty.native.deleteLibAfterLoading: true
[06Aug2025 14:45:31.656] [Server thread/DEBUG] [io.netty.util.internal.NativeLibraryLoader/]: -Dio.netty.native.tryPatchShadedId: true
[06Aug2025 14:45:31.656] [Server thread/DEBUG] [io.netty.util.internal.NativeLibraryLoader/]: -Dio.netty.native.detectNativeLibraryDuplicates: true
[06Aug2025 14:45:31.663] [Server thread/DEBUG] [io.netty.util.internal.NativeLibraryLoader/]: Successfully loaded the library /tmp/libnetty_transport_native_epoll_x86_6417628892844860473141.so
[06Aug2025 14:45:31.667] [Server thread/DEBUG] [io.netty.util.NetUtil/]: -Djava.net.preferIPv4Stack: false
[06Aug2025 14:45:31.667] [Server thread/DEBUG] [io.netty.util.NetUtil/]: -Djava.net.preferIPv6Addresses: true
[06Aug2025 14:45:31.668] [Server thread/DEBUG] [io.netty.util.NetUtilInitializations/]: Loopback interface: lo (lo, 0:0:0:0:0:0:0:1%lo)
[06Aug2025 14:45:31.669] [Server thread/DEBUG] [io.netty.util.NetUtil/]: /proc/sys/net/core/somaxconn: 4096
[06Aug2025 14:45:31.673] [Server thread/INFO] [net.minecraft.server.network.ServerConnectionListener/]: Using epoll channel type
[06Aug2025 14:45:31.685] [Server thread/DEBUG] [io.netty.channel.MultithreadEventLoopGroup/]: -Dio.netty.eventLoopThreads: 8
[06Aug2025 14:45:31.704] [Server thread/DEBUG] [io.netty.util.internal.PlatformDependent/]: org.jctools-core.MpscChunkedArrayQueue: available
[06Aug2025 14:45:31.712] [Server thread/DEBUG] [io.netty.channel.DefaultChannelId/]: -Dio.netty.processId: 2768 (auto-detected)
[06Aug2025 14:45:31.713] [Server thread/DEBUG] [io.netty.channel.DefaultChannelId/]: -Dio.netty.machineId: 00:0d:3a:ff:fe:7d:33:90 (auto-detected)
[06Aug2025 14:45:31.737] [Server thread/DEBUG] [io.netty.buffer.PooledByteBufAllocator/]: -Dio.netty.allocator.numHeapArenas: 8
[06Aug2025 14:45:31.737] [Server thread/DEBUG] [io.netty.buffer.PooledByteBufAllocator/]: -Dio.netty.allocator.numDirectArenas: 8
[06Aug2025 14:45:31.737] [Server thread/DEBUG] [io.netty.buffer.PooledByteBufAllocator/]: -Dio.netty.allocator.pageSize: 8192
[06Aug2025 14:45:31.737] [Server thread/DEBUG] [io.netty.buffer.PooledByteBufAllocator/]: -Dio.netty.allocator.maxOrder: 9
[06Aug2025 14:45:31.737] [Server thread/DEBUG] [io.netty.buffer.PooledByteBufAllocator/]: -Dio.netty.allocator.chunkSize: 4194304
[06Aug2025 14:45:31.737] [Server thread/DEBUG] [io.netty.buffer.PooledByteBufAllocator/]: -Dio.netty.allocator.smallCacheSize: 256
[06Aug2025 14:45:31.737] [Server thread/DEBUG] [io.netty.buffer.PooledByteBufAllocator/]: -Dio.netty.allocator.normalCacheSize: 64
[06Aug2025 14:45:31.737] [Server thread/DEBUG] [io.netty.buffer.PooledByteBufAllocator/]: -Dio.netty.allocator.maxCachedBufferCapacity: 32768
[06Aug2025 14:45:31.737] [Server thread/DEBUG] [io.netty.buffer.PooledByteBufAllocator/]: -Dio.netty.allocator.cacheTrimInterval: 8192
[06Aug2025 14:45:31.738] [Server thread/DEBUG] [io.netty.buffer.PooledByteBufAllocator/]: -Dio.netty.allocator.cacheTrimIntervalMillis: 0
[06Aug2025 14:45:31.738] [Server thread/DEBUG] [io.netty.buffer.PooledByteBufAllocator/]: -Dio.netty.allocator.useCacheForAllThreads: false
[06Aug2025 14:45:31.738] [Server thread/DEBUG] [io.netty.buffer.PooledByteBufAllocator/]: -Dio.netty.allocator.maxCachedByteBuffersPerChunk: 1023
[06Aug2025 14:45:31.746] [Server thread/DEBUG] [io.netty.buffer.ByteBufUtil/]: -Dio.netty.allocator.type: pooled
[06Aug2025 14:45:31.746] [Server thread/DEBUG] [io.netty.buffer.ByteBufUtil/]: -Dio.netty.threadLocalDirectBufferSize: 0
[06Aug2025 14:45:31.746] [Server thread/DEBUG] [io.netty.buffer.ByteBufUtil/]: -Dio.netty.maxThreadLocalCharBufferSize: 16384
[06Aug2025 14:45:31.754] [Server thread/WARN] [net.minecraft.server.dedicated.DedicatedServer/]: **** SERVER IS RUNNING IN OFFLINE/INSECURE MODE!
[06Aug2025 14:45:31.754] [Server thread/WARN] [net.minecraft.server.dedicated.DedicatedServer/]: The server will make no attempt to authenticate usernames. Beware.
[06Aug2025 14:45:31.754] [Server thread/WARN] [net.minecraft.server.dedicated.DedicatedServer/]: While this makes the game possible to play without internet access, it also opens up the ability for hackers to connect with any username they choose.
[06Aug2025 14:45:31.755] [Server thread/WARN] [net.minecraft.server.dedicated.DedicatedServer/]: To change this, set "online-mode" to "true" in the server.properties file.
[06Aug2025 14:45:31.771] [Server thread/DEBUG] [net.minecraftforge.fml.config.ConfigTracker/CONFIG]: Loading configs type SERVER
[06Aug2025 14:45:31.772] [Server thread/DEBUG] [fuzs.puzzleslib.impl.config.core.ForgeConfigFileTypeHandler/CONFIG]: Built TOML config for /workspaces/ls/servidor_minecraft/config/easyanvils-server.toml
[06Aug2025 14:45:31.773] [Server thread/DEBUG] [fuzs.puzzleslib.impl.config.core.ForgeConfigFileTypeHandler/CONFIG]: Loaded TOML config file /workspaces/ls/servidor_minecraft/config/easyanvils-server.toml
[06Aug2025 14:45:31.774] [Server thread/DEBUG] [fuzs.puzzleslib.impl.config.core.ForgeConfigFileTypeHandler/CONFIG]: Watching TOML config file /workspaces/ls/servidor_minecraft/config/easyanvils-server.toml for changes
[06Aug2025 14:45:31.777] [Server thread/INFO] [Puzzles Lib/]: Loading server config for easyanvils
[06Aug2025 14:45:31.778] [Thread-2/DEBUG] [fuzs.puzzleslib.impl.config.core.ForgeConfigFileTypeHandler/CONFIG]: Config file easyanvils-server.toml changed, sending notifies
[06Aug2025 14:45:31.778] [Server thread/DEBUG] [net.minecraftforge.fml.config.ConfigFileTypeHandler/CONFIG]: Built TOML config for ./world/serverconfig/sophisticatedbackpacks-server.toml
[06Aug2025 14:45:31.779] [Thread-2/INFO] [Puzzles Lib/]: Reloading server config for easyanvils
[06Aug2025 14:45:31.780] [Server thread/DEBUG] [net.minecraftforge.fml.config.ConfigFileTypeHandler/CONFIG]: Loaded TOML config file ./world/serverconfig/sophisticatedbackpacks-server.toml
[06Aug2025 14:45:31.780] [Thread-2/DEBUG] [fuzs.puzzleslib.impl.config.core.ForgeConfigFileTypeHandler/CONFIG]: Config file easyanvils-server.toml changed, sending notifies
[06Aug2025 14:45:31.781] [Thread-2/INFO] [Puzzles Lib/]: Reloading server config for easyanvils
[06Aug2025 14:45:31.782] [Server thread/DEBUG] [net.minecraftforge.fml.config.ConfigFileTypeHandler/CONFIG]: Watching TOML config file ./world/serverconfig/sophisticatedbackpacks-server.toml for changes
[06Aug2025 14:45:31.786] [Thread-2/DEBUG] [net.minecraftforge.fml.config.ConfigFileTypeHandler/CONFIG]: Config file sophisticatedbackpacks-server.toml changed, sending notifies
[06Aug2025 14:45:31.788] [Thread-2/DEBUG] [net.minecraftforge.fml.config.ConfigFileTypeHandler/CONFIG]: Config file sophisticatedbackpacks-server.toml changed, sending notifies
[06Aug2025 14:45:31.789] [Server thread/DEBUG] [net.minecraftforge.fml.config.ConfigFileTypeHandler/CONFIG]: Built TOML config for ./world/serverconfig/trapcraft-server.toml
[06Aug2025 14:45:31.791] [Thread-2/DEBUG] [net.minecraftforge.fml.config.ConfigFileTypeHandler/CONFIG]: Config file sophisticatedbackpacks-server.toml changed, sending notifies
[06Aug2025 14:45:31.791] [Server thread/DEBUG] [net.minecraftforge.fml.config.ConfigFileTypeHandler/CONFIG]: Loaded TOML config file ./world/serverconfig/trapcraft-server.toml
[06Aug2025 14:45:31.791] [Server thread/DEBUG] [net.minecraftforge.fml.config.ConfigFileTypeHandler/CONFIG]: Watching TOML config file ./world/serverconfig/trapcraft-server.toml for changes
[06Aug2025 14:45:31.792] [Server thread/DEBUG] [net.minecraftforge.fml.config.ConfigFileTypeHandler/CONFIG]: Built TOML config for /workspaces/ls/servidor_minecraft/config/tombstone-server.toml
[06Aug2025 14:45:31.793] [Server thread/DEBUG] [net.minecraftforge.fml.config.ConfigFileTypeHandler/CONFIG]: Loaded TOML config file /workspaces/ls/servidor_minecraft/config/tombstone-server.toml
[06Aug2025 14:45:31.793] [Server thread/DEBUG] [net.minecraftforge.fml.config.ConfigFileTypeHandler/CONFIG]: Watching TOML config file /workspaces/ls/servidor_minecraft/config/tombstone-server.toml for changes
[06Aug2025 14:45:31.793] [Thread-2/DEBUG] [net.minecraftforge.fml.config.ConfigFileTypeHandler/CONFIG]: Config file trapcraft-server.toml changed, sending notifies
[06Aug2025 14:45:31.794] [Thread-2/DEBUG] [net.minecraftforge.fml.config.ConfigFileTypeHandler/CONFIG]: Config file tombstone-server.toml changed, sending notifies
[06Aug2025 14:45:31.795] [Server thread/DEBUG] [fuzs.puzzleslib.impl.config.core.ForgeConfigFileTypeHandler/CONFIG]: Built TOML config for /workspaces/ls/servidor_minecraft/config/easymagic-server.toml
[06Aug2025 14:45:31.795] [Server thread/DEBUG] [fuzs.puzzleslib.impl.config.core.ForgeConfigFileTypeHandler/CONFIG]: Loaded TOML config file /workspaces/ls/servidor_minecraft/config/easymagic-server.toml
[06Aug2025 14:45:31.795] [Server thread/DEBUG] [fuzs.puzzleslib.impl.config.core.ForgeConfigFileTypeHandler/CONFIG]: Watching TOML config file /workspaces/ls/servidor_minecraft/config/easymagic-server.toml for changes
[06Aug2025 14:45:31.795] [Server thread/INFO] [Puzzles Lib/]: Loading server config for easymagic
[06Aug2025 14:45:31.796] [Thread-2/DEBUG] [fuzs.puzzleslib.impl.config.core.ForgeConfigFileTypeHandler/CONFIG]: Config file easymagic-server.toml changed, sending notifies
[06Aug2025 14:45:31.796] [Thread-2/INFO] [Puzzles Lib/]: Reloading server config for easymagic
[06Aug2025 14:45:31.796] [Thread-2/DEBUG] [fuzs.puzzleslib.impl.config.core.ForgeConfigFileTypeHandler/CONFIG]: Config file easymagic-server.toml changed, sending notifies
[06Aug2025 14:45:31.796] [Server thread/DEBUG] [net.minecraftforge.fml.config.ConfigFileTypeHandler/CONFIG]: Built TOML config for ./world/serverconfig/jei-server.toml
[06Aug2025 14:45:31.796] [Thread-2/INFO] [Puzzles Lib/]: Reloading server config for easymagic
[06Aug2025 14:45:31.797] [Server thread/DEBUG] [net.minecraftforge.fml.config.ConfigFileTypeHandler/CONFIG]: Loaded TOML config file ./world/serverconfig/jei-server.toml
[06Aug2025 14:45:31.797] [Server thread/DEBUG] [net.minecraftforge.fml.config.ConfigFileTypeHandler/CONFIG]: Watching TOML config file ./world/serverconfig/jei-server.toml for changes
[06Aug2025 14:45:31.797] [Thread-2/DEBUG] [net.minecraftforge.fml.config.ConfigFileTypeHandler/CONFIG]: Config file jei-server.toml changed, sending notifies
[06Aug2025 14:45:31.798] [Thread-2/DEBUG] [net.minecraftforge.fml.config.ConfigFileTypeHandler/CONFIG]: Config file jei-server.toml changed, sending notifies
[06Aug2025 14:45:31.798] [Server thread/DEBUG] [net.minecraftforge.fml.config.ConfigFileTypeHandler/CONFIG]: Built TOML config for ./world/serverconfig/journeymap-server.toml
[06Aug2025 14:45:31.798] [Server thread/DEBUG] [net.minecraftforge.fml.config.ConfigFileTypeHandler/CONFIG]: Loaded TOML config file ./world/serverconfig/journeymap-server.toml
[06Aug2025 14:45:31.798] [Server thread/DEBUG] [net.minecraftforge.fml.config.ConfigFileTypeHandler/CONFIG]: Watching TOML config file ./world/serverconfig/journeymap-server.toml for changes
[06Aug2025 14:45:31.799] [Server thread/INFO] [journeymap/]: Loading JourneyMap Forge Configs
[06Aug2025 14:45:31.800] [Server thread/DEBUG] [net.minecraftforge.fml.config.ConfigFileTypeHandler/CONFIG]: Built TOML config for ./world/serverconfig/forge-server.toml
[06Aug2025 14:45:31.800] [Thread-2/DEBUG] [net.minecraftforge.fml.config.ConfigFileTypeHandler/CONFIG]: Config file journeymap-server.toml changed, sending notifies
[06Aug2025 14:45:31.800] [Server thread/DEBUG] [net.minecraftforge.fml.config.ConfigFileTypeHandler/CONFIG]: Loaded TOML config file ./world/serverconfig/forge-server.toml
[06Aug2025 14:45:31.800] [Server thread/DEBUG] [net.minecraftforge.fml.config.ConfigFileTypeHandler/CONFIG]: Watching TOML config file ./world/serverconfig/forge-server.toml for changes
[06Aug2025 14:45:31.801] [Server thread/DEBUG] [net.minecraftforge.common.ForgeConfig/FORGEMOD]: Loaded forge config file forge-server.toml
[06Aug2025 14:45:31.800] [Thread-2/INFO] [journeymap/]: Loading JourneyMap Forge Configs
[06Aug2025 14:45:31.801] [Server thread/DEBUG] [net.minecraftforge.fml.config.ConfigFileTypeHandler/CONFIG]: Built TOML config for ./world/serverconfig/securitycraft-server.toml
[06Aug2025 14:45:31.802] [Server thread/DEBUG] [net.minecraftforge.fml.config.ConfigFileTypeHandler/CONFIG]: Loaded TOML config file ./world/serverconfig/securitycraft-server.toml
[06Aug2025 14:45:31.803] [Server thread/DEBUG] [net.minecraftforge.fml.config.ConfigFileTypeHandler/CONFIG]: Watching TOML config file ./world/serverconfig/securitycraft-server.toml for changes
[06Aug2025 14:45:31.809] [Thread-2/DEBUG] [net.minecraftforge.fml.config.ConfigFileTypeHandler/CONFIG]: Config file securitycraft-server.toml changed, sending notifies
[06Aug2025 14:45:31.811] [Server thread/DEBUG] [mixin/]: Mixing accessor.BiomeSpecialEffectsBuilderForgeAccessor from puzzleslib.forge.mixins.json into net.minecraft.world.level.biome.BiomeSpecialEffects$Builder
[06Aug2025 14:45:32.115] [Server thread/INFO] [Framework/]: Loading server configs...
[06Aug2025 14:45:32.127] [Server thread/DEBUG] [mixin/]: Mixing TradeOffersTypeAwareBuyForOneEmeraldFactoryMixin from fabric-object-builder-v1.mixins.json into net.minecraft.world.entity.npc.VillagerTrades$EmeraldsForVillagerTypeItem
[06Aug2025 14:45:32.127] [Server thread/DEBUG] [mixin/]: fabric-object-builder-v1.mixins.json:TradeOffersTypeAwareBuyForOneEmeraldFactoryMixin: Class version 61 required is higher than the class version supported by the current version of Mixin (JAVA_16 supports class version 60)
[06Aug2025 14:45:32.152] [Server thread/DEBUG] [SpectreLib/CONFIG]: Loading server configs from ./world/serverconfig on server
[06Aug2025 14:45:32.152] [Server thread/DEBUG] [SpectreLib/CONFIG]: Built TOML config for /workspaces/ls/servidor_minecraft/config/comforts-server.toml
[06Aug2025 14:45:32.153] [Server thread/DEBUG] [SpectreLib/CONFIG]: Loaded TOML config file /workspaces/ls/servidor_minecraft/config/comforts-server.toml
[06Aug2025 14:45:32.173] [Server thread/INFO] [terrablender/]: Initialized TerraBlender biomes for level stem minecraft:the_nether
[06Aug2025 14:45:32.707] [Server thread/INFO] [terrablender/]: Initialized TerraBlender biomes for level stem minecraft:overworld
[06Aug2025 14:45:32.707] [Server thread/INFO] [net.minecraft.server.dedicated.DedicatedServer/]: Preparing level "world"
[06Aug2025 14:45:32.714] [Server thread/DEBUG] [net.minecraftforge.coremod.transformer.CoreModBaseTransformer/COREMOD]: Transforming net/minecraft/world/level/levelgen/PhantomSpawner
[06Aug2025 14:45:32.724] [Server thread/DEBUG] [net.minecraftforge.coremod.transformer.CoreModBaseTransformer/COREMOD]: Transforming net/minecraft/world/level/levelgen/PatrolSpawner
[06Aug2025 14:45:32.731] [Server thread/DEBUG] [mixin/]: Mixing PatrolSpawnerAccessor from friendsandfoes-common.mixins.json into net.minecraft.world.level.levelgen.PatrolSpawner
[06Aug2025 14:45:32.731] [Server thread/DEBUG] [mixin/]: Mixing PatrolSpawnerMixin from friendsandfoes-common.mixins.json into net.minecraft.world.level.levelgen.PatrolSpawner
[06Aug2025 14:45:32.737] [Server thread/DEBUG] [net.minecraftforge.coremod.transformer.CoreModBaseTransformer/COREMOD]: Transforming net/minecraft/world/entity/npc/CatSpawner
[06Aug2025 14:45:32.742] [Server thread/DEBUG] [net.minecraftforge.coremod.transformer.CoreModBaseTransformer/COREMOD]: Transforming net/minecraft/world/entity/ai/village/VillageSiege
[06Aug2025 14:45:32.756] [Server thread/DEBUG] [mixin/]: Mixing ChunkLoadDebug from cupboard.mixins.json into net.minecraft.server.level.ServerChunkCache
[06Aug2025 14:45:32.757] [Server thread/DEBUG] [mixin/]: Mixing ServerChunkCacheMixin from smoothchunk.mixins.json into net.minecraft.server.level.ServerChunkCache
[06Aug2025 14:45:32.768] [Server thread/DEBUG] [mixin/]: Mixing DamageSourcesMixin from tombstone.mixins.json into net.minecraft.world.damagesource.DamageSources
[06Aug2025 14:45:32.793] [Server thread/DEBUG] [mixin/]: Mixing PersistentEntitySectionManagerMixin from smoothchunk.mixins.json into net.minecraft.world.level.entity.PersistentEntitySectionManager
[06Aug2025 14:45:32.809] [Server thread/DEBUG] [mixin/]: Mixing ChunkMapMixin from smoothchunk.mixins.json into net.minecraft.server.level.ChunkMap
[06Aug2025 14:45:32.816] [Server thread/DEBUG] [mixin/]: Mixing ChunkMapSlowUnload from smoothchunk.mixins.json into net.minecraft.server.level.ChunkMap
[06Aug2025 14:45:32.820] [Server thread/DEBUG] [mixin/]: Mixing camera.ChunkMapMixin from securitycraft.mixins.json into net.minecraft.server.level.ChunkMap
[06Aug2025 14:45:32.821] [Server thread/DEBUG] [mixin/]: Renaming synthetic method lambda$securitycraft$onDropChunk$3(Lnet/minecraft/server/level/ServerPlayer;Lnet/minecraft/world/level/ChunkPos;Lnet/geforcemods/securitycraft/blockentities/SecurityCameraBlockEntity;)Z to md49d408$lambda$securitycraft$onDropChunk$3$0 in securitycraft.mixins.json:camera.ChunkMapMixin
[06Aug2025 14:45:32.821] [Server thread/DEBUG] [mixin/]: Renaming synthetic method lambda$securitycraft$sendChunksToCameras$2(Lnet/minecraft/server/level/ServerPlayer;Lnet/minecraft/world/level/ChunkPos;Lnet/geforcemods/securitycraft/blockentities/SecurityCameraBlockEntity;)Z to md49d408$lambda$securitycraft$sendChunksToCameras$2$1 in securitycraft.mixins.json:camera.ChunkMapMixin
[06Aug2025 14:45:32.821] [Server thread/DEBUG] [mixin/]: Renaming synthetic method lambda$securitycraft$trackCameraLoadedChunks$1(Lnet/minecraft/server/level/ServerPlayer;Lnet/minecraft/world/level/ChunkPos;Lnet/geforcemods/securitycraft/blockentities/SecurityCameraBlockEntity;)Z to md49d408$lambda$securitycraft$trackCameraLoadedChunks$1$2 in securitycraft.mixins.json:camera.ChunkMapMixin
[06Aug2025 14:45:32.821] [Server thread/DEBUG] [mixin/]: Renaming synthetic method lambda$securitycraft$trackCameraLoadedChunks$0(Lnet/minecraft/server/level/ServerPlayer;Lnet/geforcemods/securitycraft/blockentities/SecurityCameraBlockEntity;)Z to md49d408$lambda$securitycraft$trackCameraLoadedChunks$0$3 in securitycraft.mixins.json:camera.ChunkMapMixin
[06Aug2025 14:45:32.862] [Server thread/DEBUG] [mixin/]: Mixing SurfaceSystemMixin from biomeswevegone-common.mixins.json into net.minecraft.world.level.levelgen.SurfaceSystem
[06Aug2025 14:45:32.862] [Server thread/DEBUG] [mixin/]: Renaming synthetic method lambda$getBandsState$0(Lnet/minecraft/util/valueproviders/IntProvider;Lnet/minecraft/util/valueproviders/IntProvider;Lnet/minecraft/util/random/SimpleWeightedRandomList;Lnet/potionstudios/biomeswevegone/world/level/levelgen/surfacerules/BandsRuleSource;)[Lnet/minecraft/world/level/block/state/BlockState; to md49d408$lambda$getBandsState$0$0 in biomeswevegone-common.mixins.json:SurfaceSystemMixin
[06Aug2025 14:45:32.922] [Netty Epoll Server IO #1/DEBUG] [mixin/]: Mixing BlockEntityUpdateS2CPacketMixin from fabric-data-attachment-api-v1.mixins.json into net.minecraft.network.protocol.game.ClientboundBlockEntityDataPacket
[06Aug2025 14:45:32.923] [Netty Epoll Server IO #1/DEBUG] [mixin/]: Renaming synthetic method lambda$stripPersistentAttachmentData$0(Ljava/util/function/Function;Lnet/minecraft/world/level/block/entity/BlockEntity;)Lnet/minecraft/nbt/CompoundTag; to md49d408$lambda$stripPersistentAttachmentData$0$0 in fabric-data-attachment-api-v1.mixins.json:BlockEntityUpdateS2CPacketMixin
[06Aug2025 14:45:33.160] [Netty Epoll Server IO #1/DEBUG] [io.netty.util.Recycler/]: -Dio.netty.recycler.maxCapacityPerThread: 4096
[06Aug2025 14:45:33.161] [Netty Epoll Server IO #1/DEBUG] [io.netty.util.Recycler/]: -Dio.netty.recycler.ratio: 8
[06Aug2025 14:45:33.161] [Netty Epoll Server IO #1/DEBUG] [io.netty.util.Recycler/]: -Dio.netty.recycler.chunkSize: 32
[06Aug2025 14:45:33.161] [Netty Epoll Server IO #1/DEBUG] [io.netty.util.Recycler/]: -Dio.netty.recycler.blocking: false
[06Aug2025 14:45:33.166] [Netty Epoll Server IO #1/DEBUG] [io.netty.buffer.AbstractByteBuf/]: -Dio.netty.buffer.checkAccessible: true
[06Aug2025 14:45:33.166] [Netty Epoll Server IO #1/DEBUG] [io.netty.buffer.AbstractByteBuf/]: -Dio.netty.buffer.checkBounds: true
[06Aug2025 14:45:33.167] [Netty Epoll Server IO #1/DEBUG] [io.netty.util.ResourceLeakDetectorFactory/]: Loaded default ResourceLeakDetector: io.netty.util.ResourceLeakDetector@15447f95
[06Aug2025 14:45:33.181] [Netty Epoll Server IO #1/INFO] [net.minecraftforge.server.ServerLifecycleHooks/SERVERHOOKS]: Disconnecting Player (server is still starting): literal{Server is still starting! Please wait before reconnecting.}
[06Aug2025 14:45:33.281] [Server thread/DEBUG] [mixin/]: Mixing reinforced.PortalForcerMixin from securitycraft.mixins.json into net.minecraft.world.level.portal.PortalForcer
[06Aug2025 14:45:33.295] [Server thread/DEBUG] [mixin/]: Mixing MixinSleepStatus from comforts.mixins.json into net.minecraft.server.players.SleepStatus
[06Aug2025 14:45:33.477] [Server thread/DEBUG] [mixin/]: Mixing AccessoriesCapabilityImplMixin from cclayer.mixins.json into io.wispforest.accessories.impl.AccessoriesCapabilityImpl
[06Aug2025 14:45:33.477] [Server thread/DEBUG] [mixin/]: Renaming synthetic method lambda$attemptCurioConversion$0()Lio/wispforest/accessories/impl/AccessoriesCapabilityImpl; to md49d408$lambda$attemptCurioConversion$0$0 in cclayer.mixins.json:AccessoriesCapabilityImplMixin
[06Aug2025 14:45:33.508] [Server thread/DEBUG] [mixin/]: Mixing CombatTrackerAccessor from playerrevive.mixins.json into net.minecraft.world.damagesource.CombatTracker
[06Aug2025 14:45:33.511] [Server thread/DEBUG] [mixin/]: Mixing LimbAnimatorAccessor from friendsandfoes-common.mixins.json into net.minecraft.world.entity.WalkAnimationState
[06Aug2025 14:45:33.539] [Server thread/DEBUG] [mixin/]: Mixing entities.AmphibiousNodeEvaluatorMixin from the_bumblezone-common.mixins.json into net.minecraft.world.level.pathfinder.AmphibiousNodeEvaluator
[06Aug2025 14:45:33.572] [Server thread/DEBUG] [mixin/]: Mixing entities.FlyNodeEvaluatorMixin from the_bumblezone-common.mixins.json into net.minecraft.world.level.pathfinder.FlyNodeEvaluator
[06Aug2025 14:45:33.702] [Server thread/DEBUG] [com.cerbon.cerbons_api.util.Constants/]: Loaded com.cerbon.cerbons_api.forge.platform.ForgePlatformHelper@149c472b for service interface com.cerbon.cerbons_api.platform.services.IPlatformHelper
[06Aug2025 14:45:33.703] [Server thread/DEBUG] [com.cerbon.cerbons_api.util.Constants/]: Loaded com.cerbon.cerbons_api.forge.platform.ForgeRegistryHelper@3f3dcf27 for service interface com.cerbon.cerbons_api.platform.services.IRegistryHelper
[06Aug2025 14:45:33.703] [Server thread/DEBUG] [com.cerbon.cerbons_api.util.Constants/]: Loaded com.cerbon.cerbons_api.forge.platform.ForgeCapabilityHelper@3cd785c7 for service interface com.cerbon.cerbons_api.platform.services.ICapabilityHelper
[06Aug2025 14:45:33.746] [Server thread/WARN] [net.minecraft.network.syncher.SynchedEntityData/]: defineId called for: class com.cerbon.bosses_of_mass_destruction.entity.custom.obsidilith.ObsidilithEntity from class com.cerbon.bosses_of_mass_destruction.entity.custom.obsidilith.ObsidilithUtils
[06Aug2025 14:45:33.751] [Server thread/WARN] [net.minecraft.network.syncher.SynchedEntityData/]: defineId called for: class com.cerbon.bosses_of_mass_destruction.entity.custom.gauntlet.GauntletEntity from class com.cerbon.bosses_of_mass_destruction.projectile.PetalBladeProjectile
[06Aug2025 14:45:33.757] [Server thread/WARN] [net.minecraft.network.syncher.SynchedEntityData/]: defineId called for: class com.cerbon.bosses_of_mass_destruction.entity.util.BaseEntity from class com.cerbon.bosses_of_mass_destruction.entity.custom.void_blossom.hitbox.NetworkedHitboxManager
[06Aug2025 14:45:33.809] [Server thread/DEBUG] [mixin/]: Mixing VibrationListenerMixin from mixins.deeperdarker.json into net.minecraft.world.level.gameevent.vibrations.VibrationSystem$Listener
[06Aug2025 14:45:34.182] [Server thread/DEBUG] [mixin/]: Mixing PiglinAiMixin from accessories-common.mixins.json into net.minecraft.world.entity.monster.piglin.PiglinAi
[06Aug2025 14:45:34.292] [Server thread/DEBUG] [mixin/]: Mixing VillagerTaskListProviderMixin from friendsandfoes-common.mixins.json into net.minecraft.world.entity.ai.behavior.VillagerGoalPackages
[06Aug2025 14:45:36.767] [Server thread/INFO] [net.minecraft.server.MinecraftServer/]: Preparing start region for dimension minecraft:overworld
[06Aug2025 14:45:37.487] [Server thread/DEBUG] [mixin/]: Mixing ChunkSerializerMixin from fabric-data-attachment-api-v1.mixins.json into net.minecraft.world.level.chunk.storage.ChunkSerializer
[06Aug2025 14:45:37.487] [Server thread/DEBUG] [mixin/]: Mixing MixinChunkSerializer from architectury.mixins.json into net.minecraft.world.level.chunk.storage.ChunkSerializer
[06Aug2025 14:45:37.488] [Server thread/DEBUG] [mixin/]: Mixing chunk.MixinChunkSerializer from ohthetreesyoullgrow.mixins.json into net.minecraft.world.level.chunk.storage.ChunkSerializer
[06Aug2025 14:45:37.490] [Server thread/DEBUG] [mixin/]: Mixing chunk.MixinChunkSerializer from corgilib-common.mixins.json into net.minecraft.world.level.chunk.storage.ChunkSerializer
[06Aug2025 14:45:37.501] [Server thread/DEBUG] [mixin/]: Mixing WrapperProtoChunkMixin from fabric-data-attachment-api-v1.mixins.json into net.minecraft.world.level.chunk.ImposterProtoChunk
[06Aug2025 14:45:37.527] [Server thread/DEBUG] [mixin/]: Mixing ThreadingDetectorMixin from cupboard.mixins.json into net.minecraft.util.ThreadingDetector
[06Aug2025 14:45:38.081] [Server thread/DEBUG] [net.minecraftforge.coremod.transformer.CoreModBaseTransformer/COREMOD]: Transforming net/minecraft/world/level/levelgen/structure/templatesystem/StructureTemplate
[06Aug2025 14:45:38.127] [Server thread/DEBUG] [mixin/]: Mixing world.StructureTemplateAccessor from the_bumblezone-common.mixins.json into net.minecraft.world.level.levelgen.structure.templatesystem.StructureTemplate
[06Aug2025 14:45:38.127] [Server thread/DEBUG] [mixin/]: Mixing world.StructureTemplateMixin from the_bumblezone-common.mixins.json into net.minecraft.world.level.levelgen.structure.templatesystem.StructureTemplate
[06Aug2025 14:45:38.128] [Server thread/DEBUG] [mixin/]: Renaming synthetic method lambda$bumblezone$preventAutoWaterlogging$0(Lnet/minecraft/world/level/levelgen/structure/templatesystem/StructureProcessor;)Z to md49d408$lambda$bumblezone$preventAutoWaterlogging$0$0 in the_bumblezone-common.mixins.json:world.StructureTemplateMixin
[06Aug2025 14:45:38.129] [Server thread/DEBUG] [mixin/]: Mixing passcode.StructureTemplateMixin from securitycraft.mixins.json into net.minecraft.world.level.levelgen.structure.templatesystem.StructureTemplate
[06Aug2025 14:45:42.295] [Worker-Main-1/INFO] [net.minecraft.server.level.progress.LoggerChunkProgressListener/]: Preparing spawn area: 0%
[06Aug2025 14:45:42.323] [Worker-Main-1/INFO] [net.minecraft.server.level.progress.LoggerChunkProgressListener/]: Preparing spawn area: 0%
[06Aug2025 14:45:42.339] [Worker-Main-1/INFO] [net.minecraft.server.level.progress.LoggerChunkProgressListener/]: Preparing spawn area: 0%
[06Aug2025 14:45:42.350] [Worker-Main-1/INFO] [net.minecraft.server.level.progress.LoggerChunkProgressListener/]: Preparing spawn area: 0%
[06Aug2025 14:45:42.361] [Worker-Main-2/INFO] [net.minecraft.server.level.progress.LoggerChunkProgressListener/]: Preparing spawn area: 0%
[06Aug2025 14:45:42.374] [Worker-Main-1/INFO] [net.minecraft.server.level.progress.LoggerChunkProgressListener/]: Preparing spawn area: 0%
[06Aug2025 14:45:42.386] [Worker-Main-3/INFO] [net.minecraft.server.level.progress.LoggerChunkProgressListener/]: Preparing spawn area: 0%
[06Aug2025 14:45:42.396] [Worker-Main-3/INFO] [net.minecraft.server.level.progress.LoggerChunkProgressListener/]: Preparing spawn area: 0%
[06Aug2025 14:45:42.437] [Worker-Main-2/INFO] [net.minecraft.server.level.progress.LoggerChunkProgressListener/]: Preparing spawn area: 0%
[06Aug2025 14:45:42.448] [Worker-Main-1/INFO] [net.minecraft.server.level.progress.LoggerChunkProgressListener/]: Preparing spawn area: 0%
[06Aug2025 14:45:42.458] [Worker-Main-1/INFO] [net.minecraft.server.level.progress.LoggerChunkProgressListener/]: Preparing spawn area: 0%
[06Aug2025 14:45:42.469] [Worker-Main-3/INFO] [net.minecraft.server.level.progress.LoggerChunkProgressListener/]: Preparing spawn area: 0%
[06Aug2025 14:45:42.769] [Worker-Main-1/INFO] [net.minecraft.server.level.progress.LoggerChunkProgressListener/]: Preparing spawn area: 0%
[06Aug2025 14:45:43.270] [Worker-Main-3/INFO] [net.minecraft.server.level.progress.LoggerChunkProgressListener/]: Preparing spawn area: 43%
[06Aug2025 14:45:43.702] [Server thread/INFO] [net.minecraft.server.level.progress.LoggerChunkProgressListener/]: Time elapsed: 6934 ms
[06Aug2025 14:45:43.703] [Server thread/INFO] [net.minecraft.server.dedicated.DedicatedServer/]: Done (11.932s)! For help, type "help"
[06Aug2025 14:45:43.713] [Server thread/DEBUG] [net.minecraftforge.network.DualStackUtils/]: Detected IPv6 address: "0:0:0:0:0:0:0:0"
[06Aug2025 14:45:43.769] [Server thread/DEBUG] [net.minecraftforge.common.ForgeI18n/CORE]: Loading I18N data entries: 17357
[06Aug2025 14:45:43.773] [Server thread/INFO] [net.minecraftforge.server.permission.PermissionAPI/]: Successfully initialized permission handler forge:default_handler
[06Aug2025 14:45:43.779] [Server thread/INFO] [mcp.mobius.waila.config.PluginConfig/]: [WTHIT] Plugin config reloaded
[06Aug2025 14:45:43.812] [Server thread/INFO] [com.cupboard.Cupboard/]: Loaded config for: smoothchunk.json
[06Aug2025 14:45:43.818] [Server thread/WARN] [voicechat/]: [voicechat] Running in offline mode - Voice chat encryption is not secure!
[06Aug2025 14:45:43.823] [Server thread/DEBUG] [voicechat/]: [voicechat] Using default voicechat socket implementation
[06Aug2025 14:45:43.828] [VoiceChatServerThread/INFO] [voicechat/]: [voicechat] Voice chat server started at port 24454
[06Aug2025 14:45:43.829] [Server thread/DEBUG] [voicechat/]: [voicechat] Synchronizing volume category own_voice with all players
[06Aug2025 14:45:43.963] [Server thread/DEBUG] [mixin/]: Mixing loot.LootParamsMixin from the_bumblezone-common.mixins.json into net.minecraft.world.level.storage.loot.LootParams
[06Aug2025 14:45:43.982] [Server thread/DEBUG] [net.minecraftforge.coremod.transformer.CoreModBaseTransformer/COREMOD]: Transforming net/minecraft/world/level/NaturalSpawner
[06Aug2025 14:45:44.000] [Server thread/DEBUG] [mixin/]: Mixing entities.MobSpawnLocationMixin from the_bumblezone-common.mixins.json into net.minecraft.world.level.NaturalSpawner
[06Aug2025 14:45:44.000] [Server thread/DEBUG] [mixin/]: Mixing item.wearable.NaturalSpawnerMixin from mixins.artifacts.common.json into net.minecraft.world.level.NaturalSpawner
[06Aug2025 14:45:44.000] [Server thread/DEBUG] [mixin/]: Renaming synthetic method lambda$spawnCategoryForPosition$0(Lnet/minecraft/world/entity/Mob;Lnet/minecraft/world/item/ItemStack;)V to md49d408$lambda$spawnCategoryForPosition$0$0 in mixins.artifacts.common.json:item.wearable.NaturalSpawnerMixin
[06Aug2025 14:45:44.001] [Server thread/DEBUG] [mixin/]: Mixing NaturalSpawnerMixin from mixins.bosses_of_mass_destruction.json into net.minecraft.world.level.NaturalSpawner
[06Aug2025 14:45:44.025] [Server thread/DEBUG] [mixin/]: Mixing camera.TrackedEntityMixin from securitycraft.mixins.json into net.minecraft.server.level.ChunkMap$TrackedEntity
[06Aug2025 14:45:44.090] [Server thread/DEBUG] [artifacts.Artifacts/]: Loaded artifacts.forge.platform.ForgePlatformHelper@6b593528 for service interface artifacts.platform.PlatformHelper
[06Aug2025 14:45:44.419] [Server thread/DEBUG] [mixin/]: Mixing boat.VanillaInventoryCodeHooksMixin from securitycraft.mixins.json into net.minecraftforge.items.VanillaInventoryCodeHooks
[06Aug2025 14:45:44.419] [Server thread/DEBUG] [mixin/]: Renaming synthetic method lambda$securitycraft$callGetCapabilityForSecuritySeaBoat$0(Lnet/geforcemods/securitycraft/entity/SecuritySeaBoat;Lnet/minecraftforge/items/IItemHandler;)Lorg/apache/commons/lang3/tuple/Pair; to md49d408$lambda$securitycraft$callGetCapabilityForSecuritySeaBoat$0$0 in securitycraft.mixins.json:boat.VanillaInventoryCodeHooksMixin
[06Aug2025 14:46:13.883] [Netty Epoll Server IO #3/DEBUG] [net.minecraftforge.network.HandshakeHandler/FMLHANDSHAKE]: Starting new modded impl connection. Found 31 messages to dispatch.
[06Aug2025 14:46:13.934] [Server thread/DEBUG] [net.minecraftforge.network.HandshakeHandler/FMLHANDSHAKE]: Sending ticking packet info 'net.minecraftforge.network.HandshakeMessages$S2CModData' to 'fml:handshake' sequence 0
[06Aug2025 14:46:13.984] [Server thread/DEBUG] [net.minecraftforge.network.HandshakeHandler/FMLHANDSHAKE]: Sending ticking packet info 'net.minecraftforge.network.HandshakeMessages$S2CModList' to 'fml:handshake' sequence 1
[06Aug2025 14:46:14.034] [Server thread/DEBUG] [net.minecraftforge.network.HandshakeHandler/FMLHANDSHAKE]: Sending ticking packet info 'Registry minecraft:command_argument_type' to 'fml:handshake' sequence 2
[06Aug2025 14:46:14.063] [Netty Epoll Server IO #3/DEBUG] [net.minecraftforge.network.LoginWrapper/FMLHANDSHAKE]: Recieved login wrapper packet event for channel fml:handshake with index 1
[06Aug2025 14:46:14.066] [Netty Epoll Server IO #3/DEBUG] [net.minecraftforge.network.HandshakeHandler/FMLHANDSHAKE]: Received client indexed reply 1 of type net.minecraftforge.network.HandshakeMessages$C2SModListReply
[06Aug2025 14:46:14.066] [Netty Epoll Server IO #3/DEBUG] [net.minecraftforge.network.HandshakeHandler/FMLHANDSHAKE]: Received client connection with modlist [hexerei, kuma_api, mcwbyg, easyanvils, geckolib, dynamiclights, incendium, sophisticatedcore, gpumemleakfix, citadel, alexsmobs, fabric_data_attachment_api_v1, mixinextras, sophisticatedbackpacks, balm, fpsreducer, carryon, chat_heads, cloth_config, craftable_elytra_remastered, emojiful, konkrete, embeddium, rubidium, athena, morebows, resourcefulconfig, wthit, waila, trapcraft, curios, cclayer, collective, cerbons_api, mr_dungeons_andtaverns, bettervillage, tombstone, fabric_entity_events_v1, resourcefullib, accessories, deeperdarker, architectury, cupboard, flib, mace_backport, the_bumblezone, framework, inventorymanagement, chas, playerrevive, darkmodeeverywhere, easymagic, jei, libraryferret, goblintraders, waystones, journeymap, comforts, artifacts, badpackets, dungeoncrawl, orcz, bosses_of_mass_destruction, terralith, memoryleakfix, mythicmounts, enhanced_boss_bars, puzzlesaccessapi, dungeons_arise_seven_seas, forge, tlskincape, better_fishing_rods, friendsandfoes, dungeons_arise, minecraft, smoothchunk, voicechat, sound_physics_remastered, simplyswords, terrablender, fabric_api_base, creativecore, ohthetreesyoullgrow, spectrelib, corgilib, biomeswevegone, betterfpsdist, securitycraft, entityculling, immediatelyfast, creeperoverhaul, ferritecore, fabric_object_builder_api_v1, yet_another_config_lib_v3, puzzleslib, justzoom, addonslib, expandability]
[06Aug2025 14:46:14.067] [Netty Epoll Server IO #3/DEBUG] [net.minecraftforge.network.NetworkRegistry/NETREGISTRY]: Channel 'the_bumblezone:networking' : Version test of '7.8.0+1.20.1-forge' from client : ACCEPTED
[06Aug2025 14:46:14.067] [Netty Epoll Server IO #3/DEBUG] [net.minecraftforge.network.NetworkRegistry/NETREGISTRY]: Channel 'voicechat:secret' : Version test of 'ALLOWVANILLA 💓💓💓' from client : ACCEPTED
[06Aug2025 14:46:14.067] [Netty Epoll Server IO #3/DEBUG] [net.minecraftforge.network.NetworkRegistry/NETREGISTRY]: Channel 'mace_backport:mace_backport' : Version test of '1' from client : ACCEPTED
[06Aug2025 14:46:14.067] [Netty Epoll Server IO #3/DEBUG] [net.minecraftforge.network.NetworkRegistry/NETREGISTRY]: Channel 'voicechat:create_group' : Version test of 'ALLOWVANILLA 💓💓💓' from client : ACCEPTED
[06Aug2025 14:46:14.067] [Netty Epoll Server IO #3/DEBUG] [net.minecraftforge.network.NetworkRegistry/NETREGISTRY]: Channel 'jei:channel' : Version test of '1.0.0' from client : ACCEPTED
[06Aug2025 14:46:14.068] [Netty Epoll Server IO #3/DEBUG] [net.minecraftforge.network.NetworkRegistry/NETREGISTRY]: Channel 'minecraft:unregister' : Version test of 'FML3' from client : ACCEPTED
[06Aug2025 14:46:14.068] [Netty Epoll Server IO #3/DEBUG] [net.minecraftforge.network.NetworkRegistry/NETREGISTRY]: Channel 'sophisticatedbackpacks:channel' : Version test of '1' from client : ACCEPTED
[06Aug2025 14:46:14.068] [Netty Epoll Server IO #3/DEBUG] [net.minecraftforge.network.NetworkRegistry/NETREGISTRY]: Channel 'corgilib:network' : Version test of '1' from client : ACCEPTED
[06Aug2025 14:46:14.068] [Netty Epoll Server IO #3/DEBUG] [net.minecraftforge.network.NetworkRegistry/NETREGISTRY]: Channel 'framework:play' : Version test of '1' from client : ACCEPTED
[06Aug2025 14:46:14.068] [Netty Epoll Server IO #3/DEBUG] [net.minecraftforge.network.NetworkRegistry/NETREGISTRY]: Channel 'journeymap:version' : Version test of '1' from client : ACCEPTED
[06Aug2025 14:46:14.068] [Netty Epoll Server IO #3/DEBUG] [net.minecraftforge.network.NetworkRegistry/NETREGISTRY]: Channel 'voicechat:update_state' : Version test of 'ALLOWVANILLA 💓💓💓' from client : ACCEPTED
[06Aug2025 14:46:14.068] [Netty Epoll Server IO #3/DEBUG] [net.minecraftforge.network.NetworkRegistry/NETREGISTRY]: Channel 'journeymap:admin_req' : Version test of '1' from client : ACCEPTED
[06Aug2025 14:46:14.068] [Netty Epoll Server IO #3/DEBUG] [net.minecraftforge.network.NetworkRegistry/NETREGISTRY]: Channel 'journeymap:waypoint' : Version test of '1' from client : ACCEPTED
[06Aug2025 14:46:14.068] [Netty Epoll Server IO #3/DEBUG] [net.minecraftforge.network.NetworkRegistry/NETREGISTRY]: Channel 'voicechat:add_group' : Version test of 'ALLOWVANILLA 💓💓💓' from client : ACCEPTED
[06Aug2025 14:46:14.068] [Netty Epoll Server IO #3/DEBUG] [net.minecraftforge.network.NetworkRegistry/NETREGISTRY]: Channel 'forge:tier_sorting' : Version test of '1.0' from client : ACCEPTED
[06Aug2025 14:46:14.068] [Netty Epoll Server IO #3/DEBUG] [net.minecraftforge.network.NetworkRegistry/NETREGISTRY]: Channel 'spectrelib:main' : Version test of '1' from client : ACCEPTED
[06Aug2025 14:46:14.068] [Netty Epoll Server IO #3/DEBUG] [net.minecraftforge.network.NetworkRegistry/NETREGISTRY]: Channel 'voicechat:player_state' : Version test of 'ALLOWVANILLA 💓💓💓' from client : ACCEPTED
[06Aug2025 14:46:14.068] [Netty Epoll Server IO #3/DEBUG] [net.minecraftforge.network.NetworkRegistry/NETREGISTRY]: Channel 'alexsmobs:main_channel' : Version test of '1' from client : ACCEPTED
[06Aug2025 14:46:14.068] [Netty Epoll Server IO #3/DEBUG] [net.minecraftforge.network.NetworkRegistry/NETREGISTRY]: Channel 'better_fishing_rods:better_fishing_rods' : Version test of '1' from client : ACCEPTED
[06Aug2025 14:46:14.068] [Netty Epoll Server IO #3/DEBUG] [net.minecraftforge.network.NetworkRegistry/NETREGISTRY]: Channel 'playerrevive:main' : Version test of '1' from client : ACCEPTED
[06Aug2025 14:46:14.069] [Netty Epoll Server IO #3/DEBUG] [net.minecraftforge.network.NetworkRegistry/NETREGISTRY]: Channel 'deeperdarker:deeperdarker_network' : Version test of '1.0' from client : ACCEPTED
[06Aug2025 14:46:14.069] [Netty Epoll Server IO #3/DEBUG] [net.minecraftforge.network.NetworkRegistry/NETREGISTRY]: Channel 'fml:play' : Version test of 'FML3' from client : ACCEPTED
[06Aug2025 14:46:14.069] [Netty Epoll Server IO #3/DEBUG] [net.minecraftforge.network.NetworkRegistry/NETREGISTRY]: Channel 'creativecore:main' : Version test of '1' from client : ACCEPTED
[06Aug2025 14:46:14.069] [Netty Epoll Server IO #3/DEBUG] [net.minecraftforge.network.NetworkRegistry/NETREGISTRY]: Channel 'journeymap:teleport_req' : Version test of '1' from client : ACCEPTED
[06Aug2025 14:46:14.069] [Netty Epoll Server IO #3/DEBUG] [net.minecraftforge.network.NetworkRegistry/NETREGISTRY]: Channel 'hexerei:channel' : Version test of '1' from client : ACCEPTED
[06Aug2025 14:46:14.069] [Netty Epoll Server IO #3/DEBUG] [net.minecraftforge.network.NetworkRegistry/NETREGISTRY]: Channel 'voicechat:remove_category' : Version test of 'ALLOWVANILLA 💓💓💓' from client : ACCEPTED
[06Aug2025 14:46:14.069] [Netty Epoll Server IO #3/DEBUG] [net.minecraftforge.network.NetworkRegistry/NETREGISTRY]: Channel 'voicechat:add_category' : Version test of 'ALLOWVANILLA 💓💓💓' from client : ACCEPTED
[06Aug2025 14:46:14.069] [Netty Epoll Server IO #3/DEBUG] [net.minecraftforge.network.NetworkRegistry/NETREGISTRY]: Channel 'journeymap:common' : Version test of '1' from client : ACCEPTED
[06Aug2025 14:46:14.069] [Netty Epoll Server IO #3/DEBUG] [net.minecraftforge.network.NetworkRegistry/NETREGISTRY]: Channel 'hexerei:network' : Version test of '1' from client : ACCEPTED
[06Aug2025 14:46:14.069] [Netty Epoll Server IO #3/DEBUG] [net.minecraftforge.network.NetworkRegistry/NETREGISTRY]: Channel 'minecraft:register' : Version test of 'FML3' from client : ACCEPTED
[06Aug2025 14:46:14.069] [Netty Epoll Server IO #3/DEBUG] [net.minecraftforge.network.NetworkRegistry/NETREGISTRY]: Channel 'geckolib:main' : Version test of '1' from client : ACCEPTED
[06Aug2025 14:46:14.069] [Netty Epoll Server IO #3/DEBUG] [net.minecraftforge.network.NetworkRegistry/NETREGISTRY]: Channel 'comforts:main' : Version test of '1' from client : ACCEPTED
[06Aug2025 14:46:14.069] [Netty Epoll Server IO #3/DEBUG] [net.minecraftforge.network.NetworkRegistry/NETREGISTRY]: Channel 'inventorymanagement:main' : Version test of '1' from client : ACCEPTED
[06Aug2025 14:46:14.069] [Netty Epoll Server IO #3/DEBUG] [net.minecraftforge.network.NetworkRegistry/NETREGISTRY]: Channel 'flib:main_channel' : Version test of '1' from client : ACCEPTED
[06Aug2025 14:46:14.069] [Netty Epoll Server IO #3/DEBUG] [net.minecraftforge.network.NetworkRegistry/NETREGISTRY]: Channel 'architectury:network' : Version test of '1' from client : ACCEPTED
[06Aug2025 14:46:14.069] [Netty Epoll Server IO #3/DEBUG] [net.minecraftforge.network.NetworkRegistry/NETREGISTRY]: Channel 'orcz:orcz' : Version test of '1' from client : ACCEPTED
[06Aug2025 14:46:14.070] [Netty Epoll Server IO #3/DEBUG] [net.minecraftforge.network.NetworkRegistry/NETREGISTRY]: Channel 'voicechat:leave_group' : Version test of 'ALLOWVANILLA 💓💓💓' from client : ACCEPTED
[06Aug2025 14:46:14.070] [Netty Epoll Server IO #3/DEBUG] [net.minecraftforge.network.NetworkRegistry/NETREGISTRY]: Channel 'accessories:main' : Version test of '1' from client : ACCEPTED
[06Aug2025 14:46:14.070] [Netty Epoll Server IO #3/DEBUG] [net.minecraftforge.network.NetworkRegistry/NETREGISTRY]: Channel 'carryon:carryonpackets' : Version test of '1.0' from client : ACCEPTED
[06Aug2025 14:46:14.070] [Netty Epoll Server IO #3/DEBUG] [net.minecraftforge.network.NetworkRegistry/NETREGISTRY]: Channel 'citadel:main_channel' : Version test of '1' from client : ACCEPTED
[06Aug2025 14:46:14.070] [Netty Epoll Server IO #3/DEBUG] [net.minecraftforge.network.NetworkRegistry/NETREGISTRY]: Channel 'puzzleslib:1' : Version test of '1' from client : ACCEPTED
[06Aug2025 14:46:14.070] [Netty Epoll Server IO #3/DEBUG] [net.minecraftforge.network.NetworkRegistry/NETREGISTRY]: Channel 'easymagic:1' : Version test of '1' from client : ACCEPTED
[06Aug2025 14:46:14.070] [Netty Epoll Server IO #3/DEBUG] [net.minecraftforge.network.NetworkRegistry/NETREGISTRY]: Channel 'securitycraft:securitycraft' : Version test of 'v1.10.0.1' from client : ACCEPTED
[06Aug2025 14:46:14.070] [Netty Epoll Server IO #3/DEBUG] [net.minecraftforge.network.NetworkRegistry/NETREGISTRY]: Channel 'friendsandfoes:networking' : Version test of '3.0.9' from client : ACCEPTED
[06Aug2025 14:46:14.070] [Netty Epoll Server IO #3/DEBUG] [net.minecraftforge.network.NetworkRegistry/NETREGISTRY]: Channel 'craftable_elytra_remastered:craftable_elytra_remastered' : Version test of '1' from client : ACCEPTED
[06Aug2025 14:46:14.070] [Netty Epoll Server IO #3/DEBUG] [net.minecraftforge.network.NetworkRegistry/NETREGISTRY]: Channel 'voicechat:set_group' : Version test of 'ALLOWVANILLA 💓💓💓' from client : ACCEPTED
[06Aug2025 14:46:14.070] [Netty Epoll Server IO #3/DEBUG] [net.minecraftforge.network.NetworkRegistry/NETREGISTRY]: Channel 'bosses_of_mass_destruction:packets' : Version test of '1' from client : ACCEPTED
[06Aug2025 14:46:14.070] [Netty Epoll Server IO #3/DEBUG] [net.minecraftforge.network.NetworkRegistry/NETREGISTRY]: Channel 'voicechat:joined_group' : Version test of 'ALLOWVANILLA 💓💓💓' from client : ACCEPTED
[06Aug2025 14:46:14.070] [Netty Epoll Server IO #3/DEBUG] [net.minecraftforge.network.NetworkRegistry/NETREGISTRY]: Channel 'worldinfo:world_id' : Version test of '1' from client : ACCEPTED
[06Aug2025 14:46:14.070] [Netty Epoll Server IO #3/DEBUG] [net.minecraftforge.network.NetworkRegistry/NETREGISTRY]: Channel 'voicechat:player_states' : Version test of 'ALLOWVANILLA 💓💓💓' from client : ACCEPTED
[06Aug2025 14:46:14.070] [Netty Epoll Server IO #3/DEBUG] [net.minecraftforge.network.NetworkRegistry/NETREGISTRY]: Channel 'balm:network' : Version test of '1.0' from client : ACCEPTED
[06Aug2025 14:46:14.070] [Netty Epoll Server IO #3/DEBUG] [net.minecraftforge.network.NetworkRegistry/NETREGISTRY]: Channel 'framework:handshake' : Version test of '1' from client : ACCEPTED
[06Aug2025 14:46:14.070] [Netty Epoll Server IO #3/DEBUG] [net.minecraftforge.network.NetworkRegistry/NETREGISTRY]: Channel 'journeymap:mp_options_req' : Version test of '1' from client : ACCEPTED
[06Aug2025 14:46:14.070] [Netty Epoll Server IO #3/DEBUG] [net.minecraftforge.network.NetworkRegistry/NETREGISTRY]: Channel 'fml:loginwrapper' : Version test of 'FML3' from client : ACCEPTED
[06Aug2025 14:46:14.070] [Netty Epoll Server IO #3/DEBUG] [net.minecraftforge.network.NetworkRegistry/NETREGISTRY]: Channel 'cerbons_api:packets' : Version test of '1' from client : ACCEPTED
[06Aug2025 14:46:14.070] [Netty Epoll Server IO #3/DEBUG] [net.minecraftforge.network.NetworkRegistry/NETREGISTRY]: Channel 'tombstone:tombstone_channel' : Version test of 'tombstone-8.9.6' from client : ACCEPTED
[06Aug2025 14:46:14.070] [Netty Epoll Server IO #3/DEBUG] [net.minecraftforge.network.NetworkRegistry/NETREGISTRY]: Channel 'trapcraft:channel' : Version test of '1' from client : ACCEPTED
[06Aug2025 14:46:14.070] [Netty Epoll Server IO #3/DEBUG] [net.minecraftforge.network.NetworkRegistry/NETREGISTRY]: Channel 'journeymap:admin_save' : Version test of '1' from client : ACCEPTED
[06Aug2025 14:46:14.071] [Netty Epoll Server IO #3/DEBUG] [net.minecraftforge.network.NetworkRegistry/NETREGISTRY]: Channel 'journeymap:player_loc' : Version test of '1' from client : ACCEPTED
[06Aug2025 14:46:14.071] [Netty Epoll Server IO #3/DEBUG] [net.minecraftforge.network.NetworkRegistry/NETREGISTRY]: Channel 'voicechat:request_secret' : Version test of 'ALLOWVANILLA 💓💓💓' from client : ACCEPTED
[06Aug2025 14:46:14.071] [Netty Epoll Server IO #3/DEBUG] [net.minecraftforge.network.NetworkRegistry/NETREGISTRY]: Channel 'sophisticatedcore:channel' : Version test of '1' from client : ACCEPTED
[06Aug2025 14:46:14.071] [Netty Epoll Server IO #3/DEBUG] [net.minecraftforge.network.NetworkRegistry/NETREGISTRY]: Channel 'mythicmounts:messages' : Version test of '1.0' from client : ACCEPTED
[06Aug2025 14:46:14.071] [Netty Epoll Server IO #3/DEBUG] [net.minecraftforge.network.NetworkRegistry/NETREGISTRY]: Channel 'easyanvils:1' : Version test of '1' from client : ACCEPTED
[06Aug2025 14:46:14.071] [Netty Epoll Server IO #3/DEBUG] [net.minecraftforge.network.NetworkRegistry/NETREGISTRY]: Channel 'fml:handshake' : Version test of 'FML3' from client : ACCEPTED
[06Aug2025 14:46:14.071] [Netty Epoll Server IO #3/DEBUG] [net.minecraftforge.network.NetworkRegistry/NETREGISTRY]: Channel 'voicechat:remove_group' : Version test of 'ALLOWVANILLA 💓💓💓' from client : ACCEPTED
[06Aug2025 14:46:14.071] [Netty Epoll Server IO #3/DEBUG] [net.minecraftforge.network.NetworkRegistry/NETREGISTRY]: Channel 'forge:split' : Version test of '1.1' from client : ACCEPTED
[06Aug2025 14:46:14.071] [Netty Epoll Server IO #3/DEBUG] [net.minecraftforge.network.NetworkRegistry/NETREGISTRY]: Channel 'journeymap:perm_req' : Version test of '1' from client : ACCEPTED
[06Aug2025 14:46:14.071] [Netty Epoll Server IO #3/DEBUG] [net.minecraftforge.network.NetworkRegistry/NETREGISTRY]: Channel 'waystones:network' : Version test of '1.0' from client : ACCEPTED
[06Aug2025 14:46:14.071] [Netty Epoll Server IO #3/DEBUG] [net.minecraftforge.network.NetworkRegistry/NETREGISTRY]: Accepting channel list from client
[06Aug2025 14:46:14.072] [Netty Epoll Server IO #3/DEBUG] [net.minecraftforge.network.HandshakeHandler/FMLHANDSHAKE]: Accepted client connection mod list
[06Aug2025 14:46:14.083] [Server thread/DEBUG] [net.minecraftforge.network.HandshakeHandler/FMLHANDSHAKE]: Sending ticking packet info 'Registry minecraft:recipe_serializer' to 'fml:handshake' sequence 3
[06Aug2025 14:46:14.108] [Netty Epoll Server IO #3/DEBUG] [net.minecraftforge.network.LoginWrapper/FMLHANDSHAKE]: Recieved login wrapper packet event for channel fml:handshake with index 2
[06Aug2025 14:46:14.108] [Netty Epoll Server IO #3/DEBUG] [net.minecraftforge.network.HandshakeHandler/FMLHANDSHAKE]: Received client indexed reply 2 of type net.minecraftforge.network.HandshakeMessages$C2SAcknowledge
[06Aug2025 14:46:14.108] [Netty Epoll Server IO #3/DEBUG] [net.minecraftforge.network.HandshakeHandler/FMLHANDSHAKE]: Received acknowledgement from client
[06Aug2025 14:46:14.132] [Server thread/DEBUG] [net.minecraftforge.network.HandshakeHandler/FMLHANDSHAKE]: Sending ticking packet info 'Registry minecraft:sound_event' to 'fml:handshake' sequence 4
[06Aug2025 14:46:14.159] [Netty Epoll Server IO #3/DEBUG] [net.minecraftforge.network.LoginWrapper/FMLHANDSHAKE]: Recieved login wrapper packet event for channel fml:handshake with index 3
[06Aug2025 14:46:14.159] [Netty Epoll Server IO #3/DEBUG] [net.minecraftforge.network.HandshakeHandler/FMLHANDSHAKE]: Received client indexed reply 3 of type net.minecraftforge.network.HandshakeMessages$C2SAcknowledge
[06Aug2025 14:46:14.159] [Netty Epoll Server IO #3/DEBUG] [net.minecraftforge.network.HandshakeHandler/FMLHANDSHAKE]: Received acknowledgement from client
[06Aug2025 14:46:14.183] [Server thread/DEBUG] [net.minecraftforge.network.HandshakeHandler/FMLHANDSHAKE]: Sending ticking packet info 'Registry minecraft:particle_type' to 'fml:handshake' sequence 5
[06Aug2025 14:46:14.237] [Server thread/DEBUG] [net.minecraftforge.network.HandshakeHandler/FMLHANDSHAKE]: Sending ticking packet info 'Registry minecraft:villager_profession' to 'fml:handshake' sequence 6
[06Aug2025 14:46:14.283] [Server thread/DEBUG] [net.minecraftforge.network.HandshakeHandler/FMLHANDSHAKE]: Sending ticking packet info 'Registry minecraft:item' to 'fml:handshake' sequence 7
[06Aug2025 14:46:14.315] [Netty Epoll Server IO #3/DEBUG] [net.minecraftforge.network.LoginWrapper/FMLHANDSHAKE]: Recieved login wrapper packet event for channel fml:handshake with index 4
[06Aug2025 14:46:14.315] [Netty Epoll Server IO #3/DEBUG] [net.minecraftforge.network.HandshakeHandler/FMLHANDSHAKE]: Received client indexed reply 4 of type net.minecraftforge.network.HandshakeMessages$C2SAcknowledge
[06Aug2025 14:46:14.315] [Netty Epoll Server IO #3/DEBUG] [net.minecraftforge.network.HandshakeHandler/FMLHANDSHAKE]: Received acknowledgement from client
[06Aug2025 14:46:14.334] [Server thread/DEBUG] [net.minecraftforge.network.HandshakeHandler/FMLHANDSHAKE]: Sending ticking packet info 'Registry minecraft:potion' to 'fml:handshake' sequence 8
[06Aug2025 14:46:14.366] [Netty Epoll Server IO #3/DEBUG] [net.minecraftforge.network.LoginWrapper/FMLHANDSHAKE]: Recieved login wrapper packet event for channel fml:handshake with index 5
[06Aug2025 14:46:14.366] [Netty Epoll Server IO #3/DEBUG] [net.minecraftforge.network.HandshakeHandler/FMLHANDSHAKE]: Received client indexed reply 5 of type net.minecraftforge.network.HandshakeMessages$C2SAcknowledge
[06Aug2025 14:46:14.366] [Netty Epoll Server IO #3/DEBUG] [net.minecraftforge.network.HandshakeHandler/FMLHANDSHAKE]: Received acknowledgement from client
[06Aug2025 14:46:14.366] [Netty Epoll Server IO #3/DEBUG] [net.minecraftforge.network.LoginWrapper/FMLHANDSHAKE]: Recieved login wrapper packet event for channel fml:handshake with index 6
[06Aug2025 14:46:14.366] [Netty Epoll Server IO #3/DEBUG] [net.minecraftforge.network.HandshakeHandler/FMLHANDSHAKE]: Received client indexed reply 6 of type net.minecraftforge.network.HandshakeMessages$C2SAcknowledge
[06Aug2025 14:46:14.366] [Netty Epoll Server IO #3/DEBUG] [net.minecraftforge.network.HandshakeHandler/FMLHANDSHAKE]: Received acknowledgement from client
[06Aug2025 14:46:14.412] [Server thread/DEBUG] [net.minecraftforge.network.HandshakeHandler/FMLHANDSHAKE]: Sending ticking packet info 'Registry minecraft:painting_variant' to 'fml:handshake' sequence 9
[06Aug2025 14:46:14.433] [Server thread/DEBUG] [net.minecraftforge.network.HandshakeHandler/FMLHANDSHAKE]: Sending ticking packet info 'Registry forge:fluid_type' to 'fml:handshake' sequence 10
[06Aug2025 14:46:14.483] [Server thread/DEBUG] [net.minecraftforge.network.HandshakeHandler/FMLHANDSHAKE]: Sending ticking packet info 'Registry minecraft:block_entity_type' to 'fml:handshake' sequence 11
[06Aug2025 14:46:14.532] [Server thread/DEBUG] [net.minecraftforge.network.HandshakeHandler/FMLHANDSHAKE]: Sending ticking packet info 'Registry forge:display_contexts' to 'fml:handshake' sequence 12
[06Aug2025 14:46:14.538] [Netty Epoll Server IO #3/DEBUG] [net.minecraftforge.network.LoginWrapper/FMLHANDSHAKE]: Recieved login wrapper packet event for channel fml:handshake with index 7
[06Aug2025 14:46:14.538] [Netty Epoll Server IO #3/DEBUG] [net.minecraftforge.network.HandshakeHandler/FMLHANDSHAKE]: Received client indexed reply 7 of type net.minecraftforge.network.HandshakeMessages$C2SAcknowledge
[06Aug2025 14:46:14.538] [Netty Epoll Server IO #3/DEBUG] [net.minecraftforge.network.HandshakeHandler/FMLHANDSHAKE]: Received acknowledgement from client
[06Aug2025 14:46:14.538] [Netty Epoll Server IO #3/DEBUG] [net.minecraftforge.network.LoginWrapper/FMLHANDSHAKE]: Recieved login wrapper packet event for channel fml:handshake with index 8
[06Aug2025 14:46:14.538] [Netty Epoll Server IO #3/DEBUG] [net.minecraftforge.network.HandshakeHandler/FMLHANDSHAKE]: Received client indexed reply 8 of type net.minecraftforge.network.HandshakeMessages$C2SAcknowledge
[06Aug2025 14:46:14.538] [Netty Epoll Server IO #3/DEBUG] [net.minecraftforge.network.HandshakeHandler/FMLHANDSHAKE]: Received acknowledgement from client
[06Aug2025 14:46:14.539] [Netty Epoll Server IO #3/DEBUG] [net.minecraftforge.network.LoginWrapper/FMLHANDSHAKE]: Recieved login wrapper packet event for channel fml:handshake with index 9
[06Aug2025 14:46:14.539] [Netty Epoll Server IO #3/DEBUG] [net.minecraftforge.network.HandshakeHandler/FMLHANDSHAKE]: Received client indexed reply 9 of type net.minecraftforge.network.HandshakeMessages$C2SAcknowledge
[06Aug2025 14:46:14.539] [Netty Epoll Server IO #3/DEBUG] [net.minecraftforge.network.HandshakeHandler/FMLHANDSHAKE]: Received acknowledgement from client
[06Aug2025 14:46:14.539] [Netty Epoll Server IO #3/DEBUG] [net.minecraftforge.network.LoginWrapper/FMLHANDSHAKE]: Recieved login wrapper packet event for channel fml:handshake with index 10
[06Aug2025 14:46:14.539] [Netty Epoll Server IO #3/DEBUG] [net.minecraftforge.network.HandshakeHandler/FMLHANDSHAKE]: Received client indexed reply 10 of type net.minecraftforge.network.HandshakeMessages$C2SAcknowledge
[06Aug2025 14:46:14.539] [Netty Epoll Server IO #3/DEBUG] [net.minecraftforge.network.HandshakeHandler/FMLHANDSHAKE]: Received acknowledgement from client
[06Aug2025 14:46:14.556] [Netty Epoll Server IO #3/DEBUG] [net.minecraftforge.network.LoginWrapper/FMLHANDSHAKE]: Recieved login wrapper packet event for channel fml:handshake with index 11
[06Aug2025 14:46:14.556] [Netty Epoll Server IO #3/DEBUG] [net.minecraftforge.network.HandshakeHandler/FMLHANDSHAKE]: Received client indexed reply 11 of type net.minecraftforge.network.HandshakeMessages$C2SAcknowledge
[06Aug2025 14:46:14.556] [Netty Epoll Server IO #3/DEBUG] [net.minecraftforge.network.HandshakeHandler/FMLHANDSHAKE]: Received acknowledgement from client
[06Aug2025 14:46:14.583] [Server thread/DEBUG] [net.minecraftforge.network.HandshakeHandler/FMLHANDSHAKE]: Sending ticking packet info 'Registry minecraft:block' to 'fml:handshake' sequence 13
[06Aug2025 14:46:14.604] [Netty Epoll Server IO #3/DEBUG] [net.minecraftforge.network.LoginWrapper/FMLHANDSHAKE]: Recieved login wrapper packet event for channel fml:handshake with index 12
[06Aug2025 14:46:14.604] [Netty Epoll Server IO #3/DEBUG] [net.minecraftforge.network.HandshakeHandler/FMLHANDSHAKE]: Received client indexed reply 12 of type net.minecraftforge.network.HandshakeMessages$C2SAcknowledge
[06Aug2025 14:46:14.604] [Netty Epoll Server IO #3/DEBUG] [net.minecraftforge.network.HandshakeHandler/FMLHANDSHAKE]: Received acknowledgement from client
[06Aug2025 14:46:14.633] [Server thread/DEBUG] [net.minecraftforge.network.HandshakeHandler/FMLHANDSHAKE]: Sending ticking packet info 'Registry forge:entity_data_serializers' to 'fml:handshake' sequence 14
[06Aug2025 14:46:14.683] [Server thread/DEBUG] [net.minecraftforge.network.HandshakeHandler/FMLHANDSHAKE]: Sending ticking packet info 'Registry minecraft:mob_effect' to 'fml:handshake' sequence 15
[06Aug2025 14:46:14.732] [Netty Epoll Server IO #3/DEBUG] [net.minecraftforge.network.LoginWrapper/FMLHANDSHAKE]: Recieved login wrapper packet event for channel fml:handshake with index 13
[06Aug2025 14:46:14.733] [Netty Epoll Server IO #3/DEBUG] [net.minecraftforge.network.HandshakeHandler/FMLHANDSHAKE]: Received client indexed reply 13 of type net.minecraftforge.network.HandshakeMessages$C2SAcknowledge
[06Aug2025 14:46:14.733] [Netty Epoll Server IO #3/DEBUG] [net.minecraftforge.network.HandshakeHandler/FMLHANDSHAKE]: Received acknowledgement from client
[06Aug2025 14:46:14.733] [Server thread/DEBUG] [net.minecraftforge.network.HandshakeHandler/FMLHANDSHAKE]: Sending ticking packet info 'Registry minecraft:stat_type' to 'fml:handshake' sequence 16
[06Aug2025 14:46:14.733] [Netty Epoll Server IO #3/DEBUG] [net.minecraftforge.network.LoginWrapper/FMLHANDSHAKE]: Recieved login wrapper packet event for channel fml:handshake with index 14
[06Aug2025 14:46:14.733] [Netty Epoll Server IO #3/DEBUG] [net.minecraftforge.network.HandshakeHandler/FMLHANDSHAKE]: Received client indexed reply 14 of type net.minecraftforge.network.HandshakeMessages$C2SAcknowledge
[06Aug2025 14:46:14.733] [Netty Epoll Server IO #3/DEBUG] [net.minecraftforge.network.HandshakeHandler/FMLHANDSHAKE]: Received acknowledgement from client
[06Aug2025 14:46:14.756] [Netty Epoll Server IO #3/DEBUG] [net.minecraftforge.network.LoginWrapper/FMLHANDSHAKE]: Recieved login wrapper packet event for channel fml:handshake with index 15
[06Aug2025 14:46:14.756] [Netty Epoll Server IO #3/DEBUG] [net.minecraftforge.network.HandshakeHandler/FMLHANDSHAKE]: Received client indexed reply 15 of type net.minecraftforge.network.HandshakeMessages$C2SAcknowledge
[06Aug2025 14:46:14.756] [Netty Epoll Server IO #3/DEBUG] [net.minecraftforge.network.HandshakeHandler/FMLHANDSHAKE]: Received acknowledgement from client
[06Aug2025 14:46:14.783] [Server thread/DEBUG] [net.minecraftforge.network.HandshakeHandler/FMLHANDSHAKE]: Sending ticking packet info 'Registry tombstone:perks' to 'fml:handshake' sequence 17
[06Aug2025 14:46:14.807] [Netty Epoll Server IO #3/DEBUG] [net.minecraftforge.network.LoginWrapper/FMLHANDSHAKE]: Recieved login wrapper packet event for channel fml:handshake with index 16
[06Aug2025 14:46:14.807] [Netty Epoll Server IO #3/DEBUG] [net.minecraftforge.network.HandshakeHandler/FMLHANDSHAKE]: Received client indexed reply 16 of type net.minecraftforge.network.HandshakeMessages$C2SAcknowledge
[06Aug2025 14:46:14.807] [Netty Epoll Server IO #3/DEBUG] [net.minecraftforge.network.HandshakeHandler/FMLHANDSHAKE]: Received acknowledgement from client
[06Aug2025 14:46:14.834] [Server thread/DEBUG] [net.minecraftforge.network.HandshakeHandler/FMLHANDSHAKE]: Sending ticking packet info 'Registry minecraft:menu' to 'fml:handshake' sequence 18
[06Aug2025 14:46:14.855] [Netty Epoll Server IO #3/DEBUG] [net.minecraftforge.network.LoginWrapper/FMLHANDSHAKE]: Recieved login wrapper packet event for channel fml:handshake with index 17
[06Aug2025 14:46:14.855] [Netty Epoll Server IO #3/DEBUG] [net.minecraftforge.network.HandshakeHandler/FMLHANDSHAKE]: Received client indexed reply 17 of type net.minecraftforge.network.HandshakeMessages$C2SAcknowledge
[06Aug2025 14:46:14.855] [Netty Epoll Server IO #3/DEBUG] [net.minecraftforge.network.HandshakeHandler/FMLHANDSHAKE]: Received acknowledgement from client
[06Aug2025 14:46:14.883] [Server thread/DEBUG] [net.minecraftforge.network.HandshakeHandler/FMLHANDSHAKE]: Sending ticking packet info 'Registry minecraft:enchantment' to 'fml:handshake' sequence 19
[06Aug2025 14:46:14.906] [Netty Epoll Server IO #3/DEBUG] [net.minecraftforge.network.LoginWrapper/FMLHANDSHAKE]: Recieved login wrapper packet event for channel fml:handshake with index 18
[06Aug2025 14:46:14.906] [Netty Epoll Server IO #3/DEBUG] [net.minecraftforge.network.HandshakeHandler/FMLHANDSHAKE]: Received client indexed reply 18 of type net.minecraftforge.network.HandshakeMessages$C2SAcknowledge
[06Aug2025 14:46:14.906] [Netty Epoll Server IO #3/DEBUG] [net.minecraftforge.network.HandshakeHandler/FMLHANDSHAKE]: Received acknowledgement from client
[06Aug2025 14:46:14.933] [Server thread/DEBUG] [net.minecraftforge.network.HandshakeHandler/FMLHANDSHAKE]: Sending ticking packet info 'Registry minecraft:fluid' to 'fml:handshake' sequence 20
[06Aug2025 14:46:14.955] [Netty Epoll Server IO #3/DEBUG] [net.minecraftforge.network.LoginWrapper/FMLHANDSHAKE]: Recieved login wrapper packet event for channel fml:handshake with index 19
[06Aug2025 14:46:14.955] [Netty Epoll Server IO #3/DEBUG] [net.minecraftforge.network.HandshakeHandler/FMLHANDSHAKE]: Received client indexed reply 19 of type net.minecraftforge.network.HandshakeMessages$C2SAcknowledge
[06Aug2025 14:46:14.955] [Netty Epoll Server IO #3/DEBUG] [net.minecraftforge.network.HandshakeHandler/FMLHANDSHAKE]: Received acknowledgement from client
[06Aug2025 14:46:14.983] [Server thread/DEBUG] [net.minecraftforge.network.HandshakeHandler/FMLHANDSHAKE]: Sending ticking packet info 'Registry minecraft:entity_type' to 'fml:handshake' sequence 21
[06Aug2025 14:46:15.008] [Netty Epoll Server IO #3/DEBUG] [net.minecraftforge.network.LoginWrapper/FMLHANDSHAKE]: Recieved login wrapper packet event for channel fml:handshake with index 20
[06Aug2025 14:46:15.008] [Netty Epoll Server IO #3/DEBUG] [net.minecraftforge.network.HandshakeHandler/FMLHANDSHAKE]: Received client indexed reply 20 of type net.minecraftforge.network.HandshakeMessages$C2SAcknowledge
[06Aug2025 14:46:15.008] [Netty Epoll Server IO #3/DEBUG] [net.minecraftforge.network.HandshakeHandler/FMLHANDSHAKE]: Received acknowledgement from client
[06Aug2025 14:46:15.033] [Server thread/DEBUG] [net.minecraftforge.network.HandshakeHandler/FMLHANDSHAKE]: Sending ticking packet info 'Config securitycraft-server.toml' to 'fml:handshake' sequence 22
[06Aug2025 14:46:15.085] [Server thread/DEBUG] [net.minecraftforge.network.HandshakeHandler/FMLHANDSHAKE]: Sending ticking packet info 'Config trapcraft-server.toml' to 'fml:handshake' sequence 23
[06Aug2025 14:46:15.133] [Server thread/DEBUG] [net.minecraftforge.network.HandshakeHandler/FMLHANDSHAKE]: Sending ticking packet info 'Config journeymap-server.toml' to 'fml:handshake' sequence 24
[06Aug2025 14:46:15.183] [Server thread/DEBUG] [net.minecraftforge.network.HandshakeHandler/FMLHANDSHAKE]: Sending ticking packet info 'Config tombstone-server.toml' to 'fml:handshake' sequence 25
[06Aug2025 14:46:15.233] [Server thread/DEBUG] [net.minecraftforge.network.HandshakeHandler/FMLHANDSHAKE]: Sending ticking packet info 'Config sophisticatedbackpacks-server.toml' to 'fml:handshake' sequence 26
[06Aug2025 14:46:15.284] [Server thread/DEBUG] [net.minecraftforge.network.HandshakeHandler/FMLHANDSHAKE]: Sending ticking packet info 'Config easyanvils-server.toml' to 'fml:handshake' sequence 27
[06Aug2025 14:46:15.332] [Server thread/DEBUG] [net.minecraftforge.network.HandshakeHandler/FMLHANDSHAKE]: Sending ticking packet info 'Config easymagic-server.toml' to 'fml:handshake' sequence 28
[06Aug2025 14:46:15.383] [Server thread/DEBUG] [net.minecraftforge.network.HandshakeHandler/FMLHANDSHAKE]: Sending ticking packet info 'Config jei-server.toml' to 'fml:handshake' sequence 29
[06Aug2025 14:46:15.432] [Server thread/DEBUG] [net.minecraftforge.network.HandshakeHandler/FMLHANDSHAKE]: Sending ticking packet info 'Config forge-server.toml' to 'fml:handshake' sequence 30
[06Aug2025 14:46:21.569] [Netty Epoll Server IO #3/DEBUG] [net.minecraftforge.network.LoginWrapper/FMLHANDSHAKE]: Recieved login wrapper packet event for channel fml:handshake with index 21
[06Aug2025 14:46:21.569] [Netty Epoll Server IO #3/DEBUG] [net.minecraftforge.network.HandshakeHandler/FMLHANDSHAKE]: Received client indexed reply 21 of type net.minecraftforge.network.HandshakeMessages$C2SAcknowledge
[06Aug2025 14:46:21.569] [Netty Epoll Server IO #3/DEBUG] [net.minecraftforge.network.HandshakeHandler/FMLHANDSHAKE]: Received acknowledgement from client
[06Aug2025 14:46:21.570] [Netty Epoll Server IO #3/DEBUG] [net.minecraftforge.network.LoginWrapper/FMLHANDSHAKE]: Recieved login wrapper packet event for channel fml:handshake with index 22
[06Aug2025 14:46:21.570] [Netty Epoll Server IO #3/DEBUG] [net.minecraftforge.network.HandshakeHandler/FMLHANDSHAKE]: Received client indexed reply 22 of type net.minecraftforge.network.HandshakeMessages$C2SAcknowledge
[06Aug2025 14:46:21.570] [Netty Epoll Server IO #3/DEBUG] [net.minecraftforge.network.HandshakeHandler/FMLHANDSHAKE]: Received acknowledgement from client
[06Aug2025 14:46:21.570] [Netty Epoll Server IO #3/DEBUG] [net.minecraftforge.network.LoginWrapper/FMLHANDSHAKE]: Recieved login wrapper packet event for channel fml:handshake with index 23
[06Aug2025 14:46:21.570] [Netty Epoll Server IO #3/DEBUG] [net.minecraftforge.network.HandshakeHandler/FMLHANDSHAKE]: Received client indexed reply 23 of type net.minecraftforge.network.HandshakeMessages$C2SAcknowledge
[06Aug2025 14:46:21.570] [Netty Epoll Server IO #3/DEBUG] [net.minecraftforge.network.HandshakeHandler/FMLHANDSHAKE]: Received acknowledgement from client
[06Aug2025 14:46:21.572] [Netty Epoll Server IO #3/DEBUG] [net.minecraftforge.network.LoginWrapper/FMLHANDSHAKE]: Recieved login wrapper packet event for channel fml:handshake with index 24
[06Aug2025 14:46:21.572] [Netty Epoll Server IO #3/DEBUG] [net.minecraftforge.network.HandshakeHandler/FMLHANDSHAKE]: Received client indexed reply 24 of type net.minecraftforge.network.HandshakeMessages$C2SAcknowledge
[06Aug2025 14:46:21.572] [Netty Epoll Server IO #3/DEBUG] [net.minecraftforge.network.HandshakeHandler/FMLHANDSHAKE]: Received acknowledgement from client
[06Aug2025 14:46:21.574] [Netty Epoll Server IO #3/DEBUG] [net.minecraftforge.network.LoginWrapper/FMLHANDSHAKE]: Recieved login wrapper packet event for channel fml:handshake with index 25
[06Aug2025 14:46:21.574] [Netty Epoll Server IO #3/DEBUG] [net.minecraftforge.network.HandshakeHandler/FMLHANDSHAKE]: Received client indexed reply 25 of type net.minecraftforge.network.HandshakeMessages$C2SAcknowledge
[06Aug2025 14:46:21.574] [Netty Epoll Server IO #3/DEBUG] [net.minecraftforge.network.HandshakeHandler/FMLHANDSHAKE]: Received acknowledgement from client
[06Aug2025 14:46:21.576] [Netty Epoll Server IO #3/DEBUG] [net.minecraftforge.network.LoginWrapper/FMLHANDSHAKE]: Recieved login wrapper packet event for channel fml:handshake with index 26
[06Aug2025 14:46:21.576] [Netty Epoll Server IO #3/DEBUG] [net.minecraftforge.network.HandshakeHandler/FMLHANDSHAKE]: Received client indexed reply 26 of type net.minecraftforge.network.HandshakeMessages$C2SAcknowledge
[06Aug2025 14:46:21.576] [Netty Epoll Server IO #3/DEBUG] [net.minecraftforge.network.HandshakeHandler/FMLHANDSHAKE]: Received acknowledgement from client
[06Aug2025 14:46:21.578] [Netty Epoll Server IO #3/DEBUG] [net.minecraftforge.network.LoginWrapper/FMLHANDSHAKE]: Recieved login wrapper packet event for channel fml:handshake with index 27
[06Aug2025 14:46:21.578] [Netty Epoll Server IO #3/DEBUG] [net.minecraftforge.network.HandshakeHandler/FMLHANDSHAKE]: Received client indexed reply 27 of type net.minecraftforge.network.HandshakeMessages$C2SAcknowledge
[06Aug2025 14:46:21.578] [Netty Epoll Server IO #3/DEBUG] [net.minecraftforge.network.HandshakeHandler/FMLHANDSHAKE]: Received acknowledgement from client
[06Aug2025 14:46:21.579] [Netty Epoll Server IO #3/DEBUG] [net.minecraftforge.network.LoginWrapper/FMLHANDSHAKE]: Recieved login wrapper packet event for channel fml:handshake with index 28
[06Aug2025 14:46:21.579] [Netty Epoll Server IO #3/DEBUG] [net.minecraftforge.network.HandshakeHandler/FMLHANDSHAKE]: Received client indexed reply 28 of type net.minecraftforge.network.HandshakeMessages$C2SAcknowledge
[06Aug2025 14:46:21.579] [Netty Epoll Server IO #3/DEBUG] [net.minecraftforge.network.HandshakeHandler/FMLHANDSHAKE]: Received acknowledgement from client
[06Aug2025 14:46:21.579] [Netty Epoll Server IO #3/DEBUG] [net.minecraftforge.network.LoginWrapper/FMLHANDSHAKE]: Recieved login wrapper packet event for channel fml:handshake with index 29
[06Aug2025 14:46:21.579] [Netty Epoll Server IO #3/DEBUG] [net.minecraftforge.network.HandshakeHandler/FMLHANDSHAKE]: Received client indexed reply 29 of type net.minecraftforge.network.HandshakeMessages$C2SAcknowledge
[06Aug2025 14:46:21.579] [Netty Epoll Server IO #3/DEBUG] [net.minecraftforge.network.HandshakeHandler/FMLHANDSHAKE]: Received acknowledgement from client
[06Aug2025 14:46:21.583] [Netty Epoll Server IO #3/DEBUG] [net.minecraftforge.network.LoginWrapper/FMLHANDSHAKE]: Recieved login wrapper packet event for channel fml:handshake with index 30
[06Aug2025 14:46:21.583] [Netty Epoll Server IO #3/DEBUG] [net.minecraftforge.network.HandshakeHandler/FMLHANDSHAKE]: Received client indexed reply 30 of type net.minecraftforge.network.HandshakeMessages$C2SAcknowledge
[06Aug2025 14:46:21.583] [Netty Epoll Server IO #3/DEBUG] [net.minecraftforge.network.HandshakeHandler/FMLHANDSHAKE]: Received acknowledgement from client
[06Aug2025 14:46:21.588] [Server thread/DEBUG] [net.minecraftforge.network.HandshakeHandler/FMLHANDSHAKE]: Handshake complete!
[06Aug2025 14:46:21.637] [Server thread/DEBUG] [mixin/]: Mixing gameplay.ItemCooldownsAccessor from the_bumblezone-common.mixins.json into net.minecraft.world.item.ItemCooldowns
[06Aug2025 14:46:21.645] [Server thread/WARN] [net.minecraft.network.syncher.SynchedEntityData/]: defineId called for: class net.minecraft.world.entity.player.Player from class tschipp.carryon.common.carry.CarryOnDataManager
[06Aug2025 14:46:21.678] [Server thread/DEBUG] [mixin/]: Mixing entities.PlayerAdvancementsAccessor from the_bumblezone-common.mixins.json into net.minecraft.server.PlayerAdvancements
[06Aug2025 14:46:21.756] [Server thread/INFO] [net.minecraft.server.players.PlayerList/]: Sele207[/127.71.179.52:36883] logged in with entity id 592 at (-2843.613964683826, 64.0625, 1137.5745238462075)
[06Aug2025 14:46:21.769] [Server thread/DEBUG] [net.minecraftforge.network.filters.NetworkFilters/]: Injected net.minecraftforge.network.filters.ForgeConnectionNetworkFilter@28ab724 into net.minecraft.network.Connection@125a52ac
[06Aug2025 14:46:21.885] [Server thread/INFO] [net.minecraft.server.MinecraftServer/]: Sele207 joined the game
[06Aug2025 14:46:21.996] [Server thread/DEBUG] [voicechat/]: [voicechat] Setting default state of Sele207: {disabled=false, disconnected=true, uuid=8e11a89f-095e-3852-bf9c-37205fb118df, name=Sele207, group=null}
[06Aug2025 14:46:23.903] [Worker-Main-3/DEBUG] [mixin/]: Mixing world.NoiseChunkAccessor from the_bumblezone-common.mixins.json into net.minecraft.world.level.levelgen.NoiseChunk
[06Aug2025 14:46:23.904] [Worker-Main-3/DEBUG] [mixin/]: Mixing world.NoiseChunkMixin from the_bumblezone-common.mixins.json into net.minecraft.world.level.levelgen.NoiseChunk
[06Aug2025 14:46:23.904] [Worker-Main-3/DEBUG] [mixin/]: Renaming synthetic method lambda$injectWrapNew$1()Lnet/minecraft/world/level/biome/Climate$Sampler; to md49d408$lambda$injectWrapNew$1$0 in the_bumblezone-common.mixins.json:world.NoiseChunkMixin
[06Aug2025 14:46:23.904] [Worker-Main-3/DEBUG] [mixin/]: Renaming synthetic method lambda$injectWrapNew$0()Lnet/minecraft/world/level/biome/BiomeSource; to md49d408$lambda$injectWrapNew$0$1 in the_bumblezone-common.mixins.json:world.NoiseChunkMixin
[06Aug2025 14:46:23.933] [Server thread/INFO] [voicechat/]: [voicechat] Received secret request of Sele207 (18)
[06Aug2025 14:46:23.934] [Server thread/DEBUG] [voicechat/]: [voicechat] Sending initial states to Sele207
[06Aug2025 14:46:23.935] [Server thread/DEBUG] [voicechat/]: [voicechat] Synchronizing 0 groups with Sele207
[06Aug2025 14:46:23.935] [Server thread/DEBUG] [voicechat/]: [voicechat] Synchronizing 1 volume categories with Sele207
[06Aug2025 14:46:23.937] [Server thread/INFO] [voicechat/]: [voicechat] Sent secret to Sele207
[06Aug2025 14:46:23.944] [Server thread/WARN] [net.minecraft.server.MinecraftServer/]: Can't keep up! Is the server overloaded? Running 2214ms or 44 ticks behind
[06Aug2025 14:46:25.275] [Server thread/DEBUG] [mixin/]: Mixing swimming.FallLocationMixin from expandability-common.mixins.json into net.minecraft.world.damagesource.FallLocation
[06Aug2025 14:46:44.659] [Server thread/DEBUG] [mcp.mobius.waila.registry.RegistryFilter/]: [WTHIT] Start filter for minecraft:block
[06Aug2025 14:46:44.659] [Server thread/DEBUG] [mcp.mobius.waila.registry.RegistryFilter/]: [WTHIT] 	Negate: false, Tag      : #waila:extra/energy_blacklist
[06Aug2025 14:46:44.660] [Server thread/DEBUG] [mcp.mobius.waila.registry.RegistryFilter/]: [WTHIT] Finished in 1ms, id: 431733331
[06Aug2025 14:46:44.660] [Server thread/DEBUG] [mcp.mobius.waila.registry.RegistryFilter/]: [WTHIT] Start filter for minecraft:block_entity_type
[06Aug2025 14:46:44.661] [Server thread/DEBUG] [mcp.mobius.waila.registry.RegistryFilter/]: [WTHIT] 	Negate: false, Tag      : #waila:extra/energy_blacklist
[06Aug2025 14:46:44.661] [Server thread/DEBUG] [mcp.mobius.waila.registry.RegistryFilter/]: [WTHIT] Finished in 0ms, id: 1163633331
[06Aug2025 14:46:44.661] [Server thread/DEBUG] [mcp.mobius.waila.registry.RegistryFilter/]: [WTHIT] Start filter for minecraft:entity_type
[06Aug2025 14:46:44.661] [Server thread/DEBUG] [mcp.mobius.waila.registry.RegistryFilter/]: [WTHIT] 	Negate: false, Tag      : #waila:extra/energy_blacklist
[06Aug2025 14:46:44.661] [Server thread/DEBUG] [mcp.mobius.waila.registry.RegistryFilter/]: [WTHIT] Finished in 0ms, id: 1780570299
[06Aug2025 14:46:44.661] [Server thread/DEBUG] [mcp.mobius.waila.registry.RegistryFilter/]: [WTHIT] Start filter for minecraft:block
[06Aug2025 14:46:44.661] [Server thread/DEBUG] [mcp.mobius.waila.registry.RegistryFilter/]: [WTHIT] 	Negate: false, Tag      : #waila:extra/fluid_blacklist
[06Aug2025 14:46:44.661] [Server thread/DEBUG] [mcp.mobius.waila.registry.RegistryFilter/]: [WTHIT] Finished in 0ms, id: 2013194903
[06Aug2025 14:46:44.661] [Server thread/DEBUG] [mcp.mobius.waila.registry.RegistryFilter/]: [WTHIT] Start filter for minecraft:block_entity_type
[06Aug2025 14:46:44.661] [Server thread/DEBUG] [mcp.mobius.waila.registry.RegistryFilter/]: [WTHIT] 	Negate: false, Tag      : #waila:extra/fluid_blacklist
[06Aug2025 14:46:44.661] [Server thread/DEBUG] [mcp.mobius.waila.registry.RegistryFilter/]: [WTHIT] Finished in 0ms, id: 1493759399
[06Aug2025 14:46:44.661] [Server thread/DEBUG] [mcp.mobius.waila.registry.RegistryFilter/]: [WTHIT] Start filter for minecraft:entity_type
[06Aug2025 14:46:44.661] [Server thread/DEBUG] [mcp.mobius.waila.registry.RegistryFilter/]: [WTHIT] 	Negate: false, Tag      : #waila:extra/fluid_blacklist
[06Aug2025 14:46:44.661] [Server thread/DEBUG] [mcp.mobius.waila.registry.RegistryFilter/]: [WTHIT] Finished in 0ms, id: 1916728481
[06Aug2025 14:46:44.661] [Server thread/DEBUG] [mcp.mobius.waila.registry.RegistryFilter/]: [WTHIT] Start filter for minecraft:block
[06Aug2025 14:46:44.661] [Server thread/DEBUG] [mcp.mobius.waila.registry.RegistryFilter/]: [WTHIT] 	Negate: false, Tag      : #waila:extra/progress_blacklist
[06Aug2025 14:46:44.661] [Server thread/DEBUG] [mcp.mobius.waila.registry.RegistryFilter/]: [WTHIT] Finished in 0ms, id: 836849716
[06Aug2025 14:46:44.661] [Server thread/DEBUG] [mcp.mobius.waila.registry.RegistryFilter/]: [WTHIT] Start filter for minecraft:block_entity_type
[06Aug2025 14:46:44.661] [Server thread/DEBUG] [mcp.mobius.waila.registry.RegistryFilter/]: [WTHIT] 	Negate: false, Tag      : #waila:extra/progress_blacklist
[06Aug2025 14:46:44.661] [Server thread/DEBUG] [mcp.mobius.waila.registry.RegistryFilter/]: [WTHIT] Finished in 0ms, id: 1722292903
[06Aug2025 14:46:44.661] [Server thread/DEBUG] [mcp.mobius.waila.registry.RegistryFilter/]: [WTHIT] Start filter for minecraft:entity_type
[06Aug2025 14:46:44.661] [Server thread/DEBUG] [mcp.mobius.waila.registry.RegistryFilter/]: [WTHIT] 	Negate: false, Tag      : #waila:extra/progress_blacklist
[06Aug2025 14:46:44.661] [Server thread/DEBUG] [mcp.mobius.waila.registry.RegistryFilter/]: [WTHIT] Finished in 0ms, id: 599439242
[06Aug2025 14:46:44.662] [Server thread/DEBUG] [mcp.mobius.waila.registry.RegistryFilter/]: [WTHIT] Start filter for minecraft:block
[06Aug2025 14:46:44.662] [Server thread/DEBUG] [mcp.mobius.waila.registry.RegistryFilter/]: [WTHIT] 	Negate: false, Tag      : #waila:extra/item_blacklist
[06Aug2025 14:46:44.662] [Server thread/DEBUG] [mcp.mobius.waila.registry.RegistryFilter/]: [WTHIT] Finished in 0ms, id: 1426807199
[06Aug2025 14:46:44.662] [Server thread/DEBUG] [mcp.mobius.waila.registry.RegistryFilter/]: [WTHIT] Start filter for minecraft:block_entity_type
[06Aug2025 14:46:44.662] [Server thread/DEBUG] [mcp.mobius.waila.registry.RegistryFilter/]: [WTHIT] 	Negate: false, Tag      : #waila:extra/item_blacklist
[06Aug2025 14:46:44.662] [Server thread/DEBUG] [mcp.mobius.waila.registry.RegistryFilter/]: [WTHIT] Finished in 0ms, id: 849956158
[06Aug2025 14:46:44.662] [Server thread/DEBUG] [mcp.mobius.waila.registry.RegistryFilter/]: [WTHIT] Start filter for minecraft:entity_type
[06Aug2025 14:46:44.662] [Server thread/DEBUG] [mcp.mobius.waila.registry.RegistryFilter/]: [WTHIT] 	Negate: false, Tag      : #waila:extra/item_blacklist
[06Aug2025 14:46:44.662] [Server thread/DEBUG] [mcp.mobius.waila.registry.RegistryFilter/]: [WTHIT] Finished in 0ms, id: 1308700308
[06Aug2025 14:47:02.075] [Worker-Main-1/DEBUG] [mixin/]: Mixing world.WorldGenRegionAccessor from the_bumblezone-common.mixins.json into net.minecraft.server.level.WorldGenRegion
[06Aug2025 14:50:46.236] [Server thread/DEBUG] [net.minecraftforge.common.ForgeHooks/WP]: Gathering id map for writing to world save world
[06Aug2025 14:50:46.277] [Server thread/DEBUG] [net.minecraftforge.common.ForgeHooks/WP]: ID Map collection complete world
[06Aug2025 14:53:15.479] [Worker-Main-2/DEBUG] [mixin/]: Mixing JigsawPlacementPlacerMixin from waystones.mixins.json into net.minecraft.world.level.levelgen.structure.pools.JigsawPlacement$Placer
[06Aug2025 14:53:24.078] [Server thread/ERROR] [net.minecraft.Util/]: POI data mismatch: already registered at BlockPos{x=-2578, y=-6, z=921}
[06Aug2025 14:53:24.079] [Server thread/ERROR] [net.minecraft.Util/]: POI data mismatch: already registered at BlockPos{x=-2577, y=-6, z=921}
[06Aug2025 14:53:26.790] [Worker-Main-3/WARN] [net.minecraft.server.level.WorldGenRegion/]: Tried to access a block entity before it was created. BlockPos{x=-2560, y=-45, z=921}
[06Aug2025 14:54:56.094] [Server thread/ERROR] [net.minecraft.Util/]: POI data mismatch: already registered at BlockPos{x=-2400, y=-11, z=997}
[06Aug2025 14:54:56.095] [Server thread/ERROR] [net.minecraft.Util/]: POI data mismatch: already registered at BlockPos{x=-2400, y=-11, z=998}
[06Aug2025 14:55:06.280] [Worker-Main-1/DEBUG] [mixin/]: Mixing BeehiveBlockEntity$BeeDataAccess from wthit.mixins.json into net.minecraft.world.level.block.entity.BeehiveBlockEntity$BeeData
[06Aug2025 14:55:06.280] [Worker-Main-1/DEBUG] [mixin/]: wthit.mixins.json:BeehiveBlockEntity$BeeDataAccess: Class version 61 required is higher than the class version supported by the current version of Mixin (JAVA_16 supports class version 60)
[06Aug2025 14:55:09.762] [Server thread/ERROR] [net.minecraft.Util/]: POI data mismatch: already registered at BlockPos{x=-2268, y=-21, z=998}
[06Aug2025 14:55:09.762] [Server thread/ERROR] [net.minecraft.Util/]: POI data mismatch: already registered at BlockPos{x=-2268, y=-21, z=996}
[06Aug2025 14:55:46.135] [Server thread/DEBUG] [net.minecraftforge.common.ForgeHooks/WP]: Gathering id map for writing to world save world
[06Aug2025 14:55:46.157] [Server thread/DEBUG] [net.minecraftforge.common.ForgeHooks/WP]: ID Map collection complete world
[06Aug2025 14:58:02.334] [Server thread/WARN] [net.minecraft.world.level.entity.PersistentEntitySectionManager/]: UUID of added entity already exists: Drowned['Drowned'/11924, l='ServerLevel[world]', x=-1007.50, y=43.00, z=800.50]
[06Aug2025 15:00:46.118] [Server thread/DEBUG] [net.minecraftforge.common.ForgeHooks/WP]: Gathering id map for writing to world save world
[06Aug2025 15:00:46.138] [Server thread/DEBUG] [net.minecraftforge.common.ForgeHooks/WP]: ID Map collection complete world
